url,dj_name,genre,complete
https://www.1001tracklists.com/tracklist/m72nck1/charlotte-de-witte-reflection-of-love-stage-tomorrowland-winter-france-2026-03-24.html,Charlottedewitte,techno,True
https://www.1001tracklists.com/tracklist/1zxlzxpk/charlotte-de-witte-mainstage-tomorrowland-winter-france-2026-03-24.html,Charlottedewitte,techno,True
https://www.1001tracklists.com/tracklist/25j6sb39/charlotte-de-witte-circuitgrounds-edc-mexico-2026-02-21.html,Charlottedewitte,techno,True
https://www.1001tracklists.com/tracklist/17qk1lck/charlotte-de-witte-sporting-club-vina-del-mar-chile-2026-02-13.html,Charlottedewitte,techno,True
https://www.1001tracklists.com/tracklist/2ndz0bht/charlotte-de-witte-kouter-ghent-belgium-2026-02-06.html,Charlottedewitte,techno,True
https://www.1001tracklists.com/tracklist/1dcgnr0k/charlotte-de-witte-flanders-expo-ghent-belgium-2026-02-06.html,Charlottedewitte,techno,True
https://www.1001tracklists.com/tracklist/tr6jp6t/charlotte-de-witte-enrico-sangiuliano-vac-vision-colour-music-festival-sanya-china-2025-12-31.html,Charlottedewitte,techno,True
https://www.1001tracklists.com/tracklist/1nr5r3lt/charlotte-de-witte-factory-93-1756-naud-st.-los-angeles-united-states-2025-11-08.html,Charlottedewitte,techno,True
https://www.1001tracklists.com/tracklist/14wgsp7k/charlotte-de-witte-the-grid-espacio-riesco-santiago-chile-2025-10-30.html,Charlottedewitte,techno,True
https://www.1001tracklists.com/tracklist/dp4pk69/charlotte-de-witte-piramide-cocorico-riccione-italy-2025-08-16.html,Charlottedewitte,techno,True
https://www.1001tracklists.com/tracklist/2dxj6gpk/charlotte-de-witte-resonance-stage-medusa-sunbeach-festival-spain-2025-08-08.html,Charlottedewitte,techno,True
https://www.1001tracklists.com/tracklist/2wryx1p9/charlotte-de-witte-mainstage-tomorrowland-weekend-1-belgium-2025-07-19.html,Charlottedewitte,techno,True
https://www.1001tracklists.com/tracklist/whmb2s9/charlotte-de-witte-mainstage-daybreak-session-tomorrowland-weekend-1-belgium-2025-07-19.html,Charlottedewitte,techno,True
https://www.1001tracklists.com/tracklist/gjjb3l9/charlotte-de-witte-voyager-stage-kappa-futurfestival-turin-italy-2025-07-06.html,Charlottedewitte,techno,True
https://www.1001tracklists.com/tracklist/1y0dydp1/charlotte-de-witte-temple-stage-neversea-festival-kapital-bucharest-romania-2025-07-04.html,Charlottedewitte,techno,True
https://www.1001tracklists.com/tracklist/17qbgkft/klangkuenstler-marquee-singapore-2026-01-10.html,Klangkuenstler,techno,True
https://www.1001tracklists.com/tracklist/rvkssl9/klangkuenstler-factory-93-halloween-cow-palace-united-states-2025-10-31.html,Klangkuenstler,techno,True
https://www.1001tracklists.com/tracklist/m66z4d9/klangkuenstler-outworld-ziggo-dome-amsterdam-dance-event-netherlands-2025-10-25.html,Klangkuenstler,techno,True
https://www.1001tracklists.com/tracklist/1g5bn3r9/klangkuenstler-yuma-coachella-festival-weekend-2-united-states-2025-04-19.html,Klangkuenstler,techno,True
https://www.1001tracklists.com/tracklist/vjvchh1/klangkuenstler-future.666-secret-rave-berlin-germany-2025-02-04.html,Klangkuenstler,techno,True
https://www.1001tracklists.com/tracklist/tn96y7t/klangkuenstler-outworld-secret-rave-berlin-germany-2024-06-30.html,Klangkuenstler,techno,True
https://www.1001tracklists.com/tracklist/1jwuvm5t/klangkuenstler-neongarden-edc-las-vegas-united-states-2024-05-19.html,Klangkuenstler,techno,True
https://www.1001tracklists.com/tracklist/1g33ss21/klangkuenstler-worldwide-stage-ultra-music-festival-miami-united-states-2024-03-23.html,Klangkuenstler,techno,True
https://www.1001tracklists.com/tracklist/1jv6fc2k/klangkuenstler-unreal-open-air-germany-2023-07-22.html,Klangkuenstler,techno,True
https://www.1001tracklists.com/tracklist/k47hdf9/klangkuenstler-boiler-room-manchester-2022-08-06.html,Klangkuenstler,techno,True
https://www.1001tracklists.com/tracklist/120tw211/klangkuenstler-nico-moreno-symonenko-eternity-daria-kolosova-laboratorium-kyiv-ukraine-2021-09-12.html,Klangkuenstler,techno,True
https://www.1001tracklists.com/tracklist/1xsp5wrt/klangkuenstler-hor-berlin-2021-06-18.html,Klangkuenstler,techno,True
https://www.1001tracklists.com/tracklist/tgcydpk/klangkuenstler-possession-podcast-hash158-2021-02-17.html,Klangkuenstler,techno,True
https://www.1001tracklists.com/tracklist/ql9cf4t/klangkuenstler-stuttgart-electronic-music-festival-germany-2019-12-12.html,Klangkuenstler,techno,True
https://www.1001tracklists.com/tracklist/2hb9872t/klangkuenstler-secret-cinemas-gem-fm-058-2018-06-19.html,Klangkuenstler,techno,True
https://www.1001tracklists.com/tracklist/2t29uxxt/amelie-lens-radio-show-020-2026-04-03.html,Amelielens,techno,True
https://www.1001tracklists.com/tracklist/131s1hs9/amelie-lens-sara-landry-resistance-megastructure-ultra-music-festival-miami-united-states-2026-03-29.html,Amelielens,techno,True
https://www.1001tracklists.com/tracklist/18nf4y3t/amelie-lens-radio-show-019-2026-03-06.html,Amelielens,techno,True
https://www.1001tracklists.com/tracklist/13z7b6wk/amelie-lens-radio-show-018-2026-02-06.html,Amelielens,techno,True
https://www.1001tracklists.com/tracklist/yd805ck/amelie-lens-radio-show-017-2026-01-09.html,Amelielens,techno,True
https://www.1001tracklists.com/tracklist/wjh8um1/amelie-lens-radio-show-016-2025-12-12.html,Amelielens,techno,True
https://www.1001tracklists.com/tracklist/21sgnq3t/amelie-lens-the-magic-of-tomorrowland-huangpu-riverside-shanghai-china-2025-11-23.html,Amelielens,techno,True
https://www.1001tracklists.com/tracklist/qxgg99t/amelie-lens-radio-show-015-2025-11-07.html,Amelielens,techno,True
https://www.1001tracklists.com/tracklist/13yzjybk/amelie-lens-factory-93-halloween-cow-palace-united-states-2025-10-31.html,Amelielens,techno,True
https://www.1001tracklists.com/tracklist/1mt3mdkt/amelie-lens-radio-show-014-2025-10-03.html,Amelielens,techno,True
https://www.1001tracklists.com/tracklist/1h3xugy9/amelie-lens-radio-show-013-2025-09-05.html,Amelielens,techno,True
https://www.1001tracklists.com/tracklist/1luz55rk/amelie-lens-radio-show-012-2025-08-08.html,Amelielens,techno,True
https://www.1001tracklists.com/tracklist/hgh6wp1/anyma-amelie-lens-unvrs-ibiza-spain-2025-08-05.html,Amelielens,techno,True
https://www.1001tracklists.com/tracklist/17p8r2gt/amelie-lens-mainstage-tomorrowland-weekend-2-belgium-2025-07-26.html,Amelielens,techno,True
https://www.1001tracklists.com/tracklist/1jz6dwq9/amelie-lens-radio-show-011-2025-07-10.html,Amelielens,techno,True
https://www.1001tracklists.com/tracklist/1rhn9gfk/amelie-lens-radio-show-010-2025-06-06.html,Amelielens,techno,True
https://www.1001tracklists.com/tracklist/20tj947k/amelie-lens-radio-show-009-2025-05-12.html,Amelielens,techno,True
https://www.1001tracklists.com/tracklist/2s2fzrs9/amelie-lens-yuma-coachella-festival-weekend-2-united-states-2025-04-19.html,Amelielens,techno,True
https://www.1001tracklists.com/tracklist/1rh8771k/amelie-lens-radio-show-008-2025-04-04.html,Amelielens,techno,True
https://www.1001tracklists.com/tracklist/2dwmx2zt/amelie-lens-mainstage-tomorrowland-winter-france-2025-03-19.html,Amelielens,techno,True
https://www.1001tracklists.com/tracklist/1rh49cqk/amelie-lens-radio-show-007-2025-03-14.html,Amelielens,techno,True
https://www.1001tracklists.com/tracklist/um5c019/amelie-lens-neongarden-edc-mexico-2025-02-23.html,Amelielens,techno,True
https://www.1001tracklists.com/tracklist/20szyy8t/amelie-lens-radio-show-006-2025-02-14.html,Amelielens,techno,True
https://www.1001tracklists.com/tracklist/2kkd2g41/charlotte-de-witte-amelie-lens-flanders-expo-gent-belgium-2025-02-01.html,Amelielens,techno,True
https://www.1001tracklists.com/tracklist/cq68ghk/charlotte-de-witte-amelie-lens-flanders-expo-gent-belgium-2025-01-31.html,Amelielens,techno,True
https://www.1001tracklists.com/tracklist/1f6yw7ct/amelie-lens-radio-show-005-2025-01-13.html,Amelielens,techno,True
https://www.1001tracklists.com/tracklist/2dw74pp1/amelie-lens-sunshine-live-mix-mission-2025-01-01.html,Amelielens,techno,True
https://www.1001tracklists.com/tracklist/pxu7t6t/amelie-lens-the-end-of-genesys-sphere-las-vegas-united-states-2024-12-28.html,Amelielens,techno,True
https://www.1001tracklists.com/tracklist/16q3cx9t/amelie-lens-radio-show-004-2024-12-06.html,Amelielens,techno,True
https://www.1001tracklists.com/tracklist/2nb78b1k/amelie-lens-radio-show-003-2024-11-01.html,Amelielens,techno,True
https://www.1001tracklists.com/tracklist/25f78kxk/amelie-lens-radio-show-002-2024-10-04.html,Amelielens,techno,True
https://www.1001tracklists.com/tracklist/jbc1869/amelie-lens-radio-show-001-2024-09-06.html,Amelielens,techno,True
https://www.1001tracklists.com/tracklist/2sywt52k/amelie-lens-exhale-radio-125-final-episode-2024-09-02.html,Amelielens,techno,True
https://www.1001tracklists.com/tracklist/18k4c3v9/amelie-lens-exhale-radio-124-2024-08-26.html,Amelielens,techno,True
https://www.1001tracklists.com/tracklist/n1ghysk/amelie-lens-adam-beyer-exhale-radio-123-2024-08-19.html,Amelielens,techno,True
https://www.1001tracklists.com/tracklist/13w1wmjk/amelie-lens-adam-beyer-exhale-radio-122-2024-08-12.html,Amelielens,techno,True
https://www.1001tracklists.com/tracklist/15rp4xq9/adam-beyer-amelie-lens-drumcode-radio-732-junction-2-festival-london-united-kingdom-2024-07-27-2024-08-12.html,Amelielens,techno,True
https://www.1001tracklists.com/tracklist/25dwxr09/amelie-lens-exhale-radio-121-2024-08-05.html,Amelielens,techno,True
https://www.1001tracklists.com/tracklist/1mqn70l1/amelie-lens-exhale-radio-120-2024-07-29.html,Amelielens,techno,True
https://www.1001tracklists.com/tracklist/2twj4sq1/amelie-lens-dreamville-the-gathering-tomorrowland-weekend-2-belgium-2024-07-25.html,Amelielens,techno,True
https://www.1001tracklists.com/tracklist/cp2uy0t/amelie-lens-exhale-radio-119-2024-07-22.html,Amelielens,techno,True
https://www.1001tracklists.com/tracklist/1d854759/amelie-lens-mainstage-tomorrowland-weekend-1-belgium-2024-07-20.html,Amelielens,techno,True
https://www.1001tracklists.com/tracklist/2wpv9t1t/amelie-lens-exhale-radio-118-2024-07-15.html,Amelielens,techno,True
https://www.1001tracklists.com/tracklist/18jwdkct/amelie-lens-exhale-radio-117-2024-07-08.html,Amelielens,techno,True
https://www.1001tracklists.com/tracklist/1h1gz3w1/amelie-lens-exhale-radio-116-2024-07-01.html,Amelielens,techno,True
https://www.1001tracklists.com/tracklist/rscqk19/amelie-lens-exhale-radio-115-2024-06-24.html,Amelielens,techno,True
https://www.1001tracklists.com/tracklist/18jsqqvk/amelie-lens-exhale-radio-114-2024-06-17.html,Amelielens,techno,True
https://www.1001tracklists.com/tracklist/k7pn2gk/amelie-lens-exhale-radio-113-2024-06-10.html,Amelielens,techno,True
https://www.1001tracklists.com/tracklist/l5g3q3k/amelie-lens-exhale-radio-112-2024-06-03.html,Amelielens,techno,True
https://www.1001tracklists.com/tracklist/gg63p4t/amelie-lens-exhale-radio-111-2024-05-27.html,Amelielens,techno,True
https://www.1001tracklists.com/tracklist/2p749r59/amelie-lens-exhale-radio-110-2024-05-20.html,Amelielens,techno,True
https://www.1001tracklists.com/tracklist/22m1hjx1/amelie-lens-exhale-radio-109-2024-05-13.html,Amelielens,techno,True
https://www.1001tracklists.com/tracklist/tmqlhbk/amelie-lens-exhale-radio-108-2024-05-06.html,Amelielens,techno,True
https://www.1001tracklists.com/tracklist/11zwd5xt/amelie-lens-exhale-radio-107-2024-04-29.html,Amelielens,techno,True
https://www.1001tracklists.com/tracklist/23jrr4v9/amelie-lens-exhale-radio-106-2024-04-22.html,Amelielens,techno,True
https://www.1001tracklists.com/tracklist/1nmvmy2k/amelie-lens-exhale-radio-105-2024-04-15.html,Amelielens,techno,True
https://www.1001tracklists.com/tracklist/11zswyck/amelie-lens-exhale-radio-104-2024-04-08.html,Amelielens,techno,True
https://www.1001tracklists.com/tracklist/1h0yjt39/amelie-lens-exhale-radio-103-2024-03-29.html,Amelielens,techno,True
https://www.1001tracklists.com/tracklist/2vrft2bt/amelie-lens-resistance-megastructure-ultra-music-festival-miami-united-states-2024-03-23.html,Amelielens,techno,True
https://www.1001tracklists.com/tracklist/1hyng9tt/amelie-lens-exhale-radio-100-2024-03-08.html,Amelielens,techno,True
https://www.1001tracklists.com/tracklist/y808hb1/amelie-lens-exhale-radio-090-community-selects-2024-01-01.html,Amelielens,techno,True
https://www.1001tracklists.com/tracklist/pvn9n3t/amelie-lens-exhale-radio-086-2023-12-04.html,Amelielens,techno,True
https://www.1001tracklists.com/tracklist/m264gm9/amelie-lens-exhale-radio-085-2023-11-27.html,Amelielens,techno,True
https://www.1001tracklists.com/tracklist/hby8z4t/amelie-lens-exhale-radio-084-2023-11-20.html,Amelielens,techno,True
https://www.1001tracklists.com/tracklist/1t8091n1/amelie-lens-exhale-radio-083-2023-11-13.html,Amelielens,techno,True
https://www.1001tracklists.com/tracklist/2b0f77z1/amelie-lens-exhale-radio-082-2023-11-06.html,Amelielens,techno,True
https://www.1001tracklists.com/tracklist/k6furd9/amelie-lens-exhale-radio-081-2023-10-30.html,Amelielens,techno,True
https://www.1001tracklists.com/tracklist/1yuqqkq1/amelie-lens-exhale-radio-080-2023-10-23.html,Amelielens,techno,True
https://www.1001tracklists.com/tracklist/1qgf4t99/amelie-lens-exhale-radio-078-2023-10-09.html,Amelielens,techno,True
https://www.1001tracklists.com/tracklist/22ktmfy9/amelie-lens-exhale-radio-077-2023-10-02.html,Amelielens,techno,True
https://www.1001tracklists.com/tracklist/x9mwfg9/amelie-lens-exhale-radio-075-2023-09-18.html,Amelielens,techno,True
https://www.1001tracklists.com/tracklist/1d6fdyqt/amelie-lens-exhale-radio-074-2023-09-11.html,Amelielens,techno,True
https://www.1001tracklists.com/tracklist/m1pz9st/amelie-lens-exhale-radio-072-2023-08-28.html,Amelielens,techno,True
https://www.1001tracklists.com/tracklist/2fr6dpft/amelie-lens-exhale-radio-071-2023-08-21.html,Amelielens,techno,True
https://www.1001tracklists.com/tracklist/2dtbk3pk/amelie-lens-exhale-radio-069-2023-08-07.html,Amelielens,techno,True
https://www.1001tracklists.com/tracklist/2swtrd19/amelie-lens-galaxy-stage-untold-festival-romania-2023-08-03.html,Amelielens,techno,True
https://www.1001tracklists.com/tracklist/cm42w6t/amelie-lens-exhale-radio-068-2023-07-31.html,Amelielens,techno,True
https://www.1001tracklists.com/tracklist/1xwf0pn9/amelie-lens-mainstage-tomorrowland-weekend-1-belgium-2023-07-21.html,Amelielens,techno,True
https://www.1001tracklists.com/tracklist/22kdsjk1/amelie-lens-exhale-radio-066-2023-07-17.html,Amelielens,techno,True
https://www.1001tracklists.com/tracklist/1qfyff9t/amelie-lens-tomorrowland-friendship-mix-2023-07-13.html,Amelielens,techno,True
https://www.1001tracklists.com/tracklist/2vq0uytt/amelie-lens-exhale-radio-065-2023-07-10.html,Amelielens,techno,True
https://www.1001tracklists.com/tracklist/gddq79k/amelie-lens-exhale-radio-064-2023-07-03.html,Amelielens,techno,True
https://www.1001tracklists.com/tracklist/13tu17g1/amelie-lens-exhale-radio-063-2023-06-26.html,Amelielens,techno,True
https://www.1001tracklists.com/tracklist/2gnnsftt/amelie-lens-exhale-radio-061-2023-06-12.html,Amelielens,techno,True
https://www.1001tracklists.com/tracklist/mz23tw1/amelie-lens-exhale-radio-060-2023-06-05.html,Amelielens,techno,True
https://www.1001tracklists.com/tracklist/y6vjdkk/amelie-lens-exhale-radio-059-2023-05-29.html,Amelielens,techno,True
https://www.1001tracklists.com/tracklist/bnzc9lt/amelie-lens-exhale-radio-058-2023-05-22.html,Amelielens,techno,True
https://www.1001tracklists.com/tracklist/x8yyptt/amelie-lens-exhale-radio-056-2023-05-08.html,Amelielens,techno,True
https://www.1001tracklists.com/tracklist/h9wtxqt/amelie-lens-exhale-radio-055-2023-05-01.html,Amelielens,techno,True
https://www.1001tracklists.com/tracklist/vf98ck1/amelie-lens-exhale-radio-054-2023-04-24.html,Amelielens,techno,True
https://www.1001tracklists.com/tracklist/1hww3u3t/amelie-lens-exhale-radio-052-2023-04-10.html,Amelielens,techno,True
https://www.1001tracklists.com/tracklist/283qu0r1/amelie-lens-exhale-radio-051-2023-04-03.html,Amelielens,techno,True
https://www.1001tracklists.com/tracklist/24dh32st/amelie-lens-exhale-radio-050-2023-03-27.html,Amelielens,techno,True
https://www.1001tracklists.com/tracklist/2ttx45y9/amelie-lens-mainstage-tomorrowland-winter-france-2023-03-24.html,Amelielens,techno,True
https://www.1001tracklists.com/tracklist/tkjw389/amelie-lens-exhale-radio-049-2023-03-20.html,Amelielens,techno,True
https://www.1001tracklists.com/tracklist/2q2mg0l1/amelie-lens-exhale-radio-047-2023-03-06.html,Amelielens,techno,True
https://www.1001tracklists.com/tracklist/2fqcbkmk/amelie-lens-exhale-radio-046-2023-02-27.html,Amelielens,techno,True
https://www.1001tracklists.com/tracklist/1lq0sjh1/amelie-lens-exhale-radio-044-2023-02-13.html,Amelielens,techno,True
https://www.1001tracklists.com/tracklist/1g0zxx8k/amelie-lens-exhale-radio-043-2023-02-06.html,Amelielens,techno,True
https://www.1001tracklists.com/tracklist/2lc9j9z1/amelie-lens-exhale-radio-042-2023-01-30.html,Amelielens,techno,True
https://www.1001tracklists.com/tracklist/23gdfhh9/amelie-lens-tomorrowland-adscendo-a-digital-introduction-belgium-2023-01-28.html,Amelielens,techno,True
https://www.1001tracklists.com/tracklist/2hkwhpdt/amelie-lens-exhale-radio-040-2023-01-16.html,Amelielens,techno,True
https://www.1001tracklists.com/tracklist/13t5jlrt/amelie-lens-exhale-radio-039-2023-01-09.html,Amelielens,techno,True
https://www.1001tracklists.com/tracklist/2q2j6tuk/amelie-lens-exhale-radio-038-2023-01-02.html,Amelielens,techno,True
https://www.1001tracklists.com/tracklist/9qqxgt1/amelie-lens-exhale-radio-036-2022-12-19.html,Amelielens,techno,True
https://www.1001tracklists.com/tracklist/gcr9g6t/amelie-lens-exhale-radio-035-2022-12-12.html,Amelielens,techno,True
https://www.1001tracklists.com/tracklist/z7bb2xk/amelie-lens-global-underground-hash44-antwerp-2022-12-09.html,Amelielens,techno,True
https://www.1001tracklists.com/tracklist/tk10xsk/amelie-lens-exhale-radio-034-2022-12-05.html,Amelielens,techno,True
https://www.1001tracklists.com/tracklist/x8l2u3t/amelie-lens-exhale-radio-032-2022-11-21.html,Amelielens,techno,True
https://www.1001tracklists.com/tracklist/2bww45m1/amelie-lens-exhale-radio-031-2022-11-14.html,Amelielens,techno,True
https://www.1001tracklists.com/tracklist/14qzhj29/amelie-lens-exhale-radio-030-2022-11-07.html,Amelielens,techno,True
https://www.1001tracklists.com/tracklist/j7bnv0t/amelie-lens-exhale-radio-028-2022-10-24.html,Amelielens,techno,True
https://www.1001tracklists.com/tracklist/25b22uj1/amelie-lens-exhale-radio-027-2022-10-17.html,Amelielens,techno,True
https://www.1001tracklists.com/tracklist/gc4mr89/amelie-lens-exhale-radio-026-2022-10-10.html,Amelielens,techno,True
https://www.1001tracklists.com/tracklist/2q2j7k8k/amelie-lens-exhale-radio-024-2022-09-26.html,Amelielens,techno,True
https://www.1001tracklists.com/tracklist/m0rpz71/amelie-lens-exhale-radio-023-2022-09-19.html,Amelielens,techno,True
https://www.1001tracklists.com/tracklist/1g107sq9/amelie-lens-exhale-radio-022-2022-09-12.html,Amelielens,techno,True
https://www.1001tracklists.com/tracklist/2ry3m5wk/amelie-lens-exhale-radio-021-2022-09-05.html,Amelielens,techno,True
https://www.1001tracklists.com/tracklist/tkcf3nt/amelie-lens-exhale-radio-020-2022-08-29.html,Amelielens,techno,True
https://www.1001tracklists.com/tracklist/267vsxm9/amelie-lens-exhale-radio-018-2022-08-15.html,Amelielens,techno,True
https://www.1001tracklists.com/tracklist/101z482k/amelie-lens-exhale-radio-017-2022-08-08.html,Amelielens,techno,True
https://www.1001tracklists.com/tracklist/21lvf411/amelie-lens-exhale-radio-016-2022-08-01.html,Amelielens,techno,True
https://www.1001tracklists.com/tracklist/1wwvw49t/amelie-lens-area-w-awakenings-festival-netherlands-2022-07-31.html,Amelielens,techno,True
https://www.1001tracklists.com/tracklist/15mtphf1/amelie-lens-atmosphere-stage-tomorrowland-weekend-3-belgium-2022-07-29.html,Amelielens,techno,True
https://www.1001tracklists.com/tracklist/vdysgj9/amelie-lens-exhale-radio-015-2022-07-25.html,Amelielens,techno,True
https://www.1001tracklists.com/tracklist/k54c3zk/amelie-lens-exhale-radio-014-2022-07-18.html,Amelielens,techno,True
https://www.1001tracklists.com/tracklist/1c7m7cy1/amelie-lens-exhale-radio-013-2022-07-11.html,Amelielens,techno,True
https://www.1001tracklists.com/tracklist/qrt488k/amelie-lens-farrago-exhale-radio-012-2022-07-04.html,Amelielens,techno,True
https://www.1001tracklists.com/tracklist/1zq28tpk/amelie-lens-exhale-radio-011-2022-06-27.html,Amelielens,techno,True
https://www.1001tracklists.com/tracklist/1kqzyqpt/amelie-lens-exhale-radio-010-2022-06-20.html,Amelielens,techno,True
https://www.1001tracklists.com/tracklist/rplttt9/amelie-lens-exhale-radio-009-2022-06-13.html,Amelielens,techno,True
https://www.1001tracklists.com/tracklist/1yt940ut/amelie-lens-exhale-radio-008-2022-06-06.html,Amelielens,techno,True
https://www.1001tracklists.com/tracklist/1g0uzkw9/amelie-lens-exhale-radio-007-2022-05-30.html,Amelielens,techno,True
https://www.1001tracklists.com/tracklist/2fq3x4xt/amelie-lens-exhale-radio-006-2022-05-23.html,Amelielens,techno,True
https://www.1001tracklists.com/tracklist/1vzw34gk/amelie-lens-exhale-radio-005-2022-05-16.html,Amelielens,techno,True
https://www.1001tracklists.com/tracklist/mx3zc0k/amelie-lens-cercle-festival-musee-de-lair-et-de-lespace-france-2022-05-14.html,Amelielens,techno,True
https://www.1001tracklists.com/tracklist/1d46xwm9/amelie-lens-exhale-radio-004-2022-05-09.html,Amelielens,techno,True
https://www.1001tracklists.com/tracklist/2902t89k/amelie-lens-exhale-radio-003-2022-05-02.html,Amelielens,techno,True
https://www.1001tracklists.com/tracklist/qqs3359/amelie-lens-exhale-radio-002-2022-04-25.html,Amelielens,techno,True
https://www.1001tracklists.com/tracklist/rn6r461/amelie-lens-exhale-radio-001-2022-04-22.html,Amelielens,techno,True
https://www.1001tracklists.com/tracklist/2n56pgq1/amelie-lens-resistance-stage-ultra-music-festival-miami-united-states-2022-03-27.html,Amelielens,techno,True
https://www.1001tracklists.com/tracklist/1w097lkt/amelie-lens-all-night-long-exhale-antwerp-belgium-2022-03-19.html,Amelielens,techno,True
https://www.1001tracklists.com/tracklist/h71xq7k/amelie-lens-neongarden-edc-orlando-united-states-2021-11-14.html,Amelielens,techno,True
https://www.1001tracklists.com/tracklist/ntw1u69/amelie-lens-studio-brussel-residency-05-2021-11-05.html,Amelielens,techno,True
https://www.1001tracklists.com/tracklist/1t41wvl1/amelie-lens-europes-biggest-dance-show-studio-brussel-2021-10-29.html,Amelielens,techno,True
https://www.1001tracklists.com/tracklist/9n4s621/amelie-lens-studio-brussel-residency-03-2021-10-22.html,Amelielens,techno,True
https://www.1001tracklists.com/tracklist/fc9q0g9/amelie-lens-studio-brussel-residency-02-2021-10-17.html,Amelielens,techno,True
https://www.1001tracklists.com/tracklist/w82q59k/amelie-lens-studio-brussel-residency-01-2021-10-10.html,Amelielens,techno,True
https://www.1001tracklists.com/tracklist/zz5ydut/amelie-lens-distrikt-4-extrema-outdoor-belgium-2021-09-19.html,Amelielens,techno,True
https://www.1001tracklists.com/tracklist/19933c11/amelie-lens-steel-yard-creamfields-uk-united-kingdom-2021-08-28.html,Amelielens,techno,True
https://www.1001tracklists.com/tracklist/272sh929/amelie-lens-the-terrace-junction-2-festival-inner-city-united-kingdom-beatport-live-2021-08-28.html,Amelielens,techno,True
https://www.1001tracklists.com/tracklist/zz0jp8k/amelie-lens-bbc-radio-1-residency-2021-08-16.html,Amelielens,techno,True
https://www.1001tracklists.com/tracklist/23cht24t/amelie-lens-atomium-open-air-arena5-brussels-belgium-2021-08-14.html,Amelielens,techno,True
https://www.1001tracklists.com/tracklist/272kwuq9/amelie-lens-bbc-radio-1-residency-2021-07-19.html,Amelielens,techno,True
https://www.1001tracklists.com/tracklist/qnulh29/amelie-lens-core-stage-tomorrowland-around-the-world-2021-07-17.html,Amelielens,techno,True
https://www.1001tracklists.com/tracklist/1nggu3z9/amelie-lens-mts-dance-arena-exit-festival-serbia-2021-07-08.html,Amelielens,techno,True
https://www.1001tracklists.com/tracklist/z0wpsmk/amelie-lens-bbc-radio-1-residency-2021-06-21.html,Amelielens,techno,True
https://www.1001tracklists.com/tracklist/10wf1279/amelie-lens-hugo-x-smiley-instagram-live-2021-06-04.html,Amelielens,techno,True
https://www.1001tracklists.com/tracklist/28xunjf9/amelie-lens-bbc-radio-1-residency-2021-05-24.html,Amelielens,techno,True
https://www.1001tracklists.com/tracklist/1s58qxhk/amelie-lens-circoloco-radio-188-2021-05-03.html,Amelielens,techno,True
https://www.1001tracklists.com/tracklist/1uyn92s1/amelie-lens-bbc-radio-1-residency-2021-04-26.html,Amelielens,techno,True
https://www.1001tracklists.com/tracklist/1c3rhsx1/amelie-lens-bbc-radio-1-residency-2021-03-15.html,Amelielens,techno,True
https://www.1001tracklists.com/tracklist/2pykl2bk/amelie-lens-beatport-live-exhale-together-belgium-2021-02-28.html,Amelielens,techno,True
https://www.1001tracklists.com/tracklist/11tk2yy1/amelie-lens-bbc-radio-1-residency-2021-02-15.html,Amelielens,techno,True
https://www.1001tracklists.com/tracklist/13nyxbqt/amelie-lens-bbc-radio-1-residency-2021-01-18.html,Amelielens,techno,True
https://www.1001tracklists.com/tracklist/1nfbhhw1/amelie-lens-nye-livestream-kompass-klub-gent-belgium-2020-12-31.html,Amelielens,techno,True
https://www.1001tracklists.com/tracklist/2bsjxwhk/amelie-lens-bbc-radio-1-residency-2020-12-21.html,Amelielens,techno,True
https://www.1001tracklists.com/tracklist/28ws0jck/amelie-lens-bbc-radio-1-residency-2020-11-16.html,Amelielens,techno,True
https://www.1001tracklists.com/tracklist/10v3kguk/amelie-lens-bbc-radio-1-residency-2020-10-19.html,Amelielens,techno,True
https://www.1001tracklists.com/tracklist/1mh26cgt/amelie-lens-vinyl-stream-belgium-2020-10-01.html,Amelielens,techno,True
https://www.1001tracklists.com/tracklist/2n231c51/amelie-lens-bbc-radio-1-residency-2020-09-21.html,Amelielens,techno,True
https://www.1001tracklists.com/tracklist/2wg5xmjt/amelie-lens-beatport-live-higher-ep-launch-antwerp-belgium-2020-08-21.html,Amelielens,techno,True
https://www.1001tracklists.com/tracklist/2sqvtcy9/amelie-lens-atmosphere-stage-tomorrowland-around-the-world-2020-07-26.html,Amelielens,techno,True
https://www.1001tracklists.com/tracklist/mtd6fq9/amelie-lens-awakenings-festival-online-weekender-gashouder-amsterdam-netherlands-2020-06-27.html,Amelielens,techno,True
https://www.1001tracklists.com/tracklist/15hkd1z9/amelie-lens-the-kueymo-and-sushiboy-show-222-2020-06-13.html,Amelielens,techno,True
https://www.1001tracklists.com/tracklist/1wsbpdzt/amelie-lens-possession-podcast-085-2020-04-17.html,Amelielens,techno,True
https://www.1001tracklists.com/tracklist/1r5g7kp1/amelie-lens-bbc-radio-1-essential-mix-four-hour-special-2020-04-03.html,Amelielens,techno,True
https://www.1001tracklists.com/tracklist/2sqb5wq9/amelie-lens-lockdown-session-at-home-belgium-2020-04-02.html,Amelielens,techno,True
https://www.1001tracklists.com/tracklist/2546tz0k/amelie-lens-studio-brussel-the-tunnel-2020-01-13.html,Amelielens,techno,True
https://www.1001tracklists.com/tracklist/2dlhnuyk/amelie-lens-fabric-presents-amelie-lens-2019-11-22.html,Amelielens,techno,True
https://www.1001tracklists.com/tracklist/1mfk7ksk/amelie-lens-opera-stage-mainstage-street-parade-zurich-switzerland-arte.tv-2019-08-10.html,Amelielens,techno,True
https://www.1001tracklists.com/tracklist/2tmm0p09/amelie-lens-resonance-stage-medusa-sunbeach-festival-spain-2019-08-09.html,Amelielens,techno,True
https://www.1001tracklists.com/tracklist/u8tyxyt/amelie-lens-mainstage-tomorrowland-weekend-1-belgium-2019-07-19.html,Amelielens,techno,True
https://www.1001tracklists.com/tracklist/13lubw1t/amelie-lens-atomium-brussels-belgium-cercle-2019-07-15.html,Amelielens,techno,True
https://www.1001tracklists.com/tracklist/26zzb869/amelie-lens-mts-dance-arena-exit-festival-serbia-2019-07-06.html,Amelielens,techno,True
https://www.1001tracklists.com/tracklist/22b8611t/amelie-lens-area-y-awakenings-festival-netherlands-2019-06-30.html,Amelielens,techno,True
https://www.1001tracklists.com/tracklist/245r9q3t/amelie-lens-tomorrowland-one-world-radio-15-years-mix-2019-05-14.html,Amelielens,techno,True
https://www.1001tracklists.com/tracklist/1jmtxn2t/amelie-lens-mojave-tent-coachella-festival-weekend-2-united-states-2019-04-19.html,Amelielens,techno,True
https://www.1001tracklists.com/tracklist/kw917s9/amelie-lens-floor-1-time-warp-germany-2019-04-06.html,Amelielens,techno,True
https://www.1001tracklists.com/tracklist/26z1g7fk/amelie-lens-tomorrowland-one-world-radio-international-womens-day-mix-2019-03-08.html,Amelielens,techno,True
https://www.1001tracklists.com/tracklist/20g7hr3k/amelie-lens-triple-j-mix-up-2019-02-16.html,Amelielens,techno,True
https://www.1001tracklists.com/tracklist/1nbsv271/amelie-lens-studio-brussel-the-tunnel-2019-02-07.html,Amelielens,techno,True
https://www.1001tracklists.com/tracklist/2fh26mut/amelie-lens-mixmag-the-cover-mix-2018-10-15.html,Amelielens,techno,True
https://www.1001tracklists.com/tracklist/xytuy1t/amelie-lens-area-v-awakenings-festival-netherlands-2018-07-01.html,Amelielens,techno,True
https://www.1001tracklists.com/tracklist/x390j7k/amelie-lens-nuits-sonores-france-arte.tv-2018-05-12.html,Amelielens,techno,True
https://www.1001tracklists.com/tracklist/2m9bycnk/amelie-lens-labyrinth-club-hasselt-netherlands-2017-09-16.html,Amelielens,techno,True
https://www.1001tracklists.com/tracklist/2h9fgz11/amelie-lens-drumcode-stage-tomorrowland-weekend-1-belgium-2017-07-21.html,Amelielens,techno,True
https://www.1001tracklists.com/tracklist/14gg1pxt/amelie-lens-area-y-awakenings-festival-netherlands-be-at-tv-2017-06-24.html,Amelielens,techno,True
https://www.1001tracklists.com/tracklist/bdkmcx1/amelie-lens-laplage-de-glazart-france-cercle-2017-06-05.html,Amelielens,techno,True
https://www.1001tracklists.com/tracklist/1v8qdhp9/sara-landry-pepsi-center-wtc-mexico-city-mexico-2026-04-09.html,Saralandry,techno,True
https://www.1001tracklists.com/tracklist/1ns1mdb9/sara-landry-respira-festival-espacio-riesco-santiago-chile-2026-04-04.html,Saralandry,techno,True
https://www.1001tracklists.com/tracklist/2hs82yp1/sara-landry-resistance-the-cove-ultra-music-festival-miami-united-states-2026-03-27.html,Saralandry,techno,True
https://www.1001tracklists.com/tracklist/9wl1851/sara-landry-grand-palace-decadence-arizona-the-portal-of-illusions-united-states-2025-12-30.html,Saralandry,techno,True
https://www.1001tracklists.com/tracklist/tr622f9/sara-landry-metroplex-lights-all-night-united-states-2025-12-30.html,Saralandry,techno,True
https://www.1001tracklists.com/tracklist/1j2dtrwt/sara-landry-mainstage-sunburn-festival-india-2025-12-19.html,Saralandry,techno,True
https://www.1001tracklists.com/tracklist/21sp1349/sara-landry-eternalism-sidney-myer-music-bowl-melbourne-australia-2025-12-05.html,Saralandry,techno,True
https://www.1001tracklists.com/tracklist/2mgwumzk/sara-landry-night-2-eternalism-palace-of-fine-arts-san-francisco-united-states-2025-11-29.html,Saralandry,techno,True
https://www.1001tracklists.com/tracklist/kbxxv1k/sara-landry-night-1-eternalism-palace-of-fine-arts-san-francisco-united-states-2025-11-28.html,Saralandry,techno,True
https://www.1001tracklists.com/tracklist/1v7pj1xt/sara-landry-amsterdam-music-festival-johan-cruijff-arena-amsterdam-dance-event-netherlands-2025-10-25.html,Saralandry,techno,True
https://www.1001tracklists.com/tracklist/22q2qgqt/sara-landry-st.-olofskapel-amsterdam-dance-event-netherlands-beatport-live-2025-10-24.html,Saralandry,techno,True
https://www.1001tracklists.com/tracklist/2d029hxt/sara-landry-unity-sphere-las-vegas-united-states-2025-10-17.html,Saralandry,techno,True
https://www.1001tracklists.com/tracklist/2ljkd2gk/sara-landry-youtopia-invites-arzenal-budapest-hungary-2025-09-19.html,Saralandry,techno,True
https://www.1001tracklists.com/tracklist/2klkgv91/sara-landry-steel-yard-creamfields-north-united-kingdom-2025-08-23.html,Saralandry,techno,True
https://www.1001tracklists.com/tracklist/1yyczq8t/sara-landry-harder-stage-hard-summer-festival-united-states-2025-08-02.html,Saralandry,techno,True
https://www.1001tracklists.com/tracklist/2966htp9/sara-landry-eternalism-the-junkyard-denver-united-states-2025-08-01.html,Saralandry,techno,True
https://www.1001tracklists.com/tracklist/29654749/sara-landry-freedom-stage-tomorrowland-weekend-2-belgium-2025-07-27.html,Saralandry,techno,True
https://www.1001tracklists.com/tracklist/2ncs0251/sara-landry-freedom-stage-tomorrowland-weekend-1-belgium-2025-07-20.html,Saralandry,techno,True
https://www.1001tracklists.com/tracklist/p14y6s9/sara-landry-indira-paganotto-dance-arena-exit-festival-serbia-2025-07-13.html,Saralandry,techno,True
https://www.1001tracklists.com/tracklist/m5kklw9/sara-landry-mts-dance-arena-exit-festival-serbia-2025-07-13.html,Saralandry,techno,True
https://www.1001tracklists.com/tracklist/21rwrx0k/sara-landry-area-v-awakenings-festival-netherlands-2025-07-11.html,Saralandry,techno,True
https://www.1001tracklists.com/tracklist/1sfk2qd1/sara-landry-tripolee-stage-electric-forest-festival-united-states-2025-06-19.html,Saralandry,techno,True
https://www.1001tracklists.com/tracklist/tq07m21/vintage-culture-sara-landry-joris-voorn-after-run-club-brazil-2025-06-09.html,Saralandry,techno,True
https://www.1001tracklists.com/tracklist/1db0dvkk/sara-landry-nsd-mainstage-so-track-boa-festival-sao-paulo-brazil-2025-06-07.html,Saralandry,techno,True
https://www.1001tracklists.com/tracklist/1pn123ht/sara-landry-espacio-riesco-santiago-chile-2025-06-06.html,Saralandry,techno,True
https://www.1001tracklists.com/tracklist/2mfsnkdk/sara-landry-club-space-miami-united-states-2025-05-23.html,Saralandry,techno,True
https://www.1001tracklists.com/tracklist/1y041dk9/sara-landry-kineticfield-edc-las-vegas-united-states-2025-05-16.html,Saralandry,techno,True
https://www.1001tracklists.com/tracklist/1zvl7wzk/sara-landry-sahara-coachella-festival-weekend-2-united-states-2025-04-18.html,Saralandry,techno,True
https://www.1001tracklists.com/tracklist/sruh0st/sara-landry-sahara-coachella-festival-weekend-1-united-states-2025-04-11.html,Saralandry,techno,True
https://www.1001tracklists.com/tracklist/287gvhh9/sara-landry-circuitgrounds-edc-mexico-2025-02-21.html,Saralandry,techno,True
https://www.1001tracklists.com/tracklist/1v5skvpt/sara-landry-one-universe-festival-presents-seoul-south-korea-2024-12-07.html,Saralandry,techno,True
https://www.1001tracklists.com/tracklist/cpv5f51/sara-landry-808-festival-thailand-2024-12-06.html,Saralandry,techno,True
https://www.1001tracklists.com/tracklist/120zlmuk/sara-landry-veni-vidi-vici-tour-fillmore-auditorium-denver-united-states-2024-11-08.html,Saralandry,techno,True
https://www.1001tracklists.com/tracklist/1v6j0xvk/sara-landry-iii-points-music-festival-united-states-2024-10-19.html,Saralandry,techno,True
https://www.1001tracklists.com/tracklist/2hp68gw1/richard-vission-sara-landry-powertools-mixshow-2024-10-14.html,Saralandry,techno,True
https://www.1001tracklists.com/tracklist/jbg9g5t/sara-landry-factory93-x-hekate-516-s-anderson-st.-united-states-2024-08-31.html,Saralandry,techno,True
https://www.1001tracklists.com/tracklist/24h1wwr1/sara-landry-mainstage-tomorrowland-weekend-2-belgium-2024-07-27.html,Saralandry,techno,True
https://www.1001tracklists.com/tracklist/2s11dqr1/sara-landry-verknipt-arena-johan-cruijff-arena-amsterdam-netherlands-2024-07-20.html,Saralandry,techno,True
https://www.1001tracklists.com/tracklist/sq3wrx9/sara-landry-radio-1s-essential-mix-2024-06-15.html,Saralandry,techno,True
https://www.1001tracklists.com/tracklist/12xtq149/sara-landry-circuitgrounds-edc-las-vegas-united-states-2024-05-19.html,Saralandry,techno,True
https://www.1001tracklists.com/tracklist/wfnk6lk/sara-landry-terminal-v-festival-the-royal-highland-centre-edinburgh-united-kingdom-2024-04-14.html,Saralandry,techno,True
https://www.1001tracklists.com/tracklist/23jl6qct/sara-landry-the-looking-glass-beyond-wonderland-nos-events-center-san-bernardino-united-states-2024-03-22.html,Saralandry,techno,True
https://www.1001tracklists.com/tracklist/2r2m10r1/sara-landry-knockdown-center-new-york-united-states-2024-03-15.html,Saralandry,techno,True
https://www.1001tracklists.com/tracklist/1t8mndyt/sara-landry-neongarden-edc-mexico-2024-02-24.html,Saralandry,techno,True
https://www.1001tracklists.com/tracklist/2p6hh251/sara-landry-awakenings-podcast-s288-2024-01-27.html,Saralandry,techno,True
https://www.1001tracklists.com/tracklist/1zsu8m4k/sara-landry-apple-music-mixes-nye-2024-dj-mix-2023-12-20.html,Saralandry,techno,True
https://www.1001tracklists.com/tracklist/2b1yll1t/sara-landry-time-warp-us-brooklyn-navy-yard-nyc-united-states-2023-11-17.html,Saralandry,techno,True
https://www.1001tracklists.com/tracklist/13w1xwk1/sara-landry-seismic-dance-event-united-states-2023-11-11.html,Saralandry,techno,True
https://www.1001tracklists.com/tracklist/2sxgbhut/sara-landry-verknipt-afas-live-amsterdam-dance-event-netherlands-2023-10-22.html,Saralandry,techno,True
https://www.1001tracklists.com/tracklist/x9hpj21/sara-landry-boiler-room-teletech-festival-united-kingdom-2023-08-05-2023-08-05.html,Saralandry,techno,True
https://www.1001tracklists.com/tracklist/2ft8fgtt/sara-landry-movement-electronic-music-festival-detroit-united-states-2023-04-23.html,Saralandry,techno,True
https://www.1001tracklists.com/tracklist/x8qc8bk/sara-landry-verknipt-festival-indoor-netherlands-2023-02-04.html,Saralandry,techno,True
https://www.1001tracklists.com/tracklist/1s7vy81k/sara-landry-ponton-stage-verknipt-festival-netherlands-2022-06-11.html,Saralandry,techno,True
https://www.1001tracklists.com/tracklist/w9l755k/sara-landry-terminal-v-podcast-050-2022-06-08.html,Saralandry,techno,True
https://www.1001tracklists.com/tracklist/1t7wwts9/sara-landry-techno-germany-podcast-033-2022-01-02.html,Saralandry,techno,True
https://www.1001tracklists.com/tracklist/1w0sbrht/sara-landry-def-the-boiler-united-states-2021-08-08.html,Saralandry,techno,True
https://www.1001tracklists.com/tracklist/2p11blu9/sara-landry-dj-mag-live-set-from-a-secret-location-2021-04-15.html,Saralandry,techno,True
https://www.1001tracklists.com/tracklist/2pxg79s9/sara-landry-techno-cave-podcast-040-2020-07-06.html,Saralandry,techno,True
https://www.1001tracklists.com/tracklist/1ndnlu01/sara-landry-magnetic-mix-100-2020-05-26.html,Saralandry,techno,True
https://www.1001tracklists.com/tracklist/188t6l4k/sara-landry-upper-echelon-2020-05-06.html,Saralandry,techno,True
https://www.1001tracklists.com/tracklist/1ymc4tpt/sara-landry-octopus-podcast-334-2019-10-01.html,Saralandry,techno,True
https://www.1001tracklists.com/tracklist/qk1uvbk/sara-landry-for-lack-of-a-better-radio-038-2019-01-24.html,Saralandry,techno,True
https://www.1001tracklists.com/tracklist/108c01tk/holy-priest-worldwide-stage-ultra-music-festival-miami-united-states-2026-03-29.html,Holypriest,techno,True
https://www.1001tracklists.com/tracklist/1j2scupk/holy-priest-wasteland-edc-mexico-2026-02-22.html,Holypriest,techno,True
https://www.1001tracklists.com/tracklist/20v3j3j1/holy-priest-dreamstate-sydney-showground-australia-2026-02-07.html,Holypriest,techno,True
https://www.1001tracklists.com/tracklist/ydbvl59/holy-priest-stromwerk-dresden-germany-2026-01-23.html,Holypriest,techno,True
https://www.1001tracklists.com/tracklist/107bvtj1/holy-priest-respira-festival-chile-2025-10-10.html,Holypriest,techno,True
https://www.1001tracklists.com/tracklist/2r5lmtlk/holy-priest-teletech-arena-creamfields-united-kingdom-2025-08-24.html,Holypriest,techno,True
https://www.1001tracklists.com/tracklist/1pny7vd1/holy-priest-desert-valley-stage-parookaville-germany-2025-07-17.html,Holypriest,techno,True
https://www.1001tracklists.com/tracklist/1pn6vf5t/holy-priest-rave-rebels-belgium-2025-04-11.html,Holypriest,techno,True
https://www.1001tracklists.com/tracklist/fkwlph9/holy-priest-epic-club-prague-czech-republic-2025-02-14.html,Holypriest,techno,True
https://www.1001tracklists.com/tracklist/vju9gm9/holy-priest-ministry-of-fun-banska-bystrica-slovakia-2024-11-02.html,Holypriest,techno,True
https://www.1001tracklists.com/tracklist/1np254z1/holy-priest-mattermind-essigfabrik-cologne-germany-2024-09-28.html,Holypriest,techno,True
https://www.1001tracklists.com/tracklist/2mcqm3j9/holy-priest-nexus-paris-france-2024-05-07.html,Holypriest,techno,True
https://www.1001tracklists.com/tracklist/123y3409/999999999-resistance-the-cove-ultra-music-festival-miami-united-states-2026-03-27.html,999999999,techno,True
https://www.1001tracklists.com/tracklist/9vm0lk1/999999999-area-y-awakenings-festival-netherlands-2025-07-13.html,999999999,techno,True
https://www.1001tracklists.com/tracklist/2wrbwtd9/999999999-the-looking-glass-beyond-wonderland-socal-nos-events-center-san-bernardino-united-states-2025-03-29.html,999999999,techno,True
https://www.1001tracklists.com/tracklist/cq40ftk/999999999-zouk-club-singapore-2025-01-18.html,999999999,techno,True
https://www.1001tracklists.com/tracklist/105gcz6t/999999999-mixmag-burn-energy-tour-italy-2024-11-09.html,999999999,techno,True
https://www.1001tracklists.com/tracklist/1nnnc2hk/999999999-resident-advisor-podcast-953-2024-09-08.html,999999999,techno,True
https://www.1001tracklists.com/tracklist/9umuk11/999999999-area-v-awakenings-festival-hilvarenbeek-netherlands-2024-07-05.html,999999999,techno,True
https://www.1001tracklists.com/tracklist/2wpqs8tt/999999999-rave-rebels-ing-arena-brussels-belgium-2024-04-20.html,999999999,techno,True
https://www.1001tracklists.com/tracklist/pwg1dh1/999999999-tegendraads-indoor-tegendraads-festival-brabanthallen-den-bosch-netherlands-2024-01-13.html,999999999,techno,True
https://www.1001tracklists.com/tracklist/1nmkgstt/999999999-intercell-x-999999999-warehouse-elementenstraat-amsterdam-netherlands-2023-11-25.html,999999999,techno,True
https://www.1001tracklists.com/tracklist/z5wt4v9/999999999-9x9-invites-awakenings-gashouder-amsterdam-dance-event-netherlands-2023-10-18.html,999999999,techno,True
https://www.1001tracklists.com/tracklist/2kg06f91/999999999-factory-93-neongarden-edc-las-vegas-united-states-2023-05-21.html,999999999,techno,True
https://www.1001tracklists.com/tracklist/2hlbxnm9/999999999-radio-1s-essential-mix-2023-05-20.html,999999999,techno,True
https://www.1001tracklists.com/tracklist/2vnyst21/999999999-hybrid-liveslashdj-set-stereobloom-edc-orlando-united-states-2022-11-13.html,999999999,techno,True
https://www.1001tracklists.com/tracklist/dhg1x39/999999999-awakenings-festival-easter-edition-netherlands-2022-04-17.html,999999999,techno,True
https://www.1001tracklists.com/tracklist/wbg7xgt/999999999-intercell-x-snts-invites-amsterdam-dance-event-netherlands-2021-10-16.html,999999999,techno,True
https://www.1001tracklists.com/tracklist/kwygt89/999999999-boiler-room-paris-possession-france-2019-11-27.html,999999999,techno,True
https://www.1001tracklists.com/tracklist/g5lu7t1/999999999-city-steps-crssd-festival-fall-united-states-2019-09-28.html,999999999,techno,True
https://www.1001tracklists.com/tracklist/1yqhlcp9/999999999-slam-radio-286-2018-03-22.html,999999999,techno,True
https://www.1001tracklists.com/tracklist/wk6l281/i-hate-models-s2o-songkran-music-festival-thailand-2026-04-11.html,Ihatemodels,techno,True
https://www.1001tracklists.com/tracklist/2t23w4gt/i-hate-models-skyline-festival-united-states-2026-03-01.html,Ihatemodels,techno,True
https://www.1001tracklists.com/tracklist/21s9frc1/i-hate-models-vac-stage-vac-vision-colour-music-festival-china-2025-10-26.html,Ihatemodels,techno,True
https://www.1001tracklists.com/tracklist/2jp6knzt/i-hate-models-scene-du-bosquet-rock-en-seine-festival-france-2025-08-22.html,Ihatemodels,techno,True
https://www.1001tracklists.com/tracklist/2futnbb1/i-hate-models-circuitgrounds-edc-las-vegas-united-states-2025-05-18.html,Ihatemodels,techno,True
https://www.1001tracklists.com/tracklist/tppq84k/i-hate-models-respira-festival-chile-2025-04-17.html,Ihatemodels,techno,True
https://www.1001tracklists.com/tracklist/wgyv7pt/i-hate-models-resistance-the-cove-ultra-music-festival-miami-united-states-2025-03-30.html,Ihatemodels,techno,True
https://www.1001tracklists.com/tracklist/23lhzl49/i-hate-models-neongarden-edc-mexico-2025-02-23.html,Ihatemodels,techno,True
https://www.1001tracklists.com/tracklist/ulkx3nt/i-hate-models-neongarden-edc-orlando-united-states-2024-11-10.html,Ihatemodels,techno,True
https://www.1001tracklists.com/tracklist/1bfjqcdk/i-hate-models-marquee-singapore-2024-10-12.html,Ihatemodels,techno,True
https://www.1001tracklists.com/tracklist/k81zdv1/i-hate-models-boiler-room-teletech-festival-united-kingdom-2024-08-03.html,Ihatemodels,techno,True
https://www.1001tracklists.com/tracklist/1ktummt1/i-hate-models-leeds-warehouse-united-kingdom-2023-12-08.html,Ihatemodels,techno,True
https://www.1001tracklists.com/tracklist/1mqn5hrk/i-hate-models-rave-rebels-belgium-2023-10-06.html,Ihatemodels,techno,True
https://www.1001tracklists.com/tracklist/291ujtk9/i-hate-models-neongarden-edc-las-vegas-united-states-2023-05-21.html,Ihatemodels,techno,True
https://www.1001tracklists.com/tracklist/1kssphxk/i-hate-models-neongarden-edc-mexico-2023-02-24.html,Ihatemodels,techno,True
https://www.1001tracklists.com/tracklist/nxruz11/i-hate-models-factory-93-neongarden-edc-las-vegas-united-states-2022-05-21.html,Ihatemodels,techno,True
https://www.1001tracklists.com/tracklist/2ct87g2k/i-hate-models-radio-1s-essential-mix-2022-05-14.html,Ihatemodels,techno,True
https://www.1001tracklists.com/tracklist/2kc5l0t1/i-hate-models-femur-grand-palais-paris-france-2021-12-08.html,Ihatemodels,techno,True
https://www.1001tracklists.com/tracklist/20jrl73k/i-hate-models-sequences-x-possession-france-2020-12-17.html,Ihatemodels,techno,True
https://www.1001tracklists.com/tracklist/j26wqgk/i-hate-models-1nn3rt1me-x-femur-france-2020-07-06.html,Ihatemodels,techno,True
https://www.1001tracklists.com/tracklist/12p01qm9/i-hate-models-nuits-sonores-day-1-france-2019-05-29.html,Ihatemodels,techno,True
https://www.1001tracklists.com/tracklist/2mhhypxk/adam-beyer-drumcode-radio-818-lab-theclub-madrid-spain-2026-02-13-2026-04-03.html,Adambeyer,techno,True
https://www.1001tracklists.com/tracklist/wk452d9/adam-beyer-joseph-capriati-resistance-megastructure-ultra-music-festival-miami-united-states-2026-03-28.html,Adambeyer,techno,True
https://www.1001tracklists.com/tracklist/2s4hdz51/adam-beyer-siriusxm-miami-studios-miami-music-week-united-states-2026-03-25.html,Adambeyer,techno,True
https://www.1001tracklists.com/tracklist/1h53z9c9/adam-beyer-drumcode-radio-816-2026-03-20.html,Adambeyer,techno,True
https://www.1001tracklists.com/tracklist/1qmjch8k/adam-beyer-chris-avantgarde-dc30-the-drumsheds-london-united-kingdom-2026-03-07.html,Adambeyer,techno,True
https://www.1001tracklists.com/tracklist/2vvgw9kt/adam-beyer-circuitgrounds-edc-mexico-2026-02-21.html,Adambeyer,techno,True
https://www.1001tracklists.com/tracklist/20v64shk/adam-beyer-drumcode-radio-812-2026-02-20.html,Adambeyer,techno,True
https://www.1001tracklists.com/tracklist/1v86nnmt/adam-beyer-drumcode-radio-808-day-one-prysm-chicago-united-states-2026-01-01-2026-01-23.html,Adambeyer,techno,True
https://www.1001tracklists.com/tracklist/wjqu951/adam-beyer-drumcode-radio-807-2026-01-16.html,Adambeyer,techno,True
https://www.1001tracklists.com/tracklist/9wl37n9/adam-beyer-drumcode-radio-805-best-of-truesoul-2025-2026-01-02.html,Adambeyer,techno,True
https://www.1001tracklists.com/tracklist/9wms5z1/adam-beyer-fngrs-crssd-park-stage-proper-nye-petco-park-san-diego-united-states-2025-12-31.html,Adambeyer,techno,True
https://www.1001tracklists.com/tracklist/p24xdy9/adam-beyer-drumcode-radio-804-best-of-drumcode-2025-2025-12-26.html,Adambeyer,techno,True
https://www.1001tracklists.com/tracklist/p2171ut/adam-beyer-resistance-mandarine-park-buenos-aires-argentina-2025-12-07.html,Adambeyer,techno,True
https://www.1001tracklists.com/tracklist/2gtw2829/adam-beyer-resistance-club-cultural-lima-peru-2025-12-05.html,Adambeyer,techno,True
https://www.1001tracklists.com/tracklist/1x3j83zk/adam-beyer-hypersonic-festival-flemington-racecourse-melbourne-australia-2025-11-30.html,Adambeyer,techno,True
https://www.1001tracklists.com/tracklist/2b4qs529/adam-beyer-drumcode-radio-800-resistance-the-drumsheds-london-united-kingdom-2025-09-27-2025-11-28.html,Adambeyer,techno,True
https://www.1001tracklists.com/tracklist/1nr49klk/adam-beyer-chris-avantgarde-drumcode-radio-797-closing-party-ushuaia-ibiza-spain-2025-10-11-2025-11-07.html,Adambeyer,techno,True
https://www.1001tracklists.com/tracklist/rv8cd19/adam-beyer-layton-giordani-drumcode-neongarden-edc-orlando-united-states-2025-11-07.html,Adambeyer,techno,True
https://www.1001tracklists.com/tracklist/2tz77dl1/adam-beyer-drumcode-neongarden-edc-orlando-united-states-2025-11-07.html,Adambeyer,techno,True
https://www.1001tracklists.com/tracklist/2b4v0ch1/adam-beyer-drumcode-awakenings-sugar-factory-amsterdam-dance-event-netherlands-2025-10-23.html,Adambeyer,techno,True
https://www.1001tracklists.com/tracklist/2klx8j7t/armin-van-buuren-ruben-de-ronde-ferry-corsten-a-state-of-trance-1248-ade-special-amsterdam-dance-event-netherlands-2025-10-23.html,Adambeyer,techno,True
https://www.1001tracklists.com/tracklist/15u4wuuk/adam-beyer-drumcode-radio-793-2025-10-15.html,Adambeyer,techno,True
https://www.1001tracklists.com/tracklist/2ljm6z71/armin-van-buuren-adam-beyer-dance-department-2025-10-04.html,Adambeyer,techno,True
https://www.1001tracklists.com/tracklist/2fvjhnp1/adam-beyer-resistance-stage-ultra-music-festival-korea-south-korea-2025-09-20.html,Adambeyer,techno,True
https://www.1001tracklists.com/tracklist/xft0lnk/adam-beyer-drumcode-radio-790-resistance-week-6-amnesia-ibiza-spain-2025-08-27-2025-09-19.html,Adambeyer,techno,True
https://www.1001tracklists.com/tracklist/1zwfkzq1/adam-beyer-resistance-stage-ultra-music-festival-japan-2025-09-13.html,Adambeyer,techno,True
https://www.1001tracklists.com/tracklist/1g64cy11/adam-beyer-drumcode-radio-788-atmosphere-stage-tomorrowland-weekend-2-belgium-2025-07-27-2025-09-05.html,Adambeyer,techno,True
https://www.1001tracklists.com/tracklist/btqxwbt/adam-beyer-layton-giordani-the-grid-arc-music-festival-united-states-2025-08-30.html,Adambeyer,techno,True
https://www.1001tracklists.com/tracklist/2dxjw8x9/adam-beyer-mau-p-drumcode-radio-786-resistance-stage-ultra-europe-croatia-2025-07-13-2025-08-22.html,Adambeyer,techno,True
https://www.1001tracklists.com/tracklist/2p9rxtxt/adam-beyer-steel-yard-creamfields-north-united-kingdom-2025-08-22.html,Adambeyer,techno,True
https://www.1001tracklists.com/tracklist/2kljcfht/adam-beyer-lovestream-festival-slovakia-2025-08-17.html,Adambeyer,techno,True
https://www.1001tracklists.com/tracklist/1g5zk3xt/adam-beyer-fire-stage-loveland-festival-netherlands-2025-08-09.html,Adambeyer,techno,True
https://www.1001tracklists.com/tracklist/24k7bt9t/adam-beyer-drumcode-radio-784-2025-08-08.html,Adambeyer,techno,True
https://www.1001tracklists.com/tracklist/9vm6vqk/adam-beyer-maceo-plex-drumcode-radio-782-nova-stage-kappa-futurfestival-turin-italy-2025-07-06-2025-07-25.html,Adambeyer,techno,True
https://www.1001tracklists.com/tracklist/2kldsuj1/adam-beyer-area-v-awakenings-festival-netherlands-2025-07-12.html,Adambeyer,techno,True
https://www.1001tracklists.com/tracklist/k9vndw9/adam-beyer-chris-avantgarde-drumcode-radio-778-drumcode-offweek-lamarcedes-barcelona-spain-2025-06-14-2025-06-27.html,Adambeyer,techno,True
https://www.1001tracklists.com/tracklist/114h1v0t/adam-beyer-drumcode-radio-777-2025-06-25.html,Adambeyer,techno,True
https://www.1001tracklists.com/tracklist/1f87jqm9/adam-beyer-club-space-miami-united-states-2025-06-21.html,Adambeyer,techno,True
https://www.1001tracklists.com/tracklist/gjlny39/adam-beyer-umf-radio-840-2025-06-14.html,Adambeyer,techno,True
https://www.1001tracklists.com/tracklist/2ty8v391/adam-beyer-radio-1s-essential-mix-2025-05-31.html,Adambeyer,techno,True
https://www.1001tracklists.com/tracklist/2futuv9k/adam-beyer-drumcode-radio-773-floor-2-time-warp-maimarkthalle-mannheim-germany-2025-04-05-2025-05-23.html,Adambeyer,techno,True
https://www.1001tracklists.com/tracklist/l7d2fd1/adam-beyer-drumcode-radio-771-factory-town-miami-music-week-united-states-2025-03-29-2025-05-09.html,Adambeyer,techno,True
https://www.1001tracklists.com/tracklist/1tbzszp9/adam-beyer-vintage-culture-drumcode-radio-769-drumcode-the-drumsheds-london-united-kingdom-2025-03-22-2025-04-25.html,Adambeyer,techno,True
https://www.1001tracklists.com/tracklist/1jysp8bt/adam-beyer-resistance-stage-ultra-buenos-aires-argentina-2025-04-19.html,Adambeyer,techno,True
https://www.1001tracklists.com/tracklist/2r4mlld1/adam-beyer-lab54-x-drumcode-london-united-kingdom-2025-04-15.html,Adambeyer,techno,True
https://www.1001tracklists.com/tracklist/16qt2sp1/adam-beyer-resistance-megastructure-ultra-music-festival-miami-united-states-2025-03-29.html,Adambeyer,techno,True
https://www.1001tracklists.com/tracklist/z8cxf2k/adam-beyer-drumcode-radio-765-studio-club-malaga-spain-2025-02-27-2025-03-28.html,Adambeyer,techno,True
https://www.1001tracklists.com/tracklist/1jypyf19/adam-beyer-dj-mag-hq-sessions-2025-03-20.html,Adambeyer,techno,True
https://www.1001tracklists.com/tracklist/n2p0xv1/adam-beyer-drumcode-radio-763-2025-03-14.html,Adambeyer,techno,True
https://www.1001tracklists.com/tracklist/22nnyxqk/armin-van-buuren-adam-beyer-area-one-a-state-of-trance-festival-ahoy-rotterdam-netherlands-2025-02-22.html,Adambeyer,techno,True
https://www.1001tracklists.com/tracklist/l6xw48k/adam-beyer-area-one-a-state-of-trance-festival-ahoy-rotterdam-netherlands-2025-02-22.html,Adambeyer,techno,True
https://www.1001tracklists.com/tracklist/1sdukcct/adam-beyer-ilario-alicante-drumcode-radio-760-ants-zamna-tulum-mexico-2025-01-07-2025-02-21.html,Adambeyer,techno,True
https://www.1001tracklists.com/tracklist/hfcq3qk/adam-beyer-drumcode-radio-756-brooklyn-storehouse-united-states-2025-01-24.html,Adambeyer,techno,True
https://www.1001tracklists.com/tracklist/23l4jyq1/adam-beyer-drumcode-radio-752-best-of-drumcode-2024-2024-12-30.html,Adambeyer,techno,True
https://www.1001tracklists.com/tracklist/1d9162mk/adam-beyer-drumcode-radio-751-drumcode-808-festival-thailand-2024-12-08-2024-12-23.html,Adambeyer,techno,True
https://www.1001tracklists.com/tracklist/113ctnhk/adam-beyer-marco-faraone-drumcode-radio-750-2024-12-18.html,Adambeyer,techno,True
https://www.1001tracklists.com/tracklist/16qcskzk/adam-beyer-drumcode-savaya-bali-indonesia-2024-12-07.html,Adambeyer,techno,True
https://www.1001tracklists.com/tracklist/1v5rvzhk/adam-beyer-drumcode-radio-748-22-years-celebration-amnesia-milan-italy-2024-10-19-2024-12-04.html,Adambeyer,techno,True
https://www.1001tracklists.com/tracklist/2wqjmmf9/adam-beyer-drumcode-radio-745-drumcode-takeover-mysteryland-netherlands-2024-08-31-2024-11-13.html,Adambeyer,techno,True
https://www.1001tracklists.com/tracklist/2grg4zwk/adam-beyer-vintage-culture-drumcode-radio-744-oca-stage-so-track-boa-festival-belo-horizonte-brazil-2024-09-14-2024-11-06.html,Adambeyer,techno,True
https://www.1001tracklists.com/tracklist/brth2ut/adam-beyer-drumcode-awakenings-gashouder-amsterdam-dance-event-netherlands-2024-10-17.html,Adambeyer,techno,True
https://www.1001tracklists.com/tracklist/23kr86wk/marco-faraone-adam-beyer-closing-party-amnesia-ibiza-spain-2024-10-12.html,Adambeyer,techno,True
https://www.1001tracklists.com/tracklist/z7cjw49/adam-beyer-joseph-capriati-drumcode-radio-740-area-v-awakenings-festival-summer-netherlands-2024-07-06-2024-10-09.html,Adambeyer,techno,True
https://www.1001tracklists.com/tracklist/2uup3cxk/adam-beyer-drumcode-piknic-electronik-montreal-canada-2024-09-27.html,Adambeyer,techno,True
https://www.1001tracklists.com/tracklist/1d8j6xs1/adam-beyer-drumcode-radio-738-cell-closing-party-hi-ibiza-spain-2024-09-09-2024-09-25.html,Adambeyer,techno,True
https://www.1001tracklists.com/tracklist/19h43041/adam-beyer-umf-radio-802-2024-09-21.html,Adambeyer,techno,True
https://www.1001tracklists.com/tracklist/15rtq649/adam-beyer-eli-brown-drumcode-radio-736-brunch-electronik-lisbon-portugal-2024-07-14-2024-09-06.html,Adambeyer,techno,True
https://www.1001tracklists.com/tracklist/1d8c9pjt/adam-beyer-drumcode-radio-734-2024-08-28.html,Adambeyer,techno,True
https://www.1001tracklists.com/tracklist/12ygrsqk/adam-beyer-ants-ushuaia-ibiza-spain-2024-08-10.html,Adambeyer,techno,True
https://www.1001tracklists.com/tracklist/hdc78k9/adam-beyer-atmosphere-stage-tomorrowland-weekend-2-belgium-2024-07-26.html,Adambeyer,techno,True
https://www.1001tracklists.com/tracklist/2mcuvmpk/adam-beyer-drumcode-radio-728-oca-stage-ii-so-track-boa-festival-brazil-2024-06-14-2024-07-17.html,Adambeyer,techno,True
https://www.1001tracklists.com/tracklist/1zubnx19/adam-beyer-nova-stage-kappa-futurfestival-turin-italy-2024-07-07.html,Adambeyer,techno,True
https://www.1001tracklists.com/tracklist/2lfwg6st/adam-beyer-ilario-alicante-drumcode-radio-724-brunch-electronik-malaga-spain-2024-05-04-2024-06-19.html,Adambeyer,techno,True
https://www.1001tracklists.com/tracklist/2duxh0wt/adam-beyer-drumcode-radio-720-resistance-stage-ultra-music-festival-chile-2024-04-20-2024-05-22.html,Adambeyer,techno,True
https://www.1001tracklists.com/tracklist/14tfn8hk/adam-beyer-neongarden-edc-las-vegas-united-states-2024-05-17.html,Adambeyer,techno,True
https://www.1001tracklists.com/tracklist/1ztk76yk/adam-beyer-drumcode-radio-716-drumcode-the-drumsheds-london-united-kingdom-2024-03-09-2024-04-24.html,Adambeyer,techno,True
https://www.1001tracklists.com/tracklist/qu4k08t/adam-beyer-floor-1-time-warp-maimarkthalle-mannheim-germany-2024-04-06.html,Adambeyer,techno,True
https://www.1001tracklists.com/tracklist/2n90zth9/adam-beyer-drumcode-radio-712-one-cabaret-aleatoire-marseille-france-2024-03-02-2024-03-27.html,Adambeyer,techno,True
https://www.1001tracklists.com/tracklist/16nqkmv1/adam-beyer-resistance-megastructure-ultra-music-festival-miami-united-states-2024-03-24.html,Adambeyer,techno,True
https://www.1001tracklists.com/tracklist/2gquz5b1/adam-beyer-drumcode-factory-town-miami-music-week-united-states-2024-03-22.html,Adambeyer,techno,True
https://www.1001tracklists.com/tracklist/1d7d0dj9/adam-beyer-drumcode-radio-708-ants-zamna-tulum-mexico-2024-02-01-2024-02-28.html,Adambeyer,techno,True
https://www.1001tracklists.com/tracklist/1rduc5xt/adam-beyer-drumcode-radio-704-roxy-prague-czech-republic-2023-12-15-2024-01-31.html,Adambeyer,techno,True
https://www.1001tracklists.com/tracklist/1d72vu6k/adam-beyer-drumcode-radio-701-amnesia-milan-italy-2023-12-16-2024-01-10.html,Adambeyer,techno,True
https://www.1001tracklists.com/tracklist/1qgy6vwt/adam-beyer-bart-skils-armada-music-mia-tulum-mexico-2024-01-04.html,Adambeyer,techno,True
https://www.1001tracklists.com/tracklist/11z78gw9/adam-beyer-drumcode-radio-700-2024-01-03.html,Adambeyer,techno,True
https://www.1001tracklists.com/tracklist/2wns9r89/adam-beyer-twilight-zone-countdown-nye-new-years-invasion-nos-events-center-san-bernardino-united-states-2023-12-30.html,Adambeyer,techno,True
https://www.1001tracklists.com/tracklist/1hy6mcz9/adam-beyer-loveland-legacy-238-2023-12-20.html,Adambeyer,techno,True
https://www.1001tracklists.com/tracklist/n019109/adam-beyer-drumcode-radio-696-mayday-poland-2023-11-10-2023-12-06.html,Adambeyer,techno,True
https://www.1001tracklists.com/tracklist/16mxy1q9/adam-beyer-layton-giordani-drumcode-radio-692-drumcode-awakenings-gashouder-amsterdam-dance-event-netherlands-2023-10-19-2023-11-08.html,Adambeyer,techno,True
https://www.1001tracklists.com/tracklist/1c937ww9/adam-beyer-maimarkthalle-mannheim-time-warp-2023-11-04.html,Adambeyer,techno,True
https://www.1001tracklists.com/tracklist/tlm3951/adam-beyer-drumcode-centraal-pop-up-store-amsterdam-dance-event-netherlands-2023-10-19.html,Adambeyer,techno,True
https://www.1001tracklists.com/tracklist/16mruqr1/adam-beyer-bart-skils-joel-mull-drumcode-x-the-yacht-week-x-pirate-radio-2023-10-04.html,Adambeyer,techno,True
https://www.1001tracklists.com/tracklist/1t7rp4jt/adam-beyer-drumcode-radio-686-holo-hi-ibiza-spain-2023-07-31-2023-09-27.html,Adambeyer,techno,True
https://www.1001tracklists.com/tracklist/m1t478k/adam-beyer-resistance-stage-ultra-music-festival-japan-2023-09-16.html,Adambeyer,techno,True
https://www.1001tracklists.com/tracklist/1kt7vfr9/adam-beyer-drumcode-radio-684-2023-09-12.html,Adambeyer,techno,True
https://www.1001tracklists.com/tracklist/110sk5t9/adam-beyer-drumcode-radio-683-holo-hi-ibiza-spain-2023-07-17-2023-09-06.html,Adambeyer,techno,True
https://www.1001tracklists.com/tracklist/2gp0xnw9/adam-beyer-steel-yard-creamfields-north-united-kingdom-2023-08-26.html,Adambeyer,techno,True
https://www.1001tracklists.com/tracklist/tlt5h0t/adam-beyer-holo-hi-ibiza-spain-2023-08-21.html,Adambeyer,techno,True
https://www.1001tracklists.com/tracklist/dk0wlu1/adam-beyer-drumcode-radio-681-2023-08-18.html,Adambeyer,techno,True
https://www.1001tracklists.com/tracklist/110nr9dt/adam-beyer-fire-stage-loveland-festival-netherlands-2023-08-12.html,Adambeyer,techno,True
https://www.1001tracklists.com/tracklist/110nt121/adam-beyer-drumcode-radio-680-holo-hi-ibiza-spain-2023-07-03-2023-08-11.html,Adambeyer,techno,True
https://www.1001tracklists.com/tracklist/11yd34jt/adam-beyer-maceo-plex-freedom-stage-tomorrowland-weekend-2-belgium-2023-07-29.html,Adambeyer,techno,True
https://www.1001tracklists.com/tracklist/cm2utzk/adam-beyer-cirez-d-the-grid-junction-2-festival-united-kingdom-2023-07-22.html,Adambeyer,techno,True
https://www.1001tracklists.com/tracklist/2jjh1n8t/adam-beyer-drumcode-atmosphere-stage-tomorrowland-weekend-1-belgium-2023-07-21.html,Adambeyer,techno,True
https://www.1001tracklists.com/tracklist/1qfz33nk/adam-beyer-joseph-capriati-drumcode-radio-676-area-v-awakenings-festival-spring-netherlands-2023-05-14-2023-07-14.html,Adambeyer,techno,True
https://www.1001tracklists.com/tracklist/1wyp7tjk/adam-beyer-area-v-awakenings-festival-summer-netherlands-2023-07-08.html,Adambeyer,techno,True
https://www.1001tracklists.com/tracklist/2q36fjzt/adam-beyer-resistance-stage-ultra-europe-croatia-2023-07-07.html,Adambeyer,techno,True
https://www.1001tracklists.com/tracklist/tkyhns9/adam-beyer-layton-giordani-drumcode-radio-672-opening-party-amnesia-ibiza-spain-2023-05-13-2023-06-16.html,Adambeyer,techno,True
https://www.1001tracklists.com/tracklist/1s9chcuk/adam-beyer-drumcode-radio-670-time-warp-brazil-2023-05-06-2023-06-02.html,Adambeyer,techno,True
https://www.1001tracklists.com/tracklist/268g2hw9/adam-beyer-distrikt-7-decafeina-extrema-outdoor-belgium-2023-05-26.html,Adambeyer,techno,True
https://www.1001tracklists.com/tracklist/fgf243t/adam-beyer-drumcode-radio-669-2023-05-26.html,Adambeyer,techno,True
https://www.1001tracklists.com/tracklist/ghucr09/adam-beyer-ants-10-years-strong-ushuaia-ibiza-spain-2023-05-20.html,Adambeyer,techno,True
https://www.1001tracklists.com/tracklist/j7snr1t/adam-beyer-cirez-d-drumcode-radio-667-2023-05-12.html,Adambeyer,techno,True
https://www.1001tracklists.com/tracklist/1g1bqwbk/adam-beyer-yuma-tent-coachella-festival-weekend-2-united-states-2023-04-23.html,Adambeyer,techno,True
https://www.1001tracklists.com/tracklist/25bcvjck/adam-beyer-drumcode-radio-663-drumcode-printworks-london-united-kingdom-2023-03-17-2023-04-19.html,Adambeyer,techno,True
https://www.1001tracklists.com/tracklist/2tu1sxqt/adam-beyer-time-warp-germany-2023-04-01.html,Adambeyer,techno,True
https://www.1001tracklists.com/tracklist/nwkb7sk/adam-beyer-cirez-d-resistance-ultra-music-festival-miami-united-states-2023-03-25.html,Adambeyer,techno,True
https://www.1001tracklists.com/tracklist/rpxp7yk/adam-beyer-drumcode-radio-659-neongarden-edc-mexico-2023-02-25-2023-03-22.html,Adambeyer,techno,True
https://www.1001tracklists.com/tracklist/1qf6lk69/adam-beyer-drumcode-radio-653-area-w-awakenings-netherlands-2023-01-28-2023-02-08.html,Adambeyer,techno,True
https://www.1001tracklists.com/tracklist/vdutkyt/adam-beyer-drumcode-radio-650-weird-festival-germany-2022-12-30-2023-01-18.html,Adambeyer,techno,True
https://www.1001tracklists.com/tracklist/1s8mlzvt/adam-beyer-drumcode-radio-647-elrow-printworks-london-united-kingdom-2022-11-12-2022-12-28.html,Adambeyer,techno,True
https://www.1001tracklists.com/tracklist/ptwghnk/adam-beyer-drumcode-radio-646-drumcode-resistance-buenos-aires-argentina-2022-12-08-2022-12-21.html,Adambeyer,techno,True
https://www.1001tracklists.com/tracklist/16l9xtut/adam-beyer-drumcode-la-fabrica-cordoba-2022-12-07-argentina-2022-12-14.html,Adambeyer,techno,True
https://www.1001tracklists.com/tracklist/21lh6d41/adam-beyer-drumcode-radio-642-awakenings-gashouder-amsterdam-dance-event-2022-10-20-2022-11-22.html,Adambeyer,techno,True
https://www.1001tracklists.com/tracklist/nvyyc8k/adam-beyer-drumcode-dreamfields-festival-mexico-2022-11-20.html,Adambeyer,techno,True
https://www.1001tracklists.com/tracklist/1mmtc5t1/adam-beyer-club-space-miami-united-states-2022-11-18.html,Adambeyer,techno,True
https://www.1001tracklists.com/tracklist/2ur0xs1t/adam-beyer-maimarkthalle-time-warp-germany-2022-10-29.html,Adambeyer,techno,True
https://www.1001tracklists.com/tracklist/2rxluc5t/adam-beyer-drumcode-radio-638-loveland-festival-netherlands-2022-08-14-2022-10-21.html,Adambeyer,techno,True
https://www.1001tracklists.com/tracklist/2cu1g3kt/adam-beyer-drumcode-radio-635-the-brooklyn-mirage-new-york-united-states-2022-09-02-2022-09-30.html,Adambeyer,techno,True
https://www.1001tracklists.com/tracklist/18gr2zgk/adam-beyer-solid-grooves-motel-dc10-ibiza-spain-2022-09-29.html,Adambeyer,techno,True
https://www.1001tracklists.com/tracklist/15n4npq1/adam-beyer-tomorrowland-friendship-mix-2022-09-29.html,Adambeyer,techno,True
https://www.1001tracklists.com/tracklist/23ft83kk/adam-beyer-layton-giordani-drumcode-radio-634-the-brooklyn-mirage-new-york-united-states-2022-09-02-2022-09-23.html,Adambeyer,techno,True
https://www.1001tracklists.com/tracklist/dhfj8nt/adam-beyer-drumcode-radio-633-circoloco-we-are-fstvl-united-kingdom-2022-08-07-2022-09-16.html,Adambeyer,techno,True
https://www.1001tracklists.com/tracklist/1c6vpjwk/adam-beyer-the-peacock-society-paris-france-2022-09-11.html,Adambeyer,techno,True
https://www.1001tracklists.com/tracklist/vd5yfbk/adam-beyer-cirez-d-the-grid-arc-music-festival-united-states-2022-09-04.html,Adambeyer,techno,True
https://www.1001tracklists.com/tracklist/290gmqnt/adam-beyer-drumcode-radio-630-2022-08-27.html,Adambeyer,techno,True
https://www.1001tracklists.com/tracklist/2jgw02ut/adam-beyer-bbc-radio-1-dance-presents-amnesia-2022-08-27.html,Adambeyer,techno,True
https://www.1001tracklists.com/tracklist/1wx2z6x1/adam-beyer-umf-radio-692-2022-08-13.html,Adambeyer,techno,True
https://www.1001tracklists.com/tracklist/qr1kgy9/adam-beyer-drumcode-radio-628-freedom-stage-tomorrowland-weekend-3-belgium-2022-07-29-2022-08-12.html,Adambeyer,techno,True
https://www.1001tracklists.com/tracklist/1qdbc03k/adam-beyer-drumcode-radio-627-monegros-desert-festival-spain-2022-08-10.html,Adambeyer,techno,True
https://www.1001tracklists.com/tracklist/1zq8r74k/adam-beyer-area-v-awakenings-festival-netherlands-2022-07-30.html,Adambeyer,techno,True
https://www.1001tracklists.com/tracklist/1s89rj59/adam-beyer-maceo-plex-atmosphere-stage-tomorrowland-weekend-2-belgium-2022-07-24.html,Adambeyer,techno,True
https://www.1001tracklists.com/tracklist/10yqq311/adam-beyer-drumcode-atmosphere-stage-tomorrowland-weekend-1-belgium-2022-07-17.html,Adambeyer,techno,True
https://www.1001tracklists.com/tracklist/24c6cf01/adam-beyer-drumcode-radio-624-neongarden-edc-las-vegas-united-states-2022-05-22-2022-07-15.html,Adambeyer,techno,True
https://www.1001tracklists.com/tracklist/2hjsy5zk/adam-beyer-resistance-stage-ultra-europe-croatia-2022-07-09.html,Adambeyer,techno,True
https://www.1001tracklists.com/tracklist/1f22p3q1/adam-beyer-enrico-sangiuliano-mts-dance-arena-exit-festival-serbia-2022-07-07.html,Adambeyer,techno,True
https://www.1001tracklists.com/tracklist/2rx2fq3t/adam-beyer-off-sonar-barcelona-off-week-festival-off-week-barcelona-spain-2022-06-18.html,Adambeyer,techno,True
https://www.1001tracklists.com/tracklist/1t5dr099/adam-beyer-drumcode-radio-620-movement-electronic-music-festival-detroit-united-states-2022-05-29-2022-06-17.html,Adambeyer,techno,True
https://www.1001tracklists.com/tracklist/w9fg3qt/adam-beyer-skyline-festival-united-states-2022-05-28.html,Adambeyer,techno,True
https://www.1001tracklists.com/tracklist/11w5t0mt/adam-beyer-drumcode-radio-616-2022-05-20.html,Adambeyer,techno,True
https://www.1001tracklists.com/tracklist/2uq93qb1/adam-beyer-pacha-ibiza-spain-2022-05-17.html,Adambeyer,techno,True
https://www.1001tracklists.com/tracklist/y4u8789/adam-beyer-drumcode-radio-612-body-language-after-hours-sunbar-tempe-united-states-2022-03-05-2022-04-22.html,Adambeyer,techno,True
https://www.1001tracklists.com/tracklist/15m6j5ft/adam-beyer-awakenings-festival-easter-edition-netherlands-2022-04-16.html,Adambeyer,techno,True
https://www.1001tracklists.com/tracklist/21k5cq7k/adam-beyer-resistance-stage-ultra-music-festival-miami-united-states-2022-03-27.html,Adambeyer,techno,True
https://www.1001tracklists.com/tracklist/1yrrwzh1/adam-beyer-drumcode-radio-608-2022-03-25.html,Adambeyer,techno,True
https://www.1001tracklists.com/tracklist/1kqhs8ut/adam-beyer-drumcode-presents-001-2022-03-22.html,Adambeyer,techno,True
https://www.1001tracklists.com/tracklist/dgbhfgt/adam-beyer-city-steps-crssd-festival-united-states-2022-03-06.html,Adambeyer,techno,True
https://www.1001tracklists.com/tracklist/1jskdyc1/adam-beyer-drumcode-radio-604-royal-highland-centre-edinburgh-united-kingdom-2022-01-28-2022-02-25.html,Adambeyer,techno,True
https://www.1001tracklists.com/tracklist/1nhqr56t/adam-beyer-drumcode-radio-603-circoloco-dc10-ibiza-spain-2022-01-01-2022-02-18.html,Adambeyer,techno,True
https://www.1001tracklists.com/tracklist/x6hf8pt/adam-beyer-drumcode-radio-599-drumcode-blackstone-street-warehouse-liverpool-united-kingdom-2021-12-27-2022-01-21.html,Adambeyer,techno,True
https://www.1001tracklists.com/tracklist/1hudr6b1/adam-beyer-cirez-d-drumcode-radio-596-2021-12-31.html,Adambeyer,techno,True
https://www.1001tracklists.com/tracklist/14nr9h5k/adam-beyer-drumcode-radio-595-yearmix-2021-12-24.html,Adambeyer,techno,True
https://www.1001tracklists.com/tracklist/2jfpbp5t/adam-beyer-ida-engberg-around-the-world-in-80-raves-spain-2021-12-15.html,Adambeyer,techno,True
https://www.1001tracklists.com/tracklist/udtblvk/adam-beyer-cirez-d-duggal-greenhouse-new-york-city-united-states-2021-12-04.html,Adambeyer,techno,True
https://www.1001tracklists.com/tracklist/2cs9y4j1/adam-beyer-cirez-d-duggal-greenhouse-new-york-city-united-states-2021-12-03.html,Adambeyer,techno,True
https://www.1001tracklists.com/tracklist/2dq2t7c1/adam-beyer-drumcode-radio-591-2021-11-26.html,Adambeyer,techno,True
https://www.1001tracklists.com/tracklist/13yg5sqk/adam-beyer-sewer-district-escape-halloween-nos-events-center-san-bernardino-united-states-2021-10-30.html,Adambeyer,techno,True
https://www.1001tracklists.com/tracklist/j4s37st/adam-beyer-drumcode-radio-587-2021-10-29.html,Adambeyer,techno,True
https://www.1001tracklists.com/tracklist/2vlqrbnt/adam-beyer-beatport-live-road-to-monegros-desert-festival-2021-10-23.html,Adambeyer,techno,True
https://www.1001tracklists.com/tracklist/1jrs0zxk/adam-beyer-awakenings-x-adam-beyer-presents-drumcode-gashouder-amsterdam-dance-event-netherlands-2021-10-14.html,Adambeyer,techno,True
https://www.1001tracklists.com/tracklist/1t45fmyt/adam-beyer-regenerate-printworks-london-united-kingdom-2021-10-02.html,Adambeyer,techno,True
https://www.1001tracklists.com/tracklist/1jrqd5ht/adam-beyer-spotify-dj-mix-drum-codes-2021-09-29.html,Adambeyer,techno,True
https://www.1001tracklists.com/tracklist/bkrf521/adam-beyer-drumcode-radio-581-the-hangar-parklife-festival-united-kingdom-2021-09-11-2021-09-17.html,Adambeyer,techno,True
https://www.1001tracklists.com/tracklist/13qbfu91/adam-beyer-steel-yard-creamfields-uk-united-kingdom-2021-08-27.html,Adambeyer,techno,True
https://www.1001tracklists.com/tracklist/2fmd73yt/adam-beyer-drumcode-radio-578-newsam-park-festival-united-kingdom-2021-08-21-2021-08-27.html,Adambeyer,techno,True
https://www.1001tracklists.com/tracklist/22fq0rs9/adam-beyer-drumcode-radio-576-shindig-presents-times-square-newcastle-united-kingdom-2021-08-07-2021-08-13.html,Adambeyer,techno,True
https://www.1001tracklists.com/tracklist/1b6pzdm1/adam-beyer-drumcode-radio-572-fusion-festival-macedonia-2021-07-03-2021-07-16.html,Adambeyer,techno,True
https://www.1001tracklists.com/tracklist/2tqlxry9/adam-beyer-elixir-club-stage-tomorrowland-around-the-world-2021-07-16.html,Adambeyer,techno,True
https://www.1001tracklists.com/tracklist/2n3r4jsk/adam-beyer-drumcode-radio-570-2021-07-02.html,Adambeyer,techno,True
https://www.1001tracklists.com/tracklist/lxj2w6t/adam-beyer-openlab-afterhours-2021-06-27.html,Adambeyer,techno,True
https://www.1001tracklists.com/tracklist/nsz9491/adam-beyer-drumcode-radio-566-2021-06-05.html,Adambeyer,techno,True
https://www.1001tracklists.com/tracklist/cgs3u49/adam-beyer-drumcode-radio-561-2021-04-30.html,Adambeyer,techno,True
https://www.1001tracklists.com/tracklist/1zmj7929/adam-beyer-the-car-park-tobacco-dock-london-virtual-beatport-live-2021-04-02.html,Adambeyer,techno,True
https://www.1001tracklists.com/tracklist/15k12gqk/adam-beyer-drumcode-radio-557-2021-04-02.html,Adambeyer,techno,True
https://www.1001tracklists.com/tracklist/2ru6ucd9/adam-beyer-one-world-radio-core-mix-002-2021-03-10.html,Adambeyer,techno,True
https://www.1001tracklists.com/tracklist/1pcj57c1/adam-beyer-drumcode-radio-553-2021-03-05.html,Adambeyer,techno,True
https://www.1001tracklists.com/tracklist/11tmwc99/dino-lenny-adam-beyer-one-world-radio-core-radio-show-002-2021-02-28.html,Adambeyer,techno,True
https://www.1001tracklists.com/tracklist/2hftcf41/adam-beyer-drumcode-radio-549-2021-02-05.html,Adambeyer,techno,True
https://www.1001tracklists.com/tracklist/2jcduws9/adam-beyer-drumcode-radio-544-2021-01-01.html,Adambeyer,techno,True
https://www.1001tracklists.com/tracklist/12r1hrdk/adam-beyer-drumcode-radio-543-yearmix-2020-12-25.html,Adambeyer,techno,True
https://www.1001tracklists.com/tracklist/2k92ksl9/adam-beyer-drumcode-radio-540-2020-12-04.html,Adambeyer,techno,True
https://www.1001tracklists.com/tracklist/ubn0kb9/adam-beyer-drumcode-radio-537-2020-11-13.html,Adambeyer,techno,True
https://www.1001tracklists.com/tracklist/yzmhmy9/adam-beyer-beatport-live-when-the-music-stops-x-silentmode-2020-11-08.html,Adambeyer,techno,True
https://www.1001tracklists.com/tracklist/2cq1lvn9/adam-beyer-drumcode-radio-534-kompass-klub-gent-belgium-2020-06-26-2020-10-23.html,Adambeyer,techno,True
https://www.1001tracklists.com/tracklist/2vjlgz7k/adam-beyer-drumcode-radio-531-2020-10-02.html,Adambeyer,techno,True
https://www.1001tracklists.com/tracklist/1tzlv9b1/adam-beyer-drumcode-radio-528-life-stream-exit-festival-serbia-2020-09-11.html,Adambeyer,techno,True
https://www.1001tracklists.com/tracklist/1ndup3st/adam-beyer-bbc-6-music-2020-09-05.html,Adambeyer,techno,True
https://www.1001tracklists.com/tracklist/2qvcu059/adam-beyer-drumcode-radio-525-guendalina-santa-cesarea-terme-italy-2020-08-08-2020-08-21.html,Adambeyer,techno,True
https://www.1001tracklists.com/tracklist/17cdn4r9/adam-beyer-drumcode-radio-523-afrobar-catania-italy-2020-08-01-2020-08-07.html,Adambeyer,techno,True
https://www.1001tracklists.com/tracklist/cf971r1/adam-beyer-core-stage-tomorrowland-around-the-world-2020-07-25.html,Adambeyer,techno,True
https://www.1001tracklists.com/tracklist/w5p49d1/adam-beyer-the-console-junction-2s-j2v-virtual-festival-spain-beatport-live-2020-07-11.html,Adambeyer,techno,True
https://www.1001tracklists.com/tracklist/2sqtd399/adam-beyer-drumcode-radio-518-2020-07-03.html,Adambeyer,techno,True
https://www.1001tracklists.com/tracklist/u9zl5vt/adam-beyer-awakenings-festival-online-weekender-spain-2020-06-26.html,Adambeyer,techno,True
https://www.1001tracklists.com/tracklist/kxqqt99/adam-beyer-drumcode-radio-515-2020-06-12.html,Adambeyer,techno,True
https://www.1001tracklists.com/tracklist/2393dnh1/adam-beyer-drumcode-radio-512-2020-05-22.html,Adambeyer,techno,True
https://www.1001tracklists.com/tracklist/1jp11nk9/adam-beyer-ida-engberg-beatport-live-x-maac-present-wild-digital-spain-2020-05-16.html,Adambeyer,techno,True
https://www.1001tracklists.com/tracklist/1dxt15x1/adam-beyer-drumcode-radio-510-2020-05-08.html,Adambeyer,techno,True
https://www.1001tracklists.com/tracklist/13mpmjvk/adam-beyer-ida-engberg-united-through-music-tomorrowland-spain-2020-04-21.html,Adambeyer,techno,True
https://www.1001tracklists.com/tracklist/10u8lcq1/adam-beyer-cirez-d-drumcode-radio-507-2020-04-21.html,Adambeyer,techno,True
https://www.1001tracklists.com/tracklist/1r5gs5w9/adam-beyer-ida-engberg-drumcode-radio-505-blue-marlin-ibiza-spain-2020-04-03.html,Adambeyer,techno,True
https://www.1001tracklists.com/tracklist/1q7ngrnk/adam-beyer-drumcode-indoors-beatport-live-2020-04-03.html,Adambeyer,techno,True
https://www.1001tracklists.com/tracklist/1r5dcpnk/adam-beyer-drumcode-radio-503-sonar-istanbul-zorlu-performans-sanatlari-merkezi-turkey-2020-03-05-2020-03-20.html,Adambeyer,techno,True
https://www.1001tracklists.com/tracklist/1s34lb61/adam-beyer-maceo-plex-drumcode-radio-501-resistance-week-1-opening-party-privilege-ibiza-spain-2019-07-23-2020-03-06.html,Adambeyer,techno,True
https://www.1001tracklists.com/tracklist/tcnj6pt/adam-beyer-drumcode-radio-500-amnesia-milan-italy-2020-02-22-2020-02-28.html,Adambeyer,techno,True
https://www.1001tracklists.com/tracklist/ql616qt/adam-beyer-ida-engberg-drumcode-radio-498-renaissance-zamna-tulum-mexico-2020-01-04-2020-02-14.html,Adambeyer,techno,True
https://www.1001tracklists.com/tracklist/1r576rb9/adam-beyer-drumcode-radio-496-link-miami-rebels-club-space-miami-united-states-2019-12-28-2020-01-31.html,Adambeyer,techno,True
https://www.1001tracklists.com/tracklist/1uwf8989/adam-beyer-drumcode-radio-495-i-love-techno-montpellier-france-2019-12-14-2020-01-24.html,Adambeyer,techno,True
https://www.1001tracklists.com/tracklist/2rs6v5mt/adam-beyer-drumcode-radio-491-yearmix-2019-2019-12-27.html,Adambeyer,techno,True
https://www.1001tracklists.com/tracklist/2dlkbzd1/adam-beyer-drumcode-radio-489-elrow-barcelona-spain-2019-12-06-2019-12-13.html,Adambeyer,techno,True
https://www.1001tracklists.com/tracklist/cdcjcv1/adam-beyer-drumcode-radio-488-contact-festival-germany-2019-11-30-2019-12-06.html,Adambeyer,techno,True
https://www.1001tracklists.com/tracklist/26zpxl41/adam-beyer-tomorrowland-friendship-mix-2019-11-28.html,Adambeyer,techno,True
https://www.1001tracklists.com/tracklist/2n0wvrck/adam-beyer-drumcode-radio-486-neongarden-edc-orlando-united-states-2019-11-09-2019-11-22.html,Adambeyer,techno,True
https://www.1001tracklists.com/tracklist/j19uqq1/adam-beyer-drumcode-radio-484-drumcode-halloween-tobacco-dock-london-united-kingdom-2019-10-26-2019-11-08.html,Adambeyer,techno,True
https://www.1001tracklists.com/tracklist/1vtyyb0t/adam-beyer-drumcode-radio-482-resistance-santiago-espacio-broadway-santiago-de-chile-2019-10-04-2019-10-25.html,Adambeyer,techno,True
https://www.1001tracklists.com/tracklist/2vh797f9/adam-beyer-drumcode-radio-481-resistance-lima-peru-2019-10-12-2019-10-18.html,Adambeyer,techno,True
https://www.1001tracklists.com/tracklist/1tybwlct/adam-beyer-awakenings-x-adam-beyer-presents-drumcode-drumcode-amsterdam-dance-event-netherlands-2019-10-17.html,Adambeyer,techno,True
https://www.1001tracklists.com/tracklist/kwtw8t1/adam-beyer-carl-cox-drumcode-radio-479-2019-10-04.html,Adambeyer,techno,True
https://www.1001tracklists.com/tracklist/2vh5y4j9/adam-beyer-drumcode-radio-478-north-stage-awakenings-and-time-warp-pres.-connect-germany-2019-09-27.html,Adambeyer,techno,True
https://www.1001tracklists.com/tracklist/261s6nyk/adam-beyer-resistance-week-9-closing-party-privilege-ibiza-spain-2019-09-17.html,Adambeyer,techno,True
https://www.1001tracklists.com/tracklist/1jn7nh1t/carl-cox-adam-beyer-resistance-week-9-closing-party-privilege-ibiza-spain-2019-09-17.html,Adambeyer,techno,True
https://www.1001tracklists.com/tracklist/11rd3yx9/adam-beyer-ancient-theatre-of-fourviere-lyon-france-cercle-2019-09-09.html,Adambeyer,techno,True
https://www.1001tracklists.com/tracklist/1t0ftzlt/adam-beyer-drumcode-radio-475-main-floor-drumcode-festival-netherlands-2019-08-24-2019-09-06.html,Adambeyer,techno,True
https://www.1001tracklists.com/tracklist/cd33yz9/adam-beyer-drumcode-radio-474-brunch-in-the-park-barcelona-spain-2019-08-30.html,Adambeyer,techno,True
https://www.1001tracklists.com/tracklist/d9wfft1/adam-beyer-cirez-d-steel-yard-creamfields-united-kingdom-2019-08-25.html,Adambeyer,techno,True
https://www.1001tracklists.com/tracklist/195rdwwt/adam-beyer-enrico-sangiuliano-drumcode-radio-472-2019-08-16.html,Adambeyer,techno,True
https://www.1001tracklists.com/tracklist/1gsjt191/adam-beyer-ida-engberg-drumcode-radio-471-eric-prydz-presents-holosphere-tomorrowland-belgium-2019-07-26-2019-08-09.html,Adambeyer,techno,True
https://www.1001tracklists.com/tracklist/253sfyb1/adam-beyer-drumcode-radio-469-dour-festival-belgium-2019-07-10-2019-07-26.html,Adambeyer,techno,True
https://www.1001tracklists.com/tracklist/1fupkp11/adam-beyer-drumcode-radio-468-area-x-awakenings-festival-netherlands-2019-06-29-2019-07-19.html,Adambeyer,techno,True
https://www.1001tracklists.com/tracklist/2k74uubk/adam-beyer-enrico-sangiuliano-off-sonar-barcelona-spain-2019-07-19.html,Adambeyer,techno,True
https://www.1001tracklists.com/tracklist/1funbd69/adam-beyer-drumcode-radio-466-amnesia-ibiza-spain-elrow-2019-06-22-2019-07-07.html,Adambeyer,techno,True
https://www.1001tracklists.com/tracklist/lubs9jk/adam-beyer-area-v-awakenings-festival-netherlands-2019-06-30.html,Adambeyer,techno,True
https://www.1001tracklists.com/tracklist/2gfnzs6k/adam-beyer-drumcode-radio-464-junction-2-festival-united-kingdom-2019-06-07-2019-06-21.html,Adambeyer,techno,True
https://www.1001tracklists.com/tracklist/1dwrkwp1/adam-beyer-drumcode-radio-462-edc-las-vegas-united-states-2019-05-19-2019-06-07.html,Adambeyer,techno,True
https://www.1001tracklists.com/tracklist/1wrbnqyk/adam-beyer-ida-engberg-dalt-vila-ibiza-ims-ibiza-spain-2019-05-24.html,Adambeyer,techno,True
https://www.1001tracklists.com/tracklist/20gsw3tk/adam-beyer-cirez-d-downtown-las-vegas-event-center-united-states-2019-05-16.html,Adambeyer,techno,True
https://www.1001tracklists.com/tracklist/x20fltt/adam-beyer-drumcode-radio-458-horst-vienna-austria-2019-04-19-2019-05-10.html,Adambeyer,techno,True
https://www.1001tracklists.com/tracklist/2bq9n7t9/adam-beyer-drumcode-radio-457-2019-05-03.html,Adambeyer,techno,True
https://www.1001tracklists.com/tracklist/21dbxpqk/adam-beyer-drumcode-radio-460-arenile-di-bagnoli-naples-italy-2019-04-28.html,Adambeyer,techno,True
https://www.1001tracklists.com/tracklist/2m2htbnt/adam-beyer-drumcode-radio-455-2019-04-19.html,Adambeyer,techno,True
https://www.1001tracklists.com/tracklist/1vtf8lj9/adam-beyer-drumcode-radio-454-part-2-club-space-miami-united-states-2019-03-27-2019-04-12.html,Adambeyer,techno,True
https://www.1001tracklists.com/tracklist/fn4hckk/solomun-alexandra-palace-london-united-kingdom-2026-02-06.html,Solomun,tech house,True
https://www.1001tracklists.com/tracklist/2gtzncg1/solomun-tehmplo-tulum-mexico-2026-01-08.html,Solomun,tech house,True
https://www.1001tracklists.com/tracklist/289c5k69/solomun-superclub-lima-peru-2026-01-03.html,Solomun,tech house,True
https://www.1001tracklists.com/tracklist/289kv081/solomun-open-park-punta-del-este-uruguay-2025-12-29.html,Solomun,tech house,True
https://www.1001tracklists.com/tracklist/17q5n03t/solomun-christmas-in-bed-2025-2025-12-23.html,Solomun,tech house,True
https://www.1001tracklists.com/tracklist/2mgktvwt/solomun-diynamic-radioshow-200-2025-10-30.html,Solomun,tech house,True
https://www.1001tracklists.com/tracklist/1msywnbt/solomun-anyma-solomun-plus1-pacha-ibiza-spain-2025-09-07.html,Solomun,tech house,True
https://www.1001tracklists.com/tracklist/2lj7tqrt/solomun-steve-angello-solomun-plus1-pacha-ibiza-spain-2025-08-03.html,Solomun,tech house,True
https://www.1001tracklists.com/tracklist/288fdd71/solomun-steve-angello-dream-park-festival-sweden-2025-08-02.html,Solomun,tech house,True
https://www.1001tracklists.com/tracklist/2vu7q1u1/michael-bibi-solomun-bbc-radio-1-dance-presents-glastonbury-arcadia-glastonbury-festival-united-kingdom-2025-06-28-2025-08-02.html,Solomun,tech house,True
https://www.1001tracklists.com/tracklist/tq8850t/solomun-anyma-unvrs-ibiza-spain-2025-07-29.html,Solomun,tech house,True
https://www.1001tracklists.com/tracklist/2uwdt7gk/solomun-freedom-stage-tomorrowland-weekend-2-belgium-2025-07-26.html,Solomun,tech house,True
https://www.1001tracklists.com/tracklist/2p9lrwck/anyma-solomun-crystal-garden-stage-tomorrowland-weekend-2-belgium-2025-07-25.html,Solomun,tech house,True
https://www.1001tracklists.com/tracklist/2963wqhk/solomun-mainstage-tomorrowland-weekend-1-belgium-2025-07-20.html,Solomun,tech house,True
https://www.1001tracklists.com/tracklist/122d6d9t/solomun-dance-arena-exit-festival-serbia-2025-07-12.html,Solomun,tech house,True
https://www.1001tracklists.com/tracklist/1x2nspf1/solomun-resistance-stage-ultra-europe-croatia-2025-07-11.html,Solomun,tech house,True
https://www.1001tracklists.com/tracklist/2hqnwh0k/anyma-solomun-voyager-stage-kappa-futurfestival-turin-italy-2025-07-05.html,Solomun,tech house,True
https://www.1001tracklists.com/tracklist/2uw89rp1/skrillex-solomun-solomun-plus1-pacha-ibiza-spain-2025-06-29.html,Solomun,tech house,True
https://www.1001tracklists.com/tracklist/2fv1umvt/solomun-chateau-de-chantilly-paris-france-2025-06-21.html,Solomun,tech house,True
https://www.1001tracklists.com/tracklist/wh98cut/armin-van-buuren-solomun-dance-department-2025-05-24.html,Solomun,tech house,True
https://www.1001tracklists.com/tracklist/ghxrr21/solomun-four-tet-mau-p-chloe-caillet-diynamic-resistance-megastructure-ultra-music-festival-miami-united-states-2025-03-30.html,Solomun,tech house,True
https://www.1001tracklists.com/tracklist/2wrb6cmk/anyma-solomun-mainstage-ultra-music-festival-miami-united-states-2025-03-29.html,Solomun,tech house,True
https://www.1001tracklists.com/tracklist/2s24nnh1/solomun-the-end-of-genesys-sphere-las-vegas-united-states-2025-02-27.html,Solomun,tech house,True
https://www.1001tracklists.com/tracklist/1ccmhqtt/solomun-kineticfield-edc-mexico-2025-02-23.html,Solomun,tech house,True
https://www.1001tracklists.com/tracklist/z8870zt/solomun-parque-fundidora-monterrey-mexico-2025-02-22.html,Solomun,tech house,True
https://www.1001tracklists.com/tracklist/17nc2wp9/solomun-mute-mar-del-plata-argentina-2025-01-18.html,Solomun,tech house,True
https://www.1001tracklists.com/tracklist/pxxbt5t/solomun-michael-bibi-damian-lazarus-day-zero-festival-tulum-mexico-2025-01-11.html,Solomun,tech house,True
https://www.1001tracklists.com/tracklist/1zv01zwk/solomun-tehmplo-tulum-mexico-2025-01-09.html,Solomun,tech house,True
https://www.1001tracklists.com/tracklist/9ubx199/solomun-christmas-in-bed-2024-2024-12-22.html,Solomun,tech house,True
https://www.1001tracklists.com/tracklist/15snsksk/dom-dolla-solomun-the-wool-store-melbourne-australia-2024-12-08.html,Solomun,tech house,True
https://www.1001tracklists.com/tracklist/2r39pv1t/solomun-kucukciftlik-park-turkey-2024-08-31.html,Solomun,tech house,True
https://www.1001tracklists.com/tracklist/jb8lpkk/solomun-patrick-topping-steel-yard-creamfields-north-united-kingdom-2024-08-24.html,Solomun,tech house,True
https://www.1001tracklists.com/tracklist/k7xppmt/solomun-mainstage-tomorrowland-weekend-2-belgium-2024-07-26.html,Solomun,tech house,True
https://www.1001tracklists.com/tracklist/1g3swxs9/solomun-four-tet-crystal-garden-stage-tomorrowland-weekend-1-belgium-2024-07-20.html,Solomun,tech house,True
https://www.1001tracklists.com/tracklist/hd9mfck/solomun-space-riccione-italy-2024-07-13.html,Solomun,tech house,True
https://www.1001tracklists.com/tracklist/qumxxqt/solomun-chateau-de-chantilly-france-2024-06-21.html,Solomun,tech house,True
https://www.1001tracklists.com/tracklist/j9x4239/solomun-diynamic-outdoor-off-week-barcelona-parc-del-forum-barcelona-spain-2024-06-14.html,Solomun,tech house,True
https://www.1001tracklists.com/tracklist/2uujyymt/solomun-parc-du-cinquantenaire-belgium-2024-06-08.html,Solomun,tech house,True
https://www.1001tracklists.com/tracklist/2s0mkc71/solomun-movement-stage-movement-electronic-music-festival-detroit-united-states-2024-05-25.html,Solomun,tech house,True
https://www.1001tracklists.com/tracklist/13v3qdl9/solomun-tehmplo-tulum-mexico-2024-01-02.html,Solomun,tech house,True
https://www.1001tracklists.com/tracklist/1h0dl7ck/solomun-christmas-in-bed-2023-2023-12-22.html,Solomun,tech house,True
https://www.1001tracklists.com/tracklist/l4dfd81/solomun-awakenings-ziggo-dome-amsterdam-dance-event-netherlands-2023-10-21.html,Solomun,tech house,True
https://www.1001tracklists.com/tracklist/2dtpc109/solomun-reign-of-time-blend-techniques-lunar-space-athens-greece-2023-09-23.html,Solomun,tech house,True
https://www.1001tracklists.com/tracklist/qtgj8jk/solomun-ibiza-port-spain-2023-09-20.html,Solomun,tech house,True
https://www.1001tracklists.com/tracklist/1u5dd1w1/solomun-panorama-festival-puglia-italy-2023-08-12.html,Solomun,tech house,True
https://www.1001tracklists.com/tracklist/1d67xr99/solomun-finsbury-park-london-united-kingdom-2023-08-05.html,Solomun,tech house,True
https://www.1001tracklists.com/tracklist/268qzst9/solomun-marco-carola-50-years-anniversary-party-destino-pacha-ibiza-resort-spain-2023-08-02.html,Solomun,tech house,True
https://www.1001tracklists.com/tracklist/2ryyz459/solomun-the-mission-in-the-forest-bucharest-romania-2023-07-29.html,Solomun,tech house,True
https://www.1001tracklists.com/tracklist/2kfzl1x9/solomun-teksupport-brooklyn-navy-yard-nyc-united-states-2023-05-19.html,Solomun,tech house,True
https://www.1001tracklists.com/tracklist/24d6vg81/solomun-mute-mar-del-plata-argentina-2023-01-28.html,Solomun,tech house,True
https://www.1001tracklists.com/tracklist/1phk97yk/solomun-el-show-del-verano-peru-2023-01-20.html,Solomun,tech house,True
https://www.1001tracklists.com/tracklist/2jhp2z71/solomun-ocaso-festival-costa-rica-2023-01-07.html,Solomun,tech house,True
https://www.1001tracklists.com/tracklist/10zm1zsk/solomun-momentum-mix-december-2023-01-06.html,Solomun,tech house,True
https://www.1001tracklists.com/tracklist/23g6x6v9/solomun-christmas-in-bed-2022-2022-12-23.html,Solomun,tech house,True
https://www.1001tracklists.com/tracklist/19clfsjt/solomun-momentum-mix-october-2022-11-14.html,Solomun,tech house,True
https://www.1001tracklists.com/tracklist/259lf9pk/solomun-time-warp-germany-2022-10-29.html,Solomun,tech house,True
https://www.1001tracklists.com/tracklist/1gy9nn3k/solomun-adriatique-audio-obscura-the-loft-amsterdam-dance-event-netherlands-2022-10-23.html,Solomun,tech house,True
https://www.1001tracklists.com/tracklist/1c70xhwk/solomun-momentum-mix-september-2022-10-13.html,Solomun,tech house,True
https://www.1001tracklists.com/tracklist/bmus13t/solomun-port-ibiza-spain-2022-09-21.html,Solomun,tech house,True
https://www.1001tracklists.com/tracklist/1jtpjjvk/solomun-momentum-mix-august-2022-09-10.html,Solomun,tech house,True
https://www.1001tracklists.com/tracklist/tjlnu49/solomun-decoder-spacehall-tbilisi-georgia-2022-09-02.html,Solomun,tech house,True
https://www.1001tracklists.com/tracklist/2gm6cq2t/solomun-momentum-mix-july-2022-08-15.html,Solomun,tech house,True
https://www.1001tracklists.com/tracklist/pt71031/solomun-solomun-open-air-finsbury-park-london-united-kingdom-2022-08-06.html,Solomun,tech house,True
https://www.1001tracklists.com/tracklist/1c6lcrm1/solomun-diynamic-festival-bucharest-2022-07-15.html,Solomun,tech house,True
https://www.1001tracklists.com/tracklist/1c6jd1j9/solomun-momentum-mix-june-2022-07-13.html,Solomun,tech house,True
https://www.1001tracklists.com/tracklist/1f21xzgk/solomun-jager-stage-kappa-futurfestival-turin-italy-2022-07-02.html,Solomun,tech house,True
https://www.1001tracklists.com/tracklist/1rb5f3f9/solomun-johannes-brecht-after-affair-amphitheater-pula-pula-music-week-croatia-2022-07-01.html,Solomun,tech house,True
https://www.1001tracklists.com/tracklist/ck4sw5t/solomun-ferrara-summer-festival-italy-2022-06-25.html,Solomun,tech house,True
https://www.1001tracklists.com/tracklist/2kd8r8m1/solomun-off-week-festival-off-week-barcelona-parc-del-forum-barcelona-spain-2022-06-18.html,Solomun,tech house,True
https://www.1001tracklists.com/tracklist/2kd7wtx9/solomun-momentum-mix-may-2022-06-16.html,Solomun,tech house,True
https://www.1001tracklists.com/tracklist/1nj9y6v9/solomun-nobody-is-not-loved-festival-amsterdamse-bos-netherlands-2022-06-04.html,Solomun,tech house,True
https://www.1001tracklists.com/tracklist/1zptw4zt/solomun-momentum-mix-april-2022-05-12.html,Solomun,tech house,True
https://www.1001tracklists.com/tracklist/1qcmc29t/solomun-momentum-mix-march-2022-04-09.html,Solomun,tech house,True
https://www.1001tracklists.com/tracklist/2vmjrx79/solomun-momentum-mix-februray-2022-03-10.html,Solomun,tech house,True
https://www.1001tracklists.com/tracklist/20m2w58t/solomun-momentum-mix-januray-2022-02-11.html,Solomun,tech house,True
https://www.1001tracklists.com/tracklist/10xp1um9/solomun-ocaso-festival-costa-rica-2022-01-08.html,Solomun,tech house,True
https://www.1001tracklists.com/tracklist/1kq0gvqk/solomun-ame-the-cityfox-odyssey-avant-gardner-new-york-united-states-2021-12-31.html,Solomun,tech house,True
https://www.1001tracklists.com/tracklist/vbq8q2t/solomun-christmas-in-bed-2021-2021-12-23.html,Solomun,tech house,True
https://www.1001tracklists.com/tracklist/29wwkww1/vintage-culture-sofi-tukker-solomun-1live-dj-session-best-of-2021-guest-mixes-part-1-2021-12-18.html,Solomun,tech house,True
https://www.1001tracklists.com/tracklist/2q040ckt/solomun-momentum-mix-november-2021-12-02.html,Solomun,tech house,True
https://www.1001tracklists.com/tracklist/2stj8lw1/solomun-radius-chicago-united-states-2021-11-27.html,Solomun,tech house,True
https://www.1001tracklists.com/tracklist/1b7d9zt1/solomun-the-concourse-project-austin-united-states-2021-11-26.html,Solomun,tech house,True
https://www.1001tracklists.com/tracklist/1c52947t/solomun-enzo-siragusa-the-warehouse-project-manchester-united-kingdom-2021-11-05.html,Solomun,tech house,True
https://www.1001tracklists.com/tracklist/vbf32lk/solomun-momentum-mix-october-2021-11-03.html,Solomun,tech house,True
https://www.1001tracklists.com/tracklist/1xt2gdr9/solomun-time-warp-germany-2021-10-29.html,Solomun,tech house,True
https://www.1001tracklists.com/tracklist/2gkgr7h9/solomun-solomun-x-loveland-warehouse-houthavens-amsterdam-dance-event-netherlands-2021-10-14.html,Solomun,tech house,True
https://www.1001tracklists.com/tracklist/x5vlty9/solomun-momentum-mix-september-2021-10-06.html,Solomun,tech house,True
https://www.1001tracklists.com/tracklist/2jdy8h3k/solomun-modernity-stage-caprices-festival-switzerland-2021-09-25.html,Solomun,tech house,True
https://www.1001tracklists.com/tracklist/1wv4ldh1/solomun-osocor-residence-kiev-ukraine-2021-09-11.html,Solomun,tech house,True
https://www.1001tracklists.com/tracklist/nthu9w1/solomun-momentum-mix-august-2021-09-09.html,Solomun,tech house,True
https://www.1001tracklists.com/tracklist/mvq6jzt/solomun-the-mission-kudos-beach-mamaia-romania-2021-08-21.html,Solomun,tech house,True
https://www.1001tracklists.com/tracklist/12scrg8t/solomun-schonbrunn-palace-vienna-imperialis-open-air-austria-2021-08-05.html,Solomun,tech house,True
https://www.1001tracklists.com/tracklist/1b6su0zk/solomun-momentum-mix-july-2021-08-04.html,Solomun,tech house,True
https://www.1001tracklists.com/tracklist/2qx55fl1/solomun-mts-dance-arena-exit-festival-serbia-2021-07-11.html,Solomun,tech house,True
https://www.1001tracklists.com/tracklist/2btqs31k/solomun-momentum-mix-june-2021-07-08.html,Solomun,tech house,True
https://www.1001tracklists.com/tracklist/2n3kqbkk/solomun-momentum-mix-may-2021-06-08.html,Solomun,tech house,True
https://www.1001tracklists.com/tracklist/1uyw62gk/ivo-van-breukelen-solomun-dance-department-814-2021-06-02.html,Solomun,tech house,True
https://www.1001tracklists.com/tracklist/2hgh5b49/solomun-bbc-radio-1-big-weekend-2021-05-28.html,Solomun,tech house,True
https://www.1001tracklists.com/tracklist/mv3wvt1/solomun-nobody-is-not-loved-album-mix-2021-05-28.html,Solomun,tech house,True
https://www.1001tracklists.com/tracklist/w79v4vt/pete-tong-solomun-essential-selection-2021-05-21.html,Solomun,tech house,True
https://www.1001tracklists.com/tracklist/1mjbkyjk/solomun-triple-j-mix-up-2021-05-15.html,Solomun,tech house,True
https://www.1001tracklists.com/tracklist/2qwtn181/solomun-momentum-mix-april-2021-05-12.html,Solomun,tech house,True
https://www.1001tracklists.com/tracklist/z0jmvz9/solomun-1live-dj-session-2021-04-17.html,Solomun,tech house,True
https://www.1001tracklists.com/tracklist/1s537yv9/solomun-momentum-mix-march-2021-04-05.html,Solomun,tech house,True
https://www.1001tracklists.com/tracklist/qpqyctt/solomun-florian-schumacher-clubding-2021-04-04.html,Solomun,tech house,True
https://www.1001tracklists.com/tracklist/1d1q0n51/solomun-sputnik-club-2021-03-06.html,Solomun,tech house,True
https://www.1001tracklists.com/tracklist/rkug8sk/solomun-momentum-mix-february-2021-03-05.html,Solomun,tech house,True
https://www.1001tracklists.com/tracklist/mufmfqk/solomun-momentum-mix-january-2021-02-03.html,Solomun,tech house,True
https://www.1001tracklists.com/tracklist/1zlx4j4t/solomun-christmas-in-bed-2020-2020-12-23.html,Solomun,tech house,True
https://www.1001tracklists.com/tracklist/2n1xn559/solomun-iconyc-essentials-044-2020-08-10.html,Solomun,tech house,True
https://www.1001tracklists.com/tracklist/29u2kd3t/solomun-something-global-radio-540-2020-07-22.html,Solomun,tech house,True
https://www.1001tracklists.com/tracklist/1d08s8j1/solomun-nordstern-basel-switzerland-2020-07-04.html,Solomun,tech house,True
https://www.1001tracklists.com/tracklist/1c22372k/solomun-templo-xunanha-quintana-roo-zamna-tulum-mexico-2020-01-04.html,Solomun,tech house,True
https://www.1001tracklists.com/tracklist/g5u2dht/solomun-christmas-in-bed-2019-2019-12-23.html,Solomun,tech house,True
https://www.1001tracklists.com/tracklist/2txk4qr9/solomun-unleash-presents-solomun-printworks-london-united-kingdom-2019-12-20.html,Solomun,tech house,True
https://www.1001tracklists.com/tracklist/rhg9l51/solomun-galaxy-stage-untold-festival-romania-2019-08-02.html,Solomun,tech house,True
https://www.1001tracklists.com/tracklist/2n0ll5gt/solomun-mainstage-tomorrowland-weekend-2-belgium-2019-07-28.html,Solomun,tech house,True
https://www.1001tracklists.com/tracklist/1jn25hg9/solomun-diynamic-stage-tomorrowland-weekend-1-belgium-2019-07-19.html,Solomun,tech house,True
https://www.1001tracklists.com/tracklist/2vgy2xg9/solomun-tale-of-us-mts-dance-arena-exit-festival-serbia-2019-07-06.html,Solomun,tech house,False
https://www.1001tracklists.com/tracklist/ppdvz79/solomun-adriatique-diynamic-after-party-off-sonar-barcelona-june-2019-spain-2019-06-15.html,Solomun,tech house,False
https://www.1001tracklists.com/tracklist/pmmjkuk/solomun-chambord-x-cercle-festival-france-2019-05-11.html,Solomun,tech house,False
https://www.1001tracklists.com/tracklist/29sfhg49/solomun-floor-2-time-warp-germany-2019-04-06.html,Solomun,tech house,False
https://www.1001tracklists.com/tracklist/kwb0hs9/solomun-tomorrowland-one-world-radio-15-years-mix-2019-03-21.html,Solomun,tech house,False
https://www.1001tracklists.com/tracklist/2qtb17n1/solomun-christmas-in-bed-2018-2018-12-23.html,Solomun,tech house,False
https://www.1001tracklists.com/tracklist/1ylfk4hk/solomun-art-basel-weekend-club-space-miami-united-states-2018-12-09.html,Solomun,tech house,False
https://www.1001tracklists.com/tracklist/sdyqbmk/solomun-dance-department-538-2018-08-06.html,Solomun,tech house,False
https://www.1001tracklists.com/tracklist/1b2bqkgk/solomun-mainstage-tomorrowland-weekend-2-belgium-2018-07-29.html,Solomun,tech house,False
https://www.1001tracklists.com/tracklist/9h7lns1/solomun-grand-theft-auto-online-after-hours-nightclub-set-2018-07-24.html,Solomun,tech house,False
https://www.1001tracklists.com/tracklist/f6fqgyk/solomun-diynamic-stage-tomorrowland-weekend-1-belgium-2018-07-21.html,Solomun,tech house,False
https://www.1001tracklists.com/tracklist/2rqz81sk/solomun-mts-dance-arena-exit-festival-serbia-2018-07-15.html,Solomun,tech house,False
https://www.1001tracklists.com/tracklist/1p84u2k9/solomun-peacock-society-2018-07-07.html,Solomun,tech house,False
https://www.1001tracklists.com/tracklist/236x8g0k/solomun-kappa-futurfestival-turin-italy-be-at-tv-2018-07-07.html,Solomun,tech house,False
https://www.1001tracklists.com/tracklist/rg4lrb1/solomun-diynamic-outdoor-off-week-barcelona-spain-2018-06-16.html,Solomun,tech house,False
https://www.1001tracklists.com/tracklist/2wcgcdn1/solomun-theatre-antique-dorange-france-cercle-2018-05-21.html,Solomun,tech house,False
https://www.1001tracklists.com/tracklist/u75cms1/solomun-tale-of-us-sound-tulum-mexico-2018-01-13.html,Solomun,tech house,False
https://www.1001tracklists.com/tracklist/1p7clcvk/solomun-christmas-in-bed-2017-2017-12-21.html,Solomun,tech house,False
https://www.1001tracklists.com/tracklist/1r3199p9/solomun-ame-depot-52-warehouse-new-york-united-states-2017-12-08.html,Solomun,tech house,False
https://www.1001tracklists.com/tracklist/2448rjl9/solomun-bogota-colombia-at-hollywood-calera-2017-11-24.html,Solomun,tech house,False
https://www.1001tracklists.com/tracklist/nn68nt1/solomun-15-years-warung-beach-club-brazil-be-at-tv-2017-11-17.html,Solomun,tech house,False
https://www.1001tracklists.com/tracklist/2nwf0rn9/solomun-old-port-ibiza-spain-be-at-tv-2017-09-27.html,Solomun,tech house,False
https://www.1001tracklists.com/tracklist/1hn5nnwk/richie-hawtin-the-black-madonna-solomun-radio-1s-essential-mix-ibiza-rewind-2017-08-05.html,Solomun,tech house,False
https://www.1001tracklists.com/tracklist/1xm67bg9/solomun-diynamic-stage-tomorrowland-weekend-2-belgium-2017-07-29.html,Solomun,tech house,False
https://www.1001tracklists.com/tracklist/ls8r0jk/solomun-mainstage-tomorrowland-weekend-1-belgium-2017-07-23.html,Solomun,tech house,False
https://www.1001tracklists.com/tracklist/2pu02bxt/solomun-dixon-mts-dance-arena-exit-festival-novi-sad-serbia-2017-07-07.html,Solomun,tech house,False
https://www.1001tracklists.com/tracklist/ls5l129/solomun-diynamic-outdoor-parc-del-forum-barcelona-off-week-barcelona-be-at-tv-2017-06-16.html,Solomun,tech house,False
https://www.1001tracklists.com/tracklist/cc1gz3k/solomun-club-haus-80s-milan-2017-04-08.html,Solomun,tech house,False
https://www.1001tracklists.com/tracklist/1wnx7jg9/solomun-diynamic-in-the-jungle-palapa-kinha-the-bpm-festival-mexico-be-at-tv-2017-01-11.html,Solomun,tech house,False
https://www.1001tracklists.com/tracklist/lrsln39/solomun-christmas-in-bed-2016-12-22.html,Solomun,tech house,False
https://www.1001tracklists.com/tracklist/27u9ws01/solomun-space-closing-fiesta-terraza-space-ibiza-spain-be-at-tv-2016-10-02.html,Solomun,tech house,False
https://www.1001tracklists.com/tracklist/g2jbv1t/solomun-destino-pacha-ibiza-resort-spain-2016-08-26.html,Solomun,tech house,False
https://www.1001tracklists.com/tracklist/ktmlh21/solomun-radio-1s-essential-mix-pacha-ibiza-spain-2016-07-30.html,Solomun,tech house,False
https://www.1001tracklists.com/tracklist/2k44urq1/solomun-diynamic-stage-tomorrowland-belgium-2016-07-23.html,Solomun,tech house,False
https://www.1001tracklists.com/tracklist/sb74x39/solomun-kappa-futurfestival-turin-italy-2016-07-09.html,Solomun,tech house,False
https://www.1001tracklists.com/tracklist/1frlcuk1/solomun-off-week-barcelona-spain-be-at-tv-2016-06-18.html,Solomun,tech house,False
https://www.1001tracklists.com/tracklist/1n84vdck/solomun-diynamic-stage-tomorrowland-brasil-2016-04-23.html,Solomun,tech house,False
https://www.1001tracklists.com/tracklist/7u7sf71/solomun-diynamic-in-the-jungle-the-bpm-festival-mexico-playa-del-carmen-be-at-tv-2016-01-13.html,Solomun,tech house,False
https://www.1001tracklists.com/tracklist/2w57mk1/solomun-cocoon-creamfields-buenos-aires-argentina-2015-11-14.html,Solomun,tech house,False
https://www.1001tracklists.com/tracklist/2q7rb33k/solomun-cannibals-tea-party-escape-halloween-pyscho-circus-nos-events-center-san-bernardino-united-states-2015-10-31.html,Solomun,tech house,False
https://www.1001tracklists.com/tracklist/1p9bcyk/solomun-destino-pacha-ibiza-resort-spain-2015-08-20.html,Solomun,tech house,False
https://www.1001tracklists.com/tracklist/45n41x1/pete-tong-carl-cox-solomun-essential-selection-2015-08-14.html,Solomun,tech house,False
https://www.1001tracklists.com/tracklist/275kjzk/solomun-adriatique-family-piknik-france-dancetrippin.tv-412-2015-08-02.html,Solomun,tech house,False
https://www.1001tracklists.com/tracklist/16bl8t9/solomun-ame-south-west-four-festival-united-kingdom-2015-07-29.html,Solomun,tech house,False
https://www.1001tracklists.com/tracklist/74y6l5t/solomun-carl-cox-friends-stage-tomorrowland-belgium-2015-07-24.html,Solomun,tech house,False
https://www.1001tracklists.com/tracklist/8rk7up9/pete-tong-stuart-price-danny-daze-solomun-essential-selection-2015-06-26.html,Solomun,tech house,False
https://www.1001tracklists.com/tracklist/5y462y1/solomun-bbc-radio-1-residency-2015-06-26.html,Solomun,tech house,False
https://www.1001tracklists.com/tracklist/1uzykn1/solomun-diynamic-outdoor-sonar-festival-barcelona-spain-2015-06-20.html,Solomun,tech house,False
https://www.1001tracklists.com/tracklist/3wj5jz1/solomun-we-are-fstvl-united-kingdom-2015-05-31.html,Solomun,tech house,False
https://www.1001tracklists.com/tracklist/5672gd1/solomun-bbc-radio-1-residency-2015-05-29.html,Solomun,tech house,False
https://www.1001tracklists.com/tracklist/3jptsr9/solomun-diynamic-stage-tomorrowland-brasil-2015-05-02.html,Solomun,tech house,False
https://www.1001tracklists.com/tracklist/3bkbkb9/solomun-bbc-radio-1-residency-2015-04-24.html,Solomun,tech house,False
https://www.1001tracklists.com/tracklist/29q7su9/solomun-bbc-radio-1-residency-2015-03-27.html,Solomun,tech house,False
https://www.1001tracklists.com/tracklist/7jjulq1/solomun-bbc-radio-1-residency-2015-02-27.html,Solomun,tech house,False
https://www.1001tracklists.com/tracklist/3q8s1y1/solomun-bbc-radio-1-residency-2015-01-30.html,Solomun,tech house,False
https://www.1001tracklists.com/tracklist/74jhs61/solomun-ame-solomun-plus1-canibal-royal-playa-del-carmen-mexico-the-bpm-festival-mexico-2015-01-16.html,Solomun,tech house,False
https://www.1001tracklists.com/tracklist/2hnbu1k/solomun-tulum-diynamic-takeover-boiler-room-the-bpm-festival-mexico-2015-01-14.html,Solomun,tech house,False
https://www.1001tracklists.com/tracklist/12tcsvt/solomun-diynamic-showcase-blue-parrot-playa-del-carmen-mexico-the-bpm-festival-mexico-be-at-tv-2015-01-13.html,Solomun,tech house,False
https://www.1001tracklists.com/tracklist/5rrw159/solomun-christmas-in-bed-mix-2014-12-18.html,Solomun,tech house,False
https://www.1001tracklists.com/tracklist/2scpyt1/pete-tong-axwell-ingrosso-solomun-essential-selection-2014-12-12.html,Solomun,tech house,False
https://www.1001tracklists.com/tracklist/31k3cr1/kollektiv-turmstrasse-solomun-loveland-diynamic-showcase-mediahaven-amsterdam-dance-event-netherlands-2014-10-16.html,Solomun,tech house,False
https://www.1001tracklists.com/tracklist/3zsylu9/solomun-dj-mag-hq-sessions-egg-2014-09-26.html,Solomun,tech house,False
https://www.1001tracklists.com/tracklist/1d8c5mnk/solomun-global-underground-hash40-hamburg-2014-09-01.html,Solomun,tech house,False
https://www.1001tracklists.com/tracklist/1rcbrp1/solomun-andhim-pacha-ibiza-spain-2014-08-17.html,Solomun,tech house,False
https://www.1001tracklists.com/tracklist/749q781/solomun-loveland-festival-sloterpark-amsterdam-netherlands-dancetrippin.tv-375-2014-08-09.html,Solomun,tech house,False
https://www.1001tracklists.com/tracklist/1gfph4t/solomun-watergate-diynamic-open-air-rummerlsburg-berlin-germany-2014-08-03.html,Solomun,tech house,False
https://www.1001tracklists.com/tracklist/7f3hd2k/solomun-andhim-radio-1s-residency-ibiza-b2b-special-2014-08-01.html,Solomun,tech house,False
https://www.1001tracklists.com/tracklist/41r8fkt/solomun-h.o.s.h.-diynamic-radioshow-june-2014-2014-06-19.html,Solomun,tech house,False
https://www.1001tracklists.com/tracklist/30xfcl1/solomun-diynamic-stage-extrema-outdoor-belgium-be-at-tv-2014-06-07.html,Solomun,tech house,False
https://www.1001tracklists.com/tracklist/4mlzptk/solomun-h.o.s.h.-diynamic-festival-amsterdamse-bos-netherlands-2014-05-30.html,Solomun,tech house,False
https://www.1001tracklists.com/tracklist/87tmly1/solomun-eat-sleep-rave-repeat-stage-we-are-fstvl-upminster-united-kingdom-2014-05-25.html,Solomun,tech house,False
https://www.1001tracklists.com/tracklist/3hnt28t/pete-tong-adana-twins-solomun-essential-selection-petes-hamburg-house-stars-2014-03-21.html,Solomun,tech house,False
https://www.1001tracklists.com/tracklist/2ut1w8t/solomun-diynamic-radioshow-2014-03-18.html,Solomun,tech house,False
https://www.1001tracklists.com/tracklist/3yfn3n9/solomun-diynamic-showcase-blue-parrot-playa-del-carmen-mexico-the-bpm-festival-mexico-be-at-tv-2014-01-09.html,Solomun,tech house,False
https://www.1001tracklists.com/tracklist/3vcyuv1/solomun-1live-rocker-2013-12-08.html,Solomun,tech house,False
https://www.1001tracklists.com/tracklist/4qb2u8t/solomun-pulse-radio-podcast-solomunplus1-closing-party-pacha-ibiza-150-2013-10-06.html,Solomun,tech house,False
https://www.1001tracklists.com/tracklist/22myrxt/h.o.s.h.-solomun-diynamic-neon-nights-sankeys-ibiza-spain-2013-09-10.html,Solomun,tech house,False
https://www.1001tracklists.com/tracklist/3y5yv01/solomun-south-west-four-united-kingdom-2013-08-24.html,Solomun,tech house,False
https://www.1001tracklists.com/tracklist/zy8s3d1/solomun-solomun-plus1-pacha-ibiza-spain-2013-08-12.html,Solomun,tech house,False
https://www.1001tracklists.com/tracklist/4vyn681/pete-tong-alesso-rudimental-essential-selection-2013-08-02.html,Solomun,tech house,False
https://www.1001tracklists.com/tracklist/10w2fnwt/solomun-ame-pacha-ibiza-spain-2013-05-26.html,Solomun,tech house,False
https://www.1001tracklists.com/tracklist/51v1du9/solomun-diynamic-festival-arena-park-amsterdam-netherlands-2013-05-18.html,Solomun,tech house,False
https://www.1001tracklists.com/tracklist/7v557p9/solomun-resident-advisor-podcast-ra-360-2013-04-22.html,Solomun,tech house,False
https://www.1001tracklists.com/tracklist/8sx9rv9/solomun-diynamic-neon-nights-nikki-beach-miami-miami-winter-music-conference-be-at-tv-2013-03-20.html,Solomun,tech house,False
https://www.1001tracklists.com/tracklist/1bhd6ut/solomun-sputnik-2013-03-09.html,Solomun,tech house,False
https://www.1001tracklists.com/tracklist/3kzgq1k/solomun-1live-rocker-2013-02-24.html,Solomun,tech house,False
https://www.1001tracklists.com/tracklist/5jjk5l1/solomun-goa-rockstar-mix-2013-01-15.html,Solomun,tech house,False
https://www.1001tracklists.com/tracklist/2vl8600t/moguai-solomun-1live-rocker-2013-01-06.html,Solomun,tech house,False
https://www.1001tracklists.com/tracklist/8stq3p1/solomun-diynamic-radioshow-2013-01-01.html,Solomun,tech house,False
https://www.1001tracklists.com/tracklist/65c9l6t/sebastian-ingrosso-alesso-pete-tong-bbc-radio-1-ibiza-rewind-part-2-2012-12-28.html,Solomun,tech house,False
https://www.1001tracklists.com/tracklist/54kjwdk/solomun-mixmag-fire-london-united-kingdom-2012-12-14.html,Solomun,tech house,False
https://www.1001tracklists.com/tracklist/vjsn4kk/solomun-diynamic-neon-nights-schram-studios-amsterdam-the-netherlands-2012-10-18.html,Solomun,tech house,False
https://www.1001tracklists.com/tracklist/3rxd6jk/solomun-vista-club-closing-party-privilege-ibiza-spain-2012-10-06.html,Solomun,tech house,False
https://www.1001tracklists.com/tracklist/3kt7rut/solomun-copyright-in-the-house-pacha-ibiza-spain-2012-07-21-2012-09-17.html,Solomun,tech house,False
https://www.1001tracklists.com/tracklist/97llvqk/solomun-diynamic-music-nights-preparty-sankeys-ibiza-spain-2012-09-11.html,Solomun,tech house,False
https://www.1001tracklists.com/tracklist/40pqv21/pete-tong-nicole-moudaber-solomun-essential-selection-2012-09-07.html,Solomun,tech house,False
https://www.1001tracklists.com/tracklist/8hr4g8k/h.o.s.h.-solomun-ibiza-sonica-el-pirata-ibiza-2012-08-30.html,Solomun,tech house,False
https://www.1001tracklists.com/tracklist/cjl3579/solomun-extrema-outdoor-belgium-2012-08-11.html,Solomun,tech house,False
https://www.1001tracklists.com/tracklist/6g3v8c1/solomun-bbc-radio-1-essential-mix-2012-07-28.html,Solomun,tech house,False
https://www.1001tracklists.com/tracklist/6g1uc69/copyright-solomun-in-the-house-2012-05-28.html,Solomun,tech house,False
https://www.1001tracklists.com/tracklist/2554lpc1/solomun-david-august-mixmag-dj-lab-2012-04-24.html,Solomun,tech house,False
https://www.1001tracklists.com/tracklist/1yyv439/solomun-proton-radio-craft-knot-2012-03-24.html,Solomun,tech house,False
https://www.1001tracklists.com/tracklist/3gmzgd9/solomun-shelborne-pool-party-dj-mag-recession-sessions-miami-winter-music-conference-united-states-be-at-tv-2012-03-21.html,Solomun,tech house,False
https://www.1001tracklists.com/tracklist/97dspq9/solomun-diynamic-radioshow-march-2012-03-15.html,Solomun,tech house,False
https://www.1001tracklists.com/tracklist/y42yh1/solomun-soundwall-podcast-88-2012-02-18.html,Solomun,tech house,False
https://www.1001tracklists.com/tracklist/vq8c81/solomun-sunshine-live-mix-mission-2011-12-29.html,Solomun,tech house,False
https://www.1001tracklists.com/tracklist/jcs37t/solomun-diynamic-radioshow-2011-12-28.html,Solomun,tech house,False
https://www.1001tracklists.com/tracklist/usdff1/solomun-diynamic-radioshow-2011-11-16.html,Solomun,tech house,False
https://www.1001tracklists.com/tracklist/88tr5t/solomun-cocorico-riccione-italy-2011-10-31.html,Solomun,tech house,False
https://www.1001tracklists.com/tracklist/fql4st/solomun-studio-80-amsterdam-netherlands-2011-10-20.html,Solomun,tech house,False
https://www.1001tracklists.com/tracklist/xfjt31/solomun-ibizarre-night-2011-10-10.html,Solomun,tech house,False
https://www.1001tracklists.com/tracklist/m94f71/solomun-diynamic-radioshow-october-2011-10-01.html,Solomun,tech house,False
https://www.1001tracklists.com/tracklist/dqv86t/solomun-diynamic-radioshow-2011-09-02.html,Solomun,tech house,False
https://www.1001tracklists.com/tracklist/t71znk/solomun-in-house.club-passo-fundo-brazil-2011-08-05.html,Solomun,tech house,False
https://www.1001tracklists.com/tracklist/4ny9hk/solomun-sceen.fm-romy-s-radioshow-2011-07-28.html,Solomun,tech house,False
https://www.1001tracklists.com/tracklist/r496q1/solomun-diynamic-radioshow-july-2011-07-01.html,Solomun,tech house,False
https://www.1001tracklists.com/tracklist/x290dt/solomun-diynamic-radioshow-june-2011-06-23.html,Solomun,tech house,False
https://www.1001tracklists.com/tracklist/j8vy0t/solomun-opening-corso-hotel-club-ibiza-spain-2011-05-26.html,Solomun,tech house,False
https://www.1001tracklists.com/tracklist/lf7d29/solomun-dont-stay-in-mix-of-the-week-080-2011-04-04.html,Solomun,tech house,False
https://www.1001tracklists.com/tracklist/4bh5v9/solomun-electric-pickle-miami-united-states-2011-03-17.html,Solomun,tech house,False
https://www.1001tracklists.com/tracklist/bjgq0vt/solomun-diynamic-radioshow-hello-spring-2010-04-09.html,Solomun,tech house,False
https://www.1001tracklists.com/tracklist/6m6w5t/solomun-steve-bug-triple-j-the-club-2009-07-25.html,Solomun,tech house,False
https://www.1001tracklists.com/tracklist/1xsly4v1/solomun-djbroadcast-podcast-054-2009-05-14.html,Solomun,tech house,False
https://www.1001tracklists.com/tracklist/1sgssl3t/roman-flugel-rinse-fm-2026-01-17.html,Romanflugel,tech house,True
https://www.1001tracklists.com/tracklist/n3y6389/roman-flugel-rinse-fm-2025-10-18.html,Romanflugel,tech house,True
https://www.1001tracklists.com/tracklist/1w51qcnt/roman-flugel-the-lot-radio-2025-08-15.html,Romanflugel,tech house,True
https://www.1001tracklists.com/tracklist/27bjrdzk/roman-flugel-rinse-fm-2025-07-19.html,Romanflugel,tech house,True
https://www.1001tracklists.com/tracklist/1msj7km1/roman-flugel-rinse-fm-2025-06-21.html,Romanflugel,tech house,True
https://www.1001tracklists.com/tracklist/1sf9136t/roman-flugel-rinse-fm-2025-05-10.html,Romanflugel,tech house,True
https://www.1001tracklists.com/tracklist/279s3n01/roman-flugel-rinse-fm-2025-03-08.html,Romanflugel,tech house,True
https://www.1001tracklists.com/tracklist/2uvkud41/roman-flugel-the-lot-radio-2025-02-27.html,Romanflugel,tech house,True
https://www.1001tracklists.com/tracklist/1v655zb9/roman-flugel-rinse-fm-2025-02-08.html,Romanflugel,tech house,True
https://www.1001tracklists.com/tracklist/24j0rus1/roman-flugel-rinse-fm-2025-01-11.html,Romanflugel,tech house,True
https://www.1001tracklists.com/tracklist/tny0l1k/roman-flugel-rinse-fm-2024-12-14.html,Romanflugel,tech house,True
https://www.1001tracklists.com/tracklist/2grkm77k/roman-flugel-rinse-fm-2024-11-09.html,Romanflugel,tech house,True
https://www.1001tracklists.com/tracklist/1sd1zlut/roman-flugel-rinse-fm-2024-10-12.html,Romanflugel,tech house,True
https://www.1001tracklists.com/tracklist/1kuyvg19/roman-flugel-rinse-fm-2024-07-13.html,Romanflugel,tech house,True
https://www.1001tracklists.com/tracklist/xc3w501/roman-flugel-rinse-fm-2024-06-08.html,Romanflugel,tech house,True
https://www.1001tracklists.com/tracklist/16szdbzk/dj-tennis-raw-cuts-tennis-court-mmw-united-states-2026-03-26.html,Djtennis,tech house,True
https://www.1001tracklists.com/tracklist/2mhb8pqk/dj-tennis-dj-boring-west-side-skyline-festival-united-states-2026-03-01.html,Djtennis,tech house,True
https://www.1001tracklists.com/tracklist/25hp21zk/dj-tennis-elevator-music-2025-11-21.html,Djtennis,tech house,True
https://www.1001tracklists.com/tracklist/tqql95t/dj-tennis-crystal-garden-tomorrowland-brasil-2025-10-10.html,Djtennis,tech house,True
https://www.1001tracklists.com/tracklist/tql839t/dj-tennis-carlita-kaz-james-hom-the-edge-of-playa-burning-man-united-states-2025-08-28.html,Djtennis,tech house,True
https://www.1001tracklists.com/tracklist/2q7gsr21/arielle-free-dj-tennis-eliza-rose-rave-up-2025-08-07.html,Djtennis,tech house,True
https://www.1001tracklists.com/tracklist/13090fnt/dj-tennis-core-stage-tomorrowland-weekend-2-belgium-2025-07-26.html,Djtennis,tech house,True
https://www.1001tracklists.com/tracklist/1h2pc1u9/gorgon-city-dj-tennis-experts-only-zamna-tulum-mexico-2025-01-04.html,Djtennis,tech house,True
https://www.1001tracklists.com/tracklist/18kgp4dt/dj-tennis-life-and-death-podcast-continuum-fabric-london-united-kingdom-2024-02-24-2024-10-21.html,Djtennis,tech house,True
https://www.1001tracklists.com/tracklist/12z5hnq9/dj-tennis-mayan-warrior-burning-man-united-states-2024-08-31.html,Djtennis,tech house,True
https://www.1001tracklists.com/tracklist/2jnq99n1/dj-tennis-bonobo-robot-heart-burning-man-united-states-2024-08-29.html,Djtennis,tech house,True
https://www.1001tracklists.com/tracklist/286hj609/seth-troxler-dj-tennis-pink-stage-hard-summer-festival-united-states-2024-08-03.html,Djtennis,tech house,True
https://www.1001tracklists.com/tracklist/pwq7xut/dj-tennis-the-lot-radio-united-states-2024-05-24.html,Djtennis,tech house,True
https://www.1001tracklists.com/tracklist/286dylpt/dj-tennis-robot-heart-loom-oakland-united-states-2024-05-03.html,Djtennis,tech house,True
https://www.1001tracklists.com/tracklist/1h0z4pu9/lp-giobbi-dj-tennis-lp-giobbi-presents-femme-house-radio-146-elrow-factory-town-miami-music-week-united-states-2024-03-24-2024-04-01.html,Djtennis,tech house,True
https://www.1001tracklists.com/tracklist/pxsqyqt/carlita-dj-tennis-neongarden-edc-mexico-2024-02-25.html,Djtennis,tech house,True
https://www.1001tracklists.com/tracklist/26bdv481/mochakk-dj-tennis-seth-troxler-circoloco-museu-do-amanha-rio-de-janeiro-brazil-2024-02-09.html,Djtennis,tech house,True
https://www.1001tracklists.com/tracklist/pvrz6u1/dj-tennis-carlita-astra-club-hocus-pocus-factory-town-miami-united-states-2023-10-28.html,Djtennis,tech house,True
https://www.1001tracklists.com/tracklist/2gpcud21/dj-tennis-radio-1s-residency-2023-10-26.html,Djtennis,tech house,True
https://www.1001tracklists.com/tracklist/284r728k/dj-tennis-radio-1s-residency-2023-10-19.html,Djtennis,tech house,True
https://www.1001tracklists.com/tracklist/1w19hkzt/dj-tennis-radio-1s-residency-2023-10-12.html,Djtennis,tech house,True
https://www.1001tracklists.com/tracklist/fh2z8nk/dj-tennis-radio-1s-residency-2023-10-05.html,Djtennis,tech house,True
https://www.1001tracklists.com/tracklist/2n7y9h6k/dj-tennis-core-stage-tomorrowland-weekend-2-belgium-2023-07-30.html,Djtennis,tech house,True
https://www.1001tracklists.com/tracklist/2q3h9189/dj-tennis-boiler-room-polifonic-festival-italy-2023-07-29.html,Djtennis,tech house,True
https://www.1001tracklists.com/tracklist/23h3szdt/dj-tennis-carlita-jager-stage-kappa-futurfestival-turin-italy-2023-06-30.html,Djtennis,tech house,True
https://www.1001tracklists.com/tracklist/l38fkv9/dj-tennis-carlita-yuma-tent-coachella-festival-weekend-2-united-states-2023-04-22.html,Djtennis,tech house,True
https://www.1001tracklists.com/tracklist/1ytr8q61/dj-tennis-carlita-astra-club-club-space-miami-united-states-2023-01-28.html,Djtennis,tech house,True
https://www.1001tracklists.com/tracklist/291733zk/dj-tennis-resident-advisor-live-gala-2022-2023-01-19.html,Djtennis,tech house,True
https://www.1001tracklists.com/tracklist/267nm7zt/dj-tennis-hor-berlin-2022-12-27.html,Djtennis,tech house,True
https://www.1001tracklists.com/tracklist/1zqsl9qk/dj-tennis-carlita-hipodromo-de-las-americas-mexico-2022-10-30.html,Djtennis,tech house,True
https://www.1001tracklists.com/tracklist/1lphrzp9/dj-tennis-carlita-robot-heart-burning-man-united-states-2022-09-01.html,Djtennis,tech house,True
https://www.1001tracklists.com/tracklist/1s8s8tu1/dj-tennis-live-from-the-star-chaser-at-lost-village-2022-lost-village-festival-united-kingdom-2022-08-25.html,Djtennis,tech house,True
https://www.1001tracklists.com/tracklist/2qzbjk91/dj-tennis-pyramid-stage-movement-electronic-music-festival-detroit-united-states-2022-05-30.html,Djtennis,tech house,True
https://www.1001tracklists.com/tracklist/2trbh979/lp-giobbi-dj-tennis-lp-giobbi-presents-femme-house-radio-040-2021-11-27.html,Djtennis,tech house,True
https://www.1001tracklists.com/tracklist/12sxzkpt/dj-tennis-circoloco-x-rockstar-games-grand-central-terminal-new-york-city-united-states-beatport-live-2021-11-22.html,Djtennis,tech house,True
https://www.1001tracklists.com/tracklist/2729qg6t/maceo-plex-dj-tennis-factory-93-presents-skyline-festival-united-states-2021-05-29.html,Djtennis,tech house,True
https://www.1001tracklists.com/tracklist/lwyfr81/dj-tennis-volt-podcast-2021-03-04.html,Djtennis,tech house,True
https://www.1001tracklists.com/tracklist/2ghchb4t/dj-tennis-circoloco-radio-158-2020-10-05.html,Djtennis,tech house,True
https://www.1001tracklists.com/tracklist/1mh0jhuk/dj-tennis-life-stream-exit-festival-serbia-2020-09-20.html,Djtennis,tech house,True
https://www.1001tracklists.com/tracklist/27yfc3jk/dj-tennis-secret-project-livestream-soho-beach-house-miami-united-states-2020-07-17.html,Djtennis,tech house,True
https://www.1001tracklists.com/tracklist/2tn82qc1/dj-tennis-club-space-miami-united-states-2020-04-30.html,Djtennis,tech house,True
https://www.1001tracklists.com/tracklist/27ykk2n1/dj-tennis-robot-heart-burning-man-united-states-2019-08-28.html,Djtennis,tech house,True
https://www.1001tracklists.com/tracklist/w4hptu1/dj-tennis-robot-heart-burning-man-united-states-2018-08-30-2019-08-08.html,Djtennis,tech house,True
https://www.1001tracklists.com/tracklist/1r4ljup1/dj-tennis-boiler-room-x-life-and-death-barcelona-spain-2019-06-14.html,Djtennis,tech house,True
https://www.1001tracklists.com/tracklist/2hcdlwr9/dj-tennis-pyramid-stage-movement-electronic-music-festival-detroit-united-states-2019-05-27.html,Djtennis,tech house,True
https://www.1001tracklists.com/tracklist/h311z81/dj-tennis-damian-lazarus-dj-three-leland-city-club-detroit-united-states-2019-05-25.html,Djtennis,tech house,True
https://www.1001tracklists.com/tracklist/npl7u2k/dj-tennis-audio-obscura-the-loft-amsterdam-netherlands-2019-02-24.html,Djtennis,tech house,True
https://www.1001tracklists.com/tracklist/1twv8lt9/dixon-dj-tennis-gin-ling-way-los-angeles-united-states-2018-06-23.html,Djtennis,tech house,True
https://www.1001tracklists.com/tracklist/2j7rvjpk/dj-tennis-beats-in-space-924-2018-02-07.html,Djtennis,tech house,True
https://www.1001tracklists.com/tracklist/2j7k9949/dj-tennis-robot-heart-burning-man-united-states-2017-11-16.html,Djtennis,tech house,True
https://www.1001tracklists.com/tracklist/1yk6c0nt/dj-tennis-bbc-radio-1-essential-mix-2017-10-14.html,Djtennis,tech house,True
https://www.1001tracklists.com/tracklist/ycm2yb9/dj-tennis-cannibals-tea-party-escape-halloween-nos-events-center-san-bernardino-united-states-2016-10-28.html,Djtennis,tech house,True
https://www.1001tracklists.com/tracklist/1xumk6c9/dj-tennis-awakenings-x-joseph-capriati-invites-amsterdam-dance-event-gashouder-amsterdam-netherlands-2016-10-22.html,Djtennis,tech house,True
https://www.1001tracklists.com/tracklist/2tjd616k/dj-tennis-tuscany-boiler-room-2016-06-30.html,Djtennis,tech house,True
https://www.1001tracklists.com/tracklist/19hgmft/b.traits-dj-tennis-nastia-bbc-radio-1-b.traits-show-2015-11-21.html,Djtennis,tech house,True
https://www.1001tracklists.com/tracklist/34wfj9k/dj-tennis-beats-in-space-797-2015-09-01.html,Djtennis,tech house,True
https://www.1001tracklists.com/tracklist/7q24k31/dj-tennis-enter.terrace-space-ibiza-spain-2014-08-07.html,Djtennis,tech house,True
https://www.1001tracklists.com/tracklist/1jy5rrd9/dj-tennis-market-membership-resolute-nye-night-output-brooklyn-new-york-united-states-2013-12-31.html,Djtennis,tech house,True
https://www.1001tracklists.com/tracklist/13ytb9w9/dj-tennis-robot-heart-burning-man-united-states-2013-08-30.html,Djtennis,tech house,True
https://www.1001tracklists.com/tracklist/4dukd69/dj-tennis-boiler-room-2013-03-07.html,Djtennis,tech house,True
https://www.1001tracklists.com/tracklist/3ryb5j1/dj-tennis-panorama-bar-berghain-berlin-germany-2013-02-17.html,Djtennis,tech house,True
https://www.1001tracklists.com/tracklist/57j1fkk/dj-tennis-dead-air-wvum-miami-2012-10-26.html,Djtennis,tech house,True
https://www.1001tracklists.com/tracklist/7ktvv39/dj-tennis-life-and-death-podcast-number-three-2012-02-01.html,Djtennis,tech house,True
https://www.1001tracklists.com/tracklist/27d3n9zk/fisher-mainstage-breakaway-music-festival-dallas-united-states-2026-04-10.html,Fisher,tech house,True
https://www.1001tracklists.com/tracklist/1dcsnz21/fisher-bay-oval-park-new-zealand-2026-01-31.html,Fisher,tech house,True
https://www.1001tracklists.com/tracklist/kc25b09/fisher-kineticfield-edc-thailand-2026-01-17.html,Fisher,tech house,True
https://www.1001tracklists.com/tracklist/hhd6m5t/fisher-grand-palace-decadence-arizona-the-portal-of-illusions-united-states-2025-12-31.html,Fisher,tech house,True
https://www.1001tracklists.com/tracklist/2c2r9709/fisher-motherboard-stage-decadence-colorado-the-digital-city-united-states-2025-12-31.html,Fisher,tech house,True
https://www.1001tracklists.com/tracklist/1k06unqk/fisher-moscone-center-san-francisco-united-states-2025-12-20.html,Fisher,tech house,True
https://www.1001tracklists.com/tracklist/1rk564rk/fisher-unvrs-ibiza-spain-2025-09-11.html,Fisher,tech house,True
https://www.1001tracklists.com/tracklist/1ubl6v89/fisher-unvrs-ibiza-spain-2025-09-04.html,Fisher,tech house,True
https://www.1001tracklists.com/tracklist/2gt4fr2t/fisher-mainstage-mysteryland-netherlands-2025-08-23.html,Fisher,tech house,True
https://www.1001tracklists.com/tracklist/1sfw1d1t/fisher-apex-stage-creamfields-north-united-kingdom-2025-08-22.html,Fisher,tech house,True
https://www.1001tracklists.com/tracklist/2s32mqwt/fisher-mainstage-untold-festival-romania-2025-08-10.html,Fisher,tech house,True
https://www.1001tracklists.com/tracklist/xfpluxk/fisher-old-royal-naval-college-united-kingdom-2025-08-09.html,Fisher,tech house,True
https://www.1001tracklists.com/tracklist/2q7ccgz1/fisher-mainstage-tomorrowland-weekend-1-belgium-2025-07-20.html,Fisher,tech house,True
https://www.1001tracklists.com/tracklist/2r53dmrk/fisher-rbc-amphitheatre-toronto-canada-2025-07-11.html,Fisher,tech house,True
https://www.1001tracklists.com/tracklist/2vtxyvtt/fisher-mainstage-outdoor-bigcitybeats-world-club-dome-germany-2025-06-07.html,Fisher,tech house,True
https://www.1001tracklists.com/tracklist/2kl3skwk/fisher-unvrs-ibiza-spain-2025-06-05.html,Fisher,tech house,True
https://www.1001tracklists.com/tracklist/2fuspb41/fisher-kineticfield-edc-las-vegas-united-states-2025-05-17.html,Fisher,tech house,True
https://www.1001tracklists.com/tracklist/crry1pk/fisher-out-2-lunch-festival-broadwater-parklands-australia-2025-05-04.html,Fisher,tech house,True
https://www.1001tracklists.com/tracklist/cqspuut/fisher-out-2-lunch-festival-surfers-paradise-beach-queensland-australia-2025-05-03.html,Fisher,tech house,True
https://www.1001tracklists.com/tracklist/1x24xntk/fisher-the-pinnacle-united-states-2025-04-11.html,Fisher,tech house,True
https://www.1001tracklists.com/tracklist/gj13h9t/fisher-san-jose-city-hall-united-states-2025-03-29.html,Fisher,tech house,True
https://www.1001tracklists.com/tracklist/cqb32b1/fisher-kineticfield-edc-mexico-2025-02-21.html,Fisher,tech house,True
https://www.1001tracklists.com/tracklist/cq3ku0t/fisher-kineticfield-edc-thailand-2025-01-17.html,Fisher,tech house,True
https://www.1001tracklists.com/tracklist/24j9cttt/fisher-victoria-park-auckland-new-zealand-2025-01-11.html,Fisher,tech house,True
https://www.1001tracklists.com/tracklist/14uj9lk1/moguai-fisher-lovra-1live-dj-session-2024-12-07.html,Fisher,tech house,True
https://www.1001tracklists.com/tracklist/ullu97t/fisher-mainstage-creamfields-chile-2024-11-17.html,Fisher,tech house,True
https://www.1001tracklists.com/tracklist/26c7txn1/fisher-kineticfield-edc-orlando-united-states-2024-11-08.html,Fisher,tech house,True
https://www.1001tracklists.com/tracklist/20sdhc69/fisher-mainstage-vac-vision-colour-music-festival-china-2024-11-02.html,Fisher,tech house,True
https://www.1001tracklists.com/tracklist/tr3c64k/fisher-we-belong-here-wollman-rink-central-park-new-york-city-united-states-2024-10-06.html,Fisher,tech house,True
https://www.1001tracklists.com/tracklist/24hf0nj9/fisher-crane-stage-portola-music-festival-united-states-2024-09-29.html,Fisher,tech house,True
https://www.1001tracklists.com/tracklist/sqhj3qk/fisher-zenless-zone-zero-creamfields-north-united-kingdom-2024-08-23.html,Fisher,tech house,True
https://www.1001tracklists.com/tracklist/18k25bgk/fisher-galaxy-stage-untold-festival-romania-2024-08-11.html,Fisher,tech house,True
https://www.1001tracklists.com/tracklist/1tbj27st/fisher-gunnersbury-park-london-united-kingdom-2024-08-09.html,Fisher,tech house,True
https://www.1001tracklists.com/tracklist/26bqt9wk/fisher-chris-lake-hard-stage-hard-summer-festival-united-states-2024-08-04.html,Fisher,tech house,True
https://www.1001tracklists.com/tracklist/1w2vuwht/fisher-mainstage-veld-music-festival-canada-2024-08-02.html,Fisher,tech house,True
https://www.1001tracklists.com/tracklist/2ft3tz2k/fisher-perrys-stage-lollapalooza-united-states-2024-08-01.html,Fisher,tech house,True
https://www.1001tracklists.com/tracklist/2jljgsrt/fisher-hi-ibiza-spain-2024-07-31.html,Fisher,tech house,True
https://www.1001tracklists.com/tracklist/l70t1wt/fisher-brooklyn-navy-yard-nyc-united-states-2024-07-06.html,Fisher,tech house,True
https://www.1001tracklists.com/tracklist/1w2gxg0t/fisher-kineticfield-edc-las-vegas-united-states-2024-05-19.html,Fisher,tech house,True
https://www.1001tracklists.com/tracklist/2p74g7q9/fisher-radius-stage-foundation-v10-pne-centre-grounds-vancouver-canada-2024-05-18.html,Fisher,tech house,True
https://www.1001tracklists.com/tracklist/gg398l9/fisher-out-2-lunch-festival-australia-2024-05-04.html,Fisher,tech house,True
https://www.1001tracklists.com/tracklist/2gq8j381/fisher-cow-palace-united-states-2024-03-29.html,Fisher,tech house,True
https://www.1001tracklists.com/tracklist/9ujc8hk/fisher-motherboard-stage-decadence-colorado-united-states-2023-12-31.html,Fisher,tech house,True
https://www.1001tracklists.com/tracklist/2wnt2xwt/fisher-forever-stage-forever-midnight-los-angeles-convention-center-united-states-2023-12-31.html,Fisher,tech house,True
https://www.1001tracklists.com/tracklist/13uubtp1/fisher-mothership-countdown-nye-new-years-invasion-nos-events-center-san-bernardino-united-states-2023-12-30.html,Fisher,tech house,True
https://www.1001tracklists.com/tracklist/2775yp1k/fisher-mainstage-ultra-music-festival-taiwan-2023-12-09.html,Fisher,tech house,True
https://www.1001tracklists.com/tracklist/1119z2bk/fisher-ufo-station-ep.4-s-factory-sector-d-seoul-south-korea-2023-12-08.html,Fisher,tech house,True
https://www.1001tracklists.com/tracklist/2wnmbv8t/fisher-raise-tokyo-japan-2023-12-01.html,Fisher,tech house,True
https://www.1001tracklists.com/tracklist/wd8xqbk/fisher-raise-tokyo-japan-2023-11-30.html,Fisher,tech house,True
https://www.1001tracklists.com/tracklist/ujqv35t/fisher-el-patio-dorado-puerto-rico-2023-11-22.html,Fisher,tech house,True
https://www.1001tracklists.com/tracklist/1ktp0cgk/fisher-neongarden-edc-orlando-united-states-2023-11-12.html,Fisher,tech house,True
https://www.1001tracklists.com/tracklist/2mbh8l29/fisher-kineticfield-edc-orlando-united-states-2023-11-12.html,Fisher,tech house,True
https://www.1001tracklists.com/tracklist/18hhu9r1/fisher-zamna-hipodromo-de-las-americas-cdmx-mexico-2023-10-29.html,Fisher,tech house,True
https://www.1001tracklists.com/tracklist/16mv7g6t/fisher-chris-lake-under-construction-hollywood-blvd-los-angeles-united-states-2023-10-21.html,Fisher,tech house,True
https://www.1001tracklists.com/tracklist/2by3dgsk/fisher-the-palms-crssd-festival-fall-united-states-2023-09-24.html,Fisher,tech house,True
https://www.1001tracklists.com/tracklist/2n7wctl9/fisher-tao-beach-las-vegas-united-states-2023-09-03.html,Fisher,tech house,True
https://www.1001tracklists.com/tracklist/fgtn5c9/fisher-sutro-outside-lands-san-francisco-united-states-2023-08-12.html,Fisher,tech house,True
https://www.1001tracklists.com/tracklist/2vq5k8d1/fisher-bbc-radio-1-in-ibiza-528-ibiza-spain-2023-07-28-2023-07-28.html,Fisher,tech house,True
https://www.1001tracklists.com/tracklist/2wmx1b8k/lari-luke-alok-felix-jaehn-1live-dj-session-parookaville-special-2023-07-22.html,Fisher,tech house,True
https://www.1001tracklists.com/tracklist/gdhxzmk/joel-corry-imanbek-fisher-1live-dj-session-parookaville-special-2023-07-21.html,Fisher,tech house,True
https://www.1001tracklists.com/tracklist/nx3dkn1/fisher-desert-valley-stage-parookaville-germany-2023-07-21.html,Fisher,tech house,True
https://www.1001tracklists.com/tracklist/bp8d4s1/fisher-piknic-electronik-montreal-canada-2023-07-08.html,Fisher,tech house,True
https://www.1001tracklists.com/tracklist/1g1pcrkt/charlie-hedges-fisher-bbc-radio-1-dance-anthems-2023-07-01.html,Fisher,tech house,True
https://www.1001tracklists.com/tracklist/uhtmjqk/fisher-saga-festival-romania-2023-06-25.html,Fisher,tech house,True
https://www.1001tracklists.com/tracklist/24dx2q0k/fisher-mainstage-a-summer-story-spain-2023-06-23.html,Fisher,tech house,True
https://www.1001tracklists.com/tracklist/11y4sxf1/fisher-one-world-radio-club-ibiza-2023-06-14.html,Fisher,tech house,True
https://www.1001tracklists.com/tracklist/2usbqz29/fisher-pyramid-stage-movement-electronic-music-festival-detroit-united-states-2023-05-29.html,Fisher,tech house,True
https://www.1001tracklists.com/tracklist/102fv8c1/fisher-circuitgrounds-edc-las-vegas-united-states-2023-05-19.html,Fisher,tech house,True
https://www.1001tracklists.com/tracklist/1v2plwx1/fisher-sunset-on-the-sand-miami-beach-race-weekend-united-states-2023-05-07.html,Fisher,tech house,True
https://www.1001tracklists.com/tracklist/2cv13t1t/fisher-history-toronto-canada-2023-04-28.html,Fisher,tech house,True
https://www.1001tracklists.com/tracklist/m12641t/chris-lake-fisher-cloonee-afterparty-coachella-festival-weekend-2-united-states-2023-04-23.html,Fisher,tech house,True
https://www.1001tracklists.com/tracklist/h9vhn69/chris-lake-fisher-outdoor-theatre-coachella-festival-weekend-2-united-states-2023-04-23.html,Fisher,tech house,True
https://www.1001tracklists.com/tracklist/2wmfftwk/chris-lake-fisher-outdoor-theatre-coachella-festival-weekend-1-united-states-2023-04-16.html,Fisher,tech house,True
https://www.1001tracklists.com/tracklist/2jhjbdf1/fisher-fngrs-crssd-field-stage-proper-nye-united-states-2023-01-01.html,Fisher,tech house,True
https://www.1001tracklists.com/tracklist/dhr6r71/fisher-bbc-radio-1-dance-presents-the-warehouse-project-2022-11-19.html,Fisher,tech house,True
https://www.1001tracklists.com/tracklist/29zjg899/fisher-the-domain-the-royal-botanic-garden-sydney-australia-2022-11-12.html,Fisher,tech house,True
https://www.1001tracklists.com/tracklist/2lbyjuwt/fisher-bigger-than-a-beach-party-tour-riverstage-brisbane-australia-2022-11-06.html,Fisher,tech house,True
https://www.1001tracklists.com/tracklist/1b8zlrq1/chris-lake-fisher-under-construction-outdoors-denver-coliseum-united-states-2022-08-20.html,Fisher,tech house,True
https://www.1001tracklists.com/tracklist/1gxx9qf9/fisher-hi-ibiza-spain-2022-08-10.html,Fisher,tech house,True
https://www.1001tracklists.com/tracklist/1ytg8flk/fisher-scene-oasis-ilesoniq-festival-canada-2022-08-05.html,Fisher,tech house,True
https://www.1001tracklists.com/tracklist/tjsfk8k/fisher-tao-beach-las-vegas-united-states-2022-07-30.html,Fisher,tech house,True
https://www.1001tracklists.com/tracklist/1mltn87t/fisher-mainstage-tomorrowland-weekend-2-belgium-2022-07-24.html,Fisher,tech house,True
https://www.1001tracklists.com/tracklist/1c6txxm1/fisher-sea-you-festival-germany-2022-07-16.html,Fisher,tech house,True
https://www.1001tracklists.com/tracklist/x7hp37k/fisher-mainstage-tomorrowland-weekend-1-belgium-2022-07-15.html,Fisher,tech house,True
https://www.1001tracklists.com/tracklist/2drbvub1/fisher-jager-stage-kappa-futurfestival-turin-italy-2022-07-03.html,Fisher,tech house,True
https://www.1001tracklists.com/tracklist/w9mx2s9/fisher-elrow-stage-balaton-sound-festival-hungary-2022-06-29.html,Fisher,tech house,True
https://www.1001tracklists.com/tracklist/2wkyxvn9/fisher-hi-ibiza-spain-2022-06-29.html,Fisher,tech house,True
https://www.1001tracklists.com/tracklist/2glxl0f9/fisher-tripolee-stage-electric-forest-festival-united-states-2022-06-25.html,Fisher,tech house,True
https://www.1001tracklists.com/tracklist/1njfxm0t/fisher-vintage-culture-cafe-mambo-ibiza-spain-2022-06-15.html,Fisher,tech house,True
https://www.1001tracklists.com/tracklist/14ppbk2k/fisher-saga-festival-romania-2022-06-03.html,Fisher,tech house,True
https://www.1001tracklists.com/tracklist/2hjkycw1/chris-lake-fisher-under-construction-az-united-states-2022-06-01.html,Fisher,tech house,True
https://www.1001tracklists.com/tracklist/lzc6hgt/fisher-kineticfield-edc-las-vegas-united-states-2022-05-20.html,Fisher,tech house,True
https://www.1001tracklists.com/tracklist/1c65j9lk/fisher-follow-the-fish-tv-01-miami-music-week-2022-05-11.html,Fisher,tech house,True
https://www.1001tracklists.com/tracklist/2bvkvq9k/fisher-in-the-park-san-diego-united-states-2022-04-13.html,Fisher,tech house,True
https://www.1001tracklists.com/tracklist/11vvyl3t/fisher-mainstage-ultra-music-festival-miami-united-states-2022-03-25.html,Fisher,tech house,True
https://www.1001tracklists.com/tracklist/10xx22tk/fisher-circuitgrounds-edc-mexico-2022-02-26.html,Fisher,tech house,True
https://www.1001tracklists.com/tracklist/15lzxg8k/fisher-royal-ballroom-decadence-arizona-united-states-2021-12-31.html,Fisher,tech house,True
https://www.1001tracklists.com/tracklist/1t4gffxk/shouse-fred-again..-fisher-1live-dj-session-best-of-2021-part-1-2021-12-18.html,Fisher,tech house,True
https://www.1001tracklists.com/tracklist/23d5ljj9/fisher-big-beast-mdlbeast-soundstorm-saudi-arabia-2021-12-18.html,Fisher,tech house,True
https://www.1001tracklists.com/tracklist/1vxhzk01/fisher-house-of-haunts-boo-seattle-wamu-theater-seattle-united-states-2021-10-29.html,Fisher,tech house,True
https://www.1001tracklists.com/tracklist/1htz0k6k/fisher-chris-lake-1live-dj-session-2021-10-16.html,Fisher,tech house,True
https://www.1001tracklists.com/tracklist/9my3gg9/fisher-bacardi-stage-life-is-beautiful-festival-united-states-2021-09-19.html,Fisher,tech house,True
https://www.1001tracklists.com/tracklist/1wv1k63t/fisher-full-bloom-marquee-las-vegas-united-states-2021-09-04.html,Fisher,tech house,True
https://www.1001tracklists.com/tracklist/j4grd29/fisher-mainstage-electric-zoo-supernaturals-united-states-2021-09-03.html,Fisher,tech house,True
https://www.1001tracklists.com/tracklist/2m66htft/fisher-steel-yard-creamfields-uk-united-kingdom-2021-08-29.html,Fisher,tech house,True
https://www.1001tracklists.com/tracklist/ntf2xz9/fisher-chris-lake-full-bloom-marquee-las-vegas-united-states-2021-08-21.html,Fisher,tech house,True
https://www.1001tracklists.com/tracklist/1kp84dl9/chris-lake-fisher-under-construction-outdoors-denver-coliseum-united-states-2021-08-14.html,Fisher,tech house,True
https://www.1001tracklists.com/tracklist/1xs9chct/fisher-miami-crypto-weekend-story-nightclub-miami-united-states-2021-06-06.html,Fisher,tech house,True
https://www.1001tracklists.com/tracklist/sj5y95k/chris-lake-fisher-under-construction-rawhide-event-center-united-states-2021-05-30.html,Fisher,tech house,True
https://www.1001tracklists.com/tracklist/22f83xd9/chris-lake-fisher-under-construction-rawhide-event-center-united-states-2021-05-29.html,Fisher,tech house,True
https://www.1001tracklists.com/tracklist/1gugn87t/tiesto-jax-jones-fisher-1live-dj-session-best-of-2020-2020-12-19.html,Fisher,tech house,True
https://www.1001tracklists.com/tracklist/1gudm94k/fisher-circoloco-radio-167-2020-12-07.html,Fisher,tech house,True
https://www.1001tracklists.com/tracklist/2jbrsvfk/scott-mills-fisher-bbc-radio-1-2020-08-18.html,Fisher,tech house,True
https://www.1001tracklists.com/tracklist/2jbghzfk/fisher-1live-dj-session-2020-06-13.html,Fisher,tech house,True
https://www.1001tracklists.com/tracklist/1r5sry9t/dennis-ruyer-fisher-dance-department-763-2020-06-11.html,Fisher,tech house,True
https://www.1001tracklists.com/tracklist/qln0bbk/fisher-siriusxm-safe-inside-mix-2020-05-24.html,Fisher,tech house,True
https://www.1001tracklists.com/tracklist/10ufnzt9/ben-malone-fisher-kiss-fm-kiss-ibiza-2020-05-24.html,Fisher,tech house,True
https://www.1001tracklists.com/tracklist/16gtq38k/jax-jones-amine-edge-and-dance-fisher-house-work-radio-2020-05-23.html,Fisher,tech house,True
https://www.1001tracklists.com/tracklist/1jnug5y1/dennis-ruyer-fisher-dance-department-753-2020-04-03.html,Fisher,tech house,True
https://www.1001tracklists.com/tracklist/h3y3hdk/fisher-triple-j-friday-mix-2020-04-03.html,Fisher,tech house,True
https://www.1001tracklists.com/tracklist/20h79cl1/fisher-bbc-radio-1-essential-mix-2020-01-25.html,Fisher,tech house,True
https://www.1001tracklists.com/tracklist/2gg67fjt/fisher-camelphat-the-big-beast-mdlbeast-soundstorm-saudi-arabia-2019-12-20.html,Fisher,tech house,True
https://www.1001tracklists.com/tracklist/w4vm8v1/fisher-the-big-beast-mdlbeast-soundstorm-saudi-arabia-2019-12-20.html,Fisher,tech house,True
https://www.1001tracklists.com/tracklist/fbchql9/fisher-brunch-in-the-park-lima-peru-2019-11-24.html,Fisher,tech house,True
https://www.1001tracklists.com/tracklist/2k83zmt9/fisher-the-shrine-freaky-deaky-texas-united-states-2019-10-26.html,Fisher,tech house,True
https://www.1001tracklists.com/tracklist/1uzlu6bk/fisher-austin-city-limits-music-festival-united-states-2019-10-13.html,Fisher,tech house,True
https://www.1001tracklists.com/tracklist/1hqn8kpt/fisher-chris-lake-under-construction-mission-ballroom-denver-united-states-2019-10-05.html,Fisher,tech house,True
https://www.1001tracklists.com/tracklist/2l56ttzt/fisher-breakaway-music-festival-charlotte-united-states-2019-10-05.html,Fisher,tech house,True
https://www.1001tracklists.com/tracklist/cd4f88k/pete-tong-fisher-essential-selection-2019-09-13.html,Fisher,tech house,True
https://www.1001tracklists.com/tracklist/1s2n66qk/fisher-elrow-town-amsterdam-netherlands-2019-09-07.html,Fisher,tech house,True
https://www.1001tracklists.com/tracklist/1xqrsm31/fisher-generator-creamfields-uk-united-kingdom-2019-08-25.html,Fisher,tech house,True
https://www.1001tracklists.com/tracklist/2tmg4kwk/fisher-dreambeach-festival-spain-2019-08-10.html,Fisher,tech house,True
https://www.1001tracklists.com/tracklist/16f6czf9/fisher-perrys-stage-lollapalooza-united-states-2019-08-01.html,Fisher,tech house,True
https://www.1001tracklists.com/tracklist/1mfhw9z9/fisher-mainstage-tomorrowland-weekend-2-belgium-2019-07-27.html,Fisher,tech house,True
https://www.1001tracklists.com/tracklist/2rrt4mg1/danny-howard-fisher-chris-lake-bbc-radio-1-2019-07-26.html,Fisher,tech house,True
https://www.1001tracklists.com/tracklist/kwr4ww9/fisher-ants-stage-tomorrowland-weekend-1-belgium-2019-07-21.html,Fisher,tech house,True
https://www.1001tracklists.com/tracklist/rkqm3ck/fisher-desert-club-israel-2019-06-11.html,Fisher,tech house,True
https://www.1001tracklists.com/tracklist/jzsgqb1/fisher-dubfire-unlocked-music-festival-italy-2019-06-08.html,Fisher,tech house,True
https://www.1001tracklists.com/tracklist/1furr3q1/fisher-sunset-stage-sunset-music-festival-united-states-2019-05-25.html,Fisher,tech house,True
https://www.1001tracklists.com/tracklist/xzv6xut/fisher-patrick-topping-elrow-encore-beach-club-las-vegas-edc-week-las-vegas-2019-05-19.html,Fisher,tech house,True
https://www.1001tracklists.com/tracklist/12nv4u31/fisher-neongarden-edc-las-vegas-united-states-2019-05-17.html,Fisher,tech house,True
https://www.1001tracklists.com/tracklist/21dh5q7t/fisher-shaky-beats-music-festival-united-states-2019-05-11.html,Fisher,tech house,True
https://www.1001tracklists.com/tracklist/j0pr5x9/fisher-caterpillars-garden-beyond-wonderland-monterrey-mexico-2019-04-06.html,Fisher,tech house,True
https://www.1001tracklists.com/tracklist/1mf58f0t/fisher-catch-release-delano-beach-club-miami-miami-music-week-united-states-2019-03-27.html,Fisher,tech house,True
https://www.1001tracklists.com/tracklist/f759rwt/fisher-rio-music-carnival-brazil-2019-03-05.html,Fisher,tech house,True
https://www.1001tracklists.com/tracklist/2nxxk5ct/fisher-chris-lake-shrine-auditorium-los-angeles-united-states-2019-02-23.html,Fisher,tech house,True
https://www.1001tracklists.com/tracklist/cq34s1t/fisher-evolutionary-arena-decadence-colorado-united-states-2018-12-31.html,Fisher,tech house,True
https://www.1001tracklists.com/tracklist/w3q9drt/danny-howard-fisher-annie-mac-friday-night-2018-11-30.html,Fisher,tech house,True
https://www.1001tracklists.com/tracklist/9lysyct/fisher-stereo-live-dallas-united-states-2018-11-03.html,Fisher,tech house,True
https://www.1001tracklists.com/tracklist/2ujc3559/fisher-wynwood-fear-factory-miami-united-states-2018-10-27.html,Fisher,tech house,True
https://www.1001tracklists.com/tracklist/mr7d519/fisher-green-valley-station-2018-09-08.html,Fisher,tech house,True
https://www.1001tracklists.com/tracklist/w8jxqg9/chris-lake-fisher-so-track-boa-festival-brazil-2018-09-06.html,Fisher,tech house,True
https://www.1001tracklists.com/tracklist/11u3x7dt/fisher-green-tent-hard-summer-festival-united-states-2018-08-04.html,Fisher,tech house,True
https://www.1001tracklists.com/tracklist/2j878zq1/danny-howard-fisher-bbc-radio-1-2018-07-27.html,Fisher,tech house,True
https://www.1001tracklists.com/tracklist/20fd7vq9/chris-lake-fisher-kineticfield-edc-las-vegas-united-states-2018-05-20.html,Fisher,tech house,True
https://www.1001tracklists.com/tracklist/244ng4v9/fisher-stereobloom-edc-las-vegas-united-states-2018-05-19.html,Fisher,tech house,True
https://www.1001tracklists.com/tracklist/w2tq6mk/fisher-triple-j-mix-up-2018-02-03.html,Fisher,tech house,True
https://www.1001tracklists.com/tracklist/252247vt/fisher-paul-woolford-night-owl-radio-126-2018-01-21.html,Fisher,tech house,True
https://www.1001tracklists.com/tracklist/1gq9qm1t/fisher-dancing-astronaut-ya-kidding-ep-mix-2017-07-06.html,Fisher,tech house,True
https://www.1001tracklists.com/tracklist/2q8w4pyk/hot-since-82-max-dean-factory-town-miami-music-week-united-states-2026-03-27.html,Hotsince82,tech house,True
https://www.1001tracklists.com/tracklist/2hry3j01/john-digweed-hot-since-82-transitions-1119-2026-02-06.html,Hotsince82,tech house,True
https://www.1001tracklists.com/tracklist/2ws5byk1/hot-since-82-halo-stage-creamfields-north-united-kingdom-2025-08-22.html,Hotsince82,tech house,True
https://www.1001tracklists.com/tracklist/1g5z8kjk/hot-since-82-exacta-bill-fragos-soulgood-1190-2025-08-10.html,Hotsince82,tech house,True
https://www.1001tracklists.com/tracklist/21rt22j9/hot-since-82-exacta-bill-fragos-soulgood-1189-2025-08-03.html,Hotsince82,tech house,True
https://www.1001tracklists.com/tracklist/2dxsrkxt/hot-since-82-prunk-area-b-awakenings-festival-netherlands-2025-07-12.html,Hotsince82,tech house,True
https://www.1001tracklists.com/tracklist/1cddswck/hot-since-82-mts-dance-arena-exit-festival-serbia-2025-07-12.html,Hotsince82,tech house,True
https://www.1001tracklists.com/tracklist/crg54z9/hot-since-82-amoyachts-saga-ibiza-spain-2025-07-04.html,Hotsince82,tech house,True
https://www.1001tracklists.com/tracklist/1d9w8n39/hot-since-82-neongarden-edc-las-vegas-united-states-2025-05-16.html,Hotsince82,tech house,True
https://www.1001tracklists.com/tracklist/1w4hhbfk/hot-since-82-mainstage-music-on-festival-netherlands-2025-05-10.html,Hotsince82,tech house,True
https://www.1001tracklists.com/tracklist/2wqyn10t/hot-since-82-bbc-radio-1-defected-on-radio-1-dance-2025-01-13.html,Hotsince82,tech house,True
https://www.1001tracklists.com/tracklist/20stgr61/ben-sterling-hot-since-82-brooklyn-storehouse-nyc-united-states-2025-01-01.html,Hotsince82,tech house,True
https://www.1001tracklists.com/tracklist/1qk4q5u9/hot-since-82-the-warehouse-project-manchester-united-kingdom-2024-11-15.html,Hotsince82,tech house,True
https://www.1001tracklists.com/tracklist/16pv3s5t/hot-since-82-faralda-crane-hotel-amsterdam-dance-event-netherlands-2024-10-18.html,Hotsince82,tech house,True
https://www.1001tracklists.com/tracklist/1qjtk5zt/hot-since-82-knee-deep-in-buenos-aires-punta-carrasco-argentina-2024-10-05.html,Hotsince82,tech house,True
https://www.1001tracklists.com/tracklist/1lvhfb8k/franky-wah-hot-since-82-shen-club-chinois-ibiza-spain-2024-09-15.html,Hotsince82,tech house,True
https://www.1001tracklists.com/tracklist/13w7bkxk/hot-since-82-resistance-stage-ultra-music-festival-japan-2024-09-15.html,Hotsince82,tech house,True
https://www.1001tracklists.com/tracklist/2syxdtzk/arielle-free-hot-since-82-rave-up-2024-09-05.html,Hotsince82,tech house,True
https://www.1001tracklists.com/tracklist/1cb36lh1/mark-knight-austin-ato-hot-since-82-kiss-nights-2024-06-01.html,Hotsince82,tech house,True
https://www.1001tracklists.com/tracklist/qvldj7k/hot-since-82-neongarden-edc-mexico-2024-02-25.html,Hotsince82,tech house,True
https://www.1001tracklists.com/tracklist/uk3v9k9/hot-since-82-east-side-stage-skyline-festival-skyline-grand-united-states-2024-02-24.html,Hotsince82,tech house,True
https://www.1001tracklists.com/tracklist/1xxjpz3t/hot-since-82-rinse-fm-2024-02-10.html,Hotsince82,tech house,True
https://www.1001tracklists.com/tracklist/wcpb0dk/hot-since-82-knee-deep-in-sound-union-station-los-angeles-united-states-beatport-live-2023-07-22.html,Hotsince82,tech house,True
https://www.1001tracklists.com/tracklist/x98g9n1/hot-since-82-mts-dance-arena-exit-festival-serbia-2023-07-08.html,Hotsince82,tech house,True
https://www.1001tracklists.com/tracklist/18j9g33t/hot-since-82-voyager-stage-kappa-futurfestival-turin-italy-2023-07-02.html,Hotsince82,tech house,True
https://www.1001tracklists.com/tracklist/wc4zlmt/hot-since-82-music-on-festival-netherlands-2023-05-06.html,Hotsince82,tech house,True
https://www.1001tracklists.com/tracklist/h9v9tpk/hot-since-82-yuma-tent-coachella-festival-weekend-2-united-states-2023-04-22.html,Hotsince82,tech house,True
https://www.1001tracklists.com/tracklist/2svz1wjk/danny-howard-sam-divine-franky-wah-hot-since-82-radio-1s-dance-party-2023-02-24.html,Hotsince82,tech house,True
https://www.1001tracklists.com/tracklist/my64z3k/hot-since-82-arcadia-music-festival-qatar-2022-11-27.html,Hotsince82,tech house,True
https://www.1001tracklists.com/tracklist/2677803t/hot-since-82-ben-rau-house-of-koko-leeds-2022-09-29.html,Hotsince82,tech house,True
https://www.1001tracklists.com/tracklist/29ybdy61/hot-since-82-pirate-ship-ibiza-2.0-spain-2022-09-08.html,Hotsince82,tech house,True
https://www.1001tracklists.com/tracklist/2bvymtvt/andrea-oliva-hot-since-82-ants-invasion-ushuaia-ibiza-spain-2022-08-06.html,Hotsince82,tech house,True
https://www.1001tracklists.com/tracklist/24bxg431/hot-since-82-skyline-festival-united-states-2022-05-28.html,Hotsince82,tech house,True
https://www.1001tracklists.com/tracklist/psvup9k/hot-since-82-music-on-festival-netherlands-2022-05-08.html,Hotsince82,tech house,True
https://www.1001tracklists.com/tracklist/12tvn641/hot-since-82-dj-mag-latinoamerica-session-argentina-2022-04-27.html,Hotsince82,tech house,True
https://www.1001tracklists.com/tracklist/ps2954k/hot-since-82-central-dance-event-serbia-2022-01-02.html,Hotsince82,tech house,True
https://www.1001tracklists.com/tracklist/199qg7r1/hot-since-82-bbc-radio-1-dance-presents-the-warehouse-project-2021-12-18.html,Hotsince82,tech house,True
https://www.1001tracklists.com/tracklist/mw87tnt/hot-since-82-knee-deep-in-sound-2021-12-17.html,Hotsince82,tech house,True
https://www.1001tracklists.com/tracklist/1f0ryu09/hot-since-82-neongarden-edc-orlando-united-states-2021-11-12.html,Hotsince82,tech house,True
https://www.1001tracklists.com/tracklist/1d2nt9xk/hot-since-82-signal-stage-caprices-festival-switzerland-2021-09-18.html,Hotsince82,tech house,True
https://www.1001tracklists.com/tracklist/1c4ttyj9/hot-since-82-elrow-arc-music-festival-united-states-2021-09-05.html,Hotsince82,tech house,True
https://www.1001tracklists.com/tracklist/1zn9q1bt/hot-since-82-beatport-live-x-ee-present-parallel-hatch-manchester-united-kingdom-2021-08-19.html,Hotsince82,tech house,True
https://www.1001tracklists.com/tracklist/1d1v31fk/hot-since-82-the-first-dance-bramley-moore-dock-warehouse-liverpool-united-kingdom-2021-05-01.html,Hotsince82,tech house,True
https://www.1001tracklists.com/tracklist/nsm9c11/hot-since-82-the-great-gallery-tobacco-dock-london-virtual-beatport-live-2021-04-02.html,Hotsince82,tech house,True
https://www.1001tracklists.com/tracklist/uccrw4t/carl-cox-seth-troxler-david-morales-mixmag-the-lab-10-years-party-2021-03-26.html,Hotsince82,tech house,True
https://www.1001tracklists.com/tracklist/1ypc3fvt/annie-mac-hot-since-82-annie-mac-friday-night-2021-02-05.html,Hotsince82,tech house,True
https://www.1001tracklists.com/tracklist/muq29pk/jax-jones-hot-since-82-kuu-house-work-radio-2020-12-05.html,Hotsince82,tech house,True
https://www.1001tracklists.com/tracklist/1vvmqqc1/hot-since-82-pier-pressure-hartlepool-beach-united-kingdom-2020-12-05.html,Hotsince82,tech house,True
https://www.1001tracklists.com/tracklist/rkbblu1/hot-since-82-bbc-radio-1-dance-presents-knee-deep-in-sound-2020-12-05.html,Hotsince82,tech house,True
https://www.1001tracklists.com/tracklist/2wgp3s59/hot-since-82-recovery-hot-air-balloon-set-united-kingdom-factory-93-2020-11-28.html,Hotsince82,tech house,True
https://www.1001tracklists.com/tracklist/1pbyps0t/pete-tong-hot-since-82-essential-selection-2020-11-27.html,Hotsince82,tech house,True
https://www.1001tracklists.com/tracklist/x42r9bt/hot-since-82-umf-radio-602-2020-11-25.html,Hotsince82,tech house,True
https://www.1001tracklists.com/tracklist/2qvncpz9/hot-since-82-rudimental-b2b-liveset-2020-10-17.html,Hotsince82,tech house,True
https://www.1001tracklists.com/tracklist/1lk7xzdt/hot-since-82-life-stream-exit-festival-serbia-2020-09-27.html,Hotsince82,tech house,True
https://www.1001tracklists.com/tracklist/yz06rqt/hot-since-82-mixmag-live-in-yorkshire-2020-06-27.html,Hotsince82,tech house,True
https://www.1001tracklists.com/tracklist/nqs8bt9/hot-since-82-rinse-fm-knee-deep-in-sound-centennial-special-2020-04-03.html,Hotsince82,tech house,True
https://www.1001tracklists.com/tracklist/2dluw40t/hot-since-82-michael-bibi-liveset-from-the-kitchen-united-kingdom-2020-03-19.html,Hotsince82,tech house,True
https://www.1001tracklists.com/tracklist/yyf4gf9/hot-since-82-lwe-presents-sphere-the-launch-magazine-london-united-kingdom-2020-02-15.html,Hotsince82,tech house,True
https://www.1001tracklists.com/tracklist/1lj77b7k/hot-since-82-umf-radio-560-2020-02-05.html,Hotsince82,tech house,True
https://www.1001tracklists.com/tracklist/2gg17bh9/hot-since-82-bbc-introducing-tobacco-dock-london-united-kingdom-bbc-radio-1-2019-11-01.html,Hotsince82,tech house,True
https://www.1001tracklists.com/tracklist/2cnkbsj1/hot-since-82-dj-mag-mondaymix-2019-09-30.html,Hotsince82,tech house,True
https://www.1001tracklists.com/tracklist/12qh9u9k/hot-since-82-warehouse-creamfields-uk-united-kingdom-2019-08-24.html,Hotsince82,tech house,True
https://www.1001tracklists.com/tracklist/jyvx011/pete-tong-hot-since-82-roberto-surace-essential-selection-2019-08-16.html,Hotsince82,tech house,True
https://www.1001tracklists.com/tracklist/1lhq2yd9/hot-since-82-8-track-album-mix-2019-07-26.html,Hotsince82,tech house,True
https://www.1001tracklists.com/tracklist/1nc5rz3k/hot-since-82-terrace-culture-club-revelin-croatia-cercle-2019-06-17.html,Hotsince82,tech house,True
https://www.1001tracklists.com/tracklist/2tm541h1/hot-since-82-bbc-radio-1-essential-mix-2019-05-11.html,Hotsince82,tech house,True
https://www.1001tracklists.com/tracklist/2l4mtztk/hot-since-82-carl-cox-megastructure-ultra-music-festival-miami-miami-music-week-united-states-2019-03-30.html,Hotsince82,tech house,True
https://www.1001tracklists.com/tracklist/16cx5stk/pete-tong-hot-since-82-krystal-klear-axel-boman-essential-selection-all-gone-pete-tong-miami-pool-party-surfcomber-miami-miami-music-week-united-states-2019-03-29.html,Hotsince82,tech house,True
https://www.1001tracklists.com/tracklist/ccnb3wk/hot-since-82-mirante-9-de-julho-brazil-be-at-tv-2019-03-27.html,Hotsince82,tech house,True
https://www.1001tracklists.com/tracklist/bfjgbx9/hot-since-82-coda-toronto-canada-2018-12-13.html,Hotsince82,tech house,True
https://www.1001tracklists.com/tracklist/2sr3s67t/hot-since-82-fabric-promo-mix-fabric-london-united-kingdom-2018-09-12.html,Hotsince82,tech house,True
https://www.1001tracklists.com/tracklist/1nb8bp19/hot-since-82-all-gone-pete-tong-creamfields-uk-united-kingdom-2018-08-25.html,Hotsince82,tech house,True
https://www.1001tracklists.com/tracklist/2vfxqfh9/hot-since-82-ibiza-pirate-ship-spain-2018-08-15.html,Hotsince82,tech house,True
https://www.1001tracklists.com/tracklist/f6q7vz9/hot-since-82-circoloco-dc10-ibiza-spain-2018-08-13.html,Hotsince82,tech house,True
https://www.1001tracklists.com/tracklist/hzx2x9t/hot-since-82-family-piknik-france-2018-08-05.html,Hotsince82,tech house,True
https://www.1001tracklists.com/tracklist/1kjpwhrk/hot-since-82-burn-stage-kappa-futurfestival-turin-italy-2018-07-08.html,Hotsince82,tech house,True
https://www.1001tracklists.com/tracklist/2606mjvt/hot-since-82-love-saves-the-day-eastville-park-bristol-united-kingdom-be-at-tv-2018-05-27.html,Hotsince82,tech house,True
https://www.1001tracklists.com/tracklist/1p7muzn9/hot-since-82-labyrinth-tobacco-dock-london-united-kingdom-2018-03-31.html,Hotsince82,tech house,True
https://www.1001tracklists.com/tracklist/28tgpu1t/hot-since-82-resistance-arcadia-spider-miami-music-week-united-states-be-at-tv-2018-03-23.html,Hotsince82,tech house,True
https://www.1001tracklists.com/tracklist/x0qf5b9/hot-since-82-roof-top-vibes-in-buenos-aires-argentina-2018-03-08.html,Hotsince82,tech house,True
https://www.1001tracklists.com/tracklist/2djlqppt/hot-since-82-la-fleur-mixmag-the-lab-london-united-kingdom-2018-02-23.html,Hotsince82,tech house,True
https://www.1001tracklists.com/tracklist/1wpsrz81/hot-since-82-knee-deep-in-sound-podcast-the-review-continuous-dj-mix-2017-12-20.html,Hotsince82,tech house,True
https://www.1001tracklists.com/tracklist/jwxcxv9/hot-since-82-knee-deep-in-sound-vs.-straf_werk-amsterdam-dance-event-netherlands-2017-10-21.html,Hotsince82,tech house,True
https://www.1001tracklists.com/tracklist/sc938st/hot-since-82-the-palms-crssd-festival-united-states-2017-10-01.html,Hotsince82,tech house,True
https://www.1001tracklists.com/tracklist/2bnkqhbk/hot-since-82-yaah-muul-centro-de-congressos-do-arade-parchal-portugal-the-bpm-festival-portugal-be-at-tv-2017-09-16.html,Hotsince82,tech house,True
https://www.1001tracklists.com/tracklist/1yk3y1s9/hot-since-82-pacha-ibiza-spain-be-at-tv-2017-09-13.html,Hotsince82,tech house,True
https://www.1001tracklists.com/tracklist/w2hr6m9/hot-since-82-straf_werk-festival-amesterdam-netherlands-2017-08-19.html,Hotsince82,tech house,True
https://www.1001tracklists.com/tracklist/1wrr38vk/hot-since-82-djsounds-show-special-ibiza-kitchen-mix-2017-08-12.html,Hotsince82,tech house,True
https://www.1001tracklists.com/tracklist/1lflrcvt/hot-since-82-knee-deep-in-sound-eastern-electrics-festival-united-kingdom-be-at-tv-2017-08-05.html,Hotsince82,tech house,True
https://www.1001tracklists.com/tracklist/1fsk82kt/pete-tong-hot-since-82-essential-selection-2017-07-21.html,Hotsince82,tech house,True
https://www.1001tracklists.com/tracklist/1mcbykzt/hot-since-82-summer-2017-mix-2017-07-11.html,Hotsince82,tech house,True
https://www.1001tracklists.com/tracklist/t8vg5j9/hot-since-82-mts-dance-arena-exit-festival-novi-sad-serbia-2017-07-08.html,Hotsince82,tech house,True
https://www.1001tracklists.com/tracklist/1tvwhx0t/hot-since-82-mixmag-the-lab-ibiza-2017-06-23.html,Hotsince82,tech house,True
https://www.1001tracklists.com/tracklist/1zgp1mqk/john-gibbons-hot-since-82-power-020-2017-06-03.html,Hotsince82,tech house,True
https://www.1001tracklists.com/tracklist/15d3zdht/hot-since-82-umf-radio-417-2017-05-05.html,Hotsince82,tech house,True
https://www.1001tracklists.com/tracklist/xxp5r2t/hot-since-82-yuma-tent-coachella-festival-united-states-2017-04-15.html,Hotsince82,tech house,True
https://www.1001tracklists.com/tracklist/2my5b9v9/hot-since-82-knee-deep-in-london-printworks-london-united-kingdom-be-at-tv-2017-04-01.html,Hotsince82,tech house,True
https://www.1001tracklists.com/tracklist/177n89y1/hot-since-82-resistance-stage-ultra-music-festival-miami-miami-music-week-united-states-be-at-tv-2017-03-24.html,Hotsince82,tech house,True
https://www.1001tracklists.com/tracklist/1jy2m1qk/hot-since-82-rod-b-umf-radio-399-live-at-ultra-miamislashbrazil-2016-2016-12-30.html,Hotsince82,tech house,True
https://www.1001tracklists.com/tracklist/2ff5ky8t/hot-since-82-knee-deep-in-sound-x-straf-werk-faralda-crane-hotel-amsterdam-amsterdam-dance-event-netherlands-be-at-tv-2016-10-22.html,Hotsince82,tech house,True
https://www.1001tracklists.com/tracklist/219qdgb9/john-gibbons-hot-since-82-power-136-enter.terrace-space-ibiza-spain-2016-10-01.html,Hotsince82,tech house,True
https://www.1001tracklists.com/tracklist/14fs8kbt/hot-since-82-music-is-revolution-week-13-la-terraza-space-ibiza-spain-2016-09-06.html,Hotsince82,tech house,True
https://www.1001tracklists.com/tracklist/2l20y4fk/hot-since-82-umf-radio-380-ultra-europe-croatia-2016-08-19.html,Hotsince82,tech house,True
https://www.1001tracklists.com/tracklist/1n8fd2xk/hot-since-82-knee-deep-in-ibiza-pacha-ibiza-spain-2016-08-05.html,Hotsince82,tech house,True
https://www.1001tracklists.com/tracklist/hxz4fv9/hot-since-82-resistance-stage-ultra-europe-croatia-be-at-tv-2016-07-17.html,Hotsince82,tech house,True
https://www.1001tracklists.com/tracklist/2slkljq9/pete-tong-hot-since-82-essential-selection-2016-07-15.html,Hotsince82,tech house,True
https://www.1001tracklists.com/tracklist/2slhpcp9/hot-since-82-neongarden-edc-las-vegas-united-states-2016-06-17.html,Hotsince82,tech house,True
https://www.1001tracklists.com/tracklist/1b0c8jjk/hot-since-82-knee-deep-in-ibiza-2016-06-15.html,Hotsince82,tech house,True
https://www.1001tracklists.com/tracklist/2j64fwjk/hot-since-82-studio-theatre-argentina-2016-04-21.html,Hotsince82,tech house,True
https://www.1001tracklists.com/tracklist/qgcbck1/hot-since-82-snowbombing-austria-2016-04-09.html,Hotsince82,tech house,True
https://www.1001tracklists.com/tracklist/2j61d6k9/hot-since-82-resistance-stage-ultra-music-festival-miami-united-states-be-at-tv-2016-03-18.html,Hotsince82,tech house,True
https://www.1001tracklists.com/tracklist/f4ktyuk/hot-since-82-crssd-festival-united-states-2016-03-06.html,Hotsince82,tech house,True
https://www.1001tracklists.com/tracklist/28x6cqq9/hot-since-82-neongarden-edc-mexico-2016-02-27.html,Hotsince82,tech house,True
https://www.1001tracklists.com/tracklist/13pzsdk/hot-since-82-djsounds-show-2016-01-22.html,Hotsince82,tech house,True
https://www.1001tracklists.com/tracklist/8s1uk2t/anja-schneider-hot-since-82-knee-deep-in-mobilee-blue-parrot-playa-del-carmen-mexico-the-bpm-festival-mexico-2016-01-13.html,Hotsince82,tech house,True
https://www.1001tracklists.com/tracklist/48vscz9/hot-since-82-heidi-mike-servito-radio-1s-residency-2015-11-26.html,Hotsince82,tech house,True
https://www.1001tracklists.com/tracklist/61hdgfk/hot-since-82-cocoon-arena-creamfields-peru-lima-2015-11-21.html,Hotsince82,tech house,True
https://www.1001tracklists.com/tracklist/90wfqxk/hot-since-82-live-at-ologram-paraguay-2015-11-20.html,Hotsince82,tech house,True
https://www.1001tracklists.com/tracklist/1lf655t/hot-since-82-cocoon-creamfields-buenos-aires-argentina-2015-11-14.html,Hotsince82,tech house,True
https://www.1001tracklists.com/tracklist/286jcvs1/hot-since-82-saeed-younan-umf-radio-340-recorded-live-at-ultra-miami-2015-11-13.html,Hotsince82,tech house,True
https://www.1001tracklists.com/tracklist/3twl4p9/hot-since-82-drumcode-radio-273-2015-10-29.html,Hotsince82,tech house,True
https://www.1001tracklists.com/tracklist/3qyqu71/hot-since-82-joris-voorn-friends-awakenings-gashouder-amsterdam-netherlands-2015-10-17.html,Hotsince82,tech house,True
https://www.1001tracklists.com/tracklist/243h76k/hot-since-82-cocoon-amnesia-spain-ibiza-sonica-pioneer-dj-radio-2015-08-31.html,Hotsince82,tech house,True
https://www.1001tracklists.com/tracklist/93kqyvk/hot-since-82-pink-stage-hard-summer-festival-united-states-2015-08-01.html,Hotsince82,tech house,True
https://www.1001tracklists.com/tracklist/7bxjqd9/hot-since-82-radio-1s-essential-mix-enter.terrace-space-ibiza-spain-2015-07-31.html,Hotsince82,tech house,True
https://www.1001tracklists.com/tracklist/3wmtkvk/pete-tong-swedish-house-mafia-azari-iii-essential-selection-2015-07-17.html,Hotsince82,tech house,True
https://www.1001tracklists.com/tracklist/7tsx93t/hot-since-82-all-gone-pete-tong-ibiza-2015-hot-since-82-mix-sampler-2015-07-14.html,Hotsince82,tech house,True
https://www.1001tracklists.com/tracklist/8kgw1gt/hot-since-82-superclub-pres.-motion-explanada-del-estadio-monumental-lima-peru-2015-04-18.html,Hotsince82,tech house,True
https://www.1001tracklists.com/tracklist/3bhyyt9/hot-since-82-digital-stage-dgtl-festival-netherlands-be-at-tv-2015-04-04.html,Hotsince82,tech house,True
https://www.1001tracklists.com/tracklist/7mlc9z1/hot-since-82-carl-cox-friends-ultra-music-festival-miami-united-states-2015-03-28.html,Hotsince82,tech house,True
https://www.1001tracklists.com/tracklist/7bl7dvk/hot-since-82-the-social-festival-winter-edition-united-kingdom-be-at-tv-2015-02-28.html,Hotsince82,tech house,True
https://www.1001tracklists.com/tracklist/6ltq2x9/hot-since-82-sterne-womb-tokyo-japan-2015-02-06.html,Hotsince82,tech house,True
https://www.1001tracklists.com/tracklist/rdcbu71/hot-since-82-bbc-radio-1-pete-tongs-radio-show-2014-11-25.html,Hotsince82,tech house,True
https://www.1001tracklists.com/tracklist/6ljzcz1/hot-since-82-triple-j-2014-11-22.html,Hotsince82,tech house,True
https://www.1001tracklists.com/tracklist/18n4cv1/pete-tong-nicky-romero-hot-since-82-essential-selection-2014-11-14.html,Hotsince82,tech house,True
https://www.1001tracklists.com/tracklist/95yjy49/hot-since-82-mixmag-the-lab-los-angeles-united-states-2014-11-13.html,Hotsince82,tech house,True
https://www.1001tracklists.com/tracklist/1sg1rp21/hot-since-82-cannibals-tea-party-escape-all-hallows-eve-nos-events-center-san-bernardino-united-states-2014-10-31.html,Hotsince82,tech house,True
https://www.1001tracklists.com/tracklist/1cpx5x9/hot-since-82-djsounds-show-2014-10-29.html,Hotsince82,tech house,True
https://www.1001tracklists.com/tracklist/4ztkfk1/hot-since-82-ibiza-sonica-sunset-terrace-space-ibiza-spain-2014-10-07.html,Hotsince82,tech house,True
https://www.1001tracklists.com/tracklist/3q17wdk/danny-howard-hot-since-82-bbc-radio-1-dance-anthems-2014-10-04.html,Hotsince82,tech house,True
https://www.1001tracklists.com/tracklist/2v3ycnk/annie-mac-oliver-heldens-hot-since-82-annie-mac-radio-show-2014-08-22.html,Hotsince82,tech house,True
https://www.1001tracklists.com/tracklist/8qvlf6t/hot-since-82-music-is-revolution-space-ibiza-spain-2014-08-05.html,Hotsince82,tech house,True
https://www.1001tracklists.com/tracklist/18f9kwk/pete-tong-hot-since-82-bbc-radio-1-in-ibiza-ushuaia-ibiza-spain-2014-08-02.html,Hotsince82,tech house,True
https://www.1001tracklists.com/tracklist/4qqmng9/pete-tong-hot-since-82-eric-prydz-essential-selection-2014-08-01.html,Hotsince82,tech house,True
https://www.1001tracklists.com/tracklist/92qhryk/hot-since-82-worldwide-stage-ultra-europe-croatia-2014-07-11.html,Hotsince82,tech house,True
https://www.1001tracklists.com/tracklist/63bpu7t/hot-since-82-summer-hotcast-2014-07-10.html,Hotsince82,tech house,True
https://www.1001tracklists.com/tracklist/2uut1wt/hot-since-82-dance-department-2014-04-12.html,Hotsince82,tech house,True
https://www.1001tracklists.com/tracklist/44ktlk9/hot-since-82-mixmag-2014-04-11.html,Hotsince82,tech house,True
https://www.1001tracklists.com/tracklist/3lnnx5k/hot-since-82-knee-deep-in-miami-do-not-sit-on-the-furniture-miami-miami-winter-music-conference-2014-03-27.html,Hotsince82,tech house,True
https://www.1001tracklists.com/tracklist/2xsrym9/hot-since-82-mixmag-cover-mix-2014-03-25.html,Hotsince82,tech house,True
https://www.1001tracklists.com/tracklist/73uq3z1/anek-hot-since-82-viva-music-radio-february-2014-02-13.html,Hotsince82,tech house,True
https://www.1001tracklists.com/tracklist/1g0h5h9/hot-since-82-last-night-on-earth-o2-academy-brixton-united-kingdom-2013-12-31.html,Hotsince82,tech house,True
https://www.1001tracklists.com/tracklist/4j8njft/hot-since-82-knee-deep-in-2013-mix-2013-12-23.html,Hotsince82,tech house,True
https://www.1001tracklists.com/tracklist/4j7hgw9/booka-shade-steve-lawler-hot-since-82-radio-1s-essential-mix-20-years-anniversary-the-warehouse-project-manchester-united-kingdom-2013-12-07.html,Hotsince82,tech house,True
https://www.1001tracklists.com/tracklist/9850tn9/hot-since-82-umf-radio-2013-10-25.html,Hotsince82,tech house,True
https://www.1001tracklists.com/tracklist/7lj1b79/skream-luminox-benga-hot-since-82-bbc-radio-1-skream-benga-2013-10-18.html,Hotsince82,tech house,True
https://www.1001tracklists.com/tracklist/62tnpx1/jaymo-andy-george-hot-since-82-mixmag-the-lab-2013-10-04.html,Hotsince82,tech house,True
https://www.1001tracklists.com/tracklist/4z2m7dk/hot-since-82-boiler-room-the-warehouse-project-manchester-united-kingdom-2013-09-28.html,Hotsince82,tech house,True
https://www.1001tracklists.com/tracklist/6nnn2h9/hot-since-82-little-black-book-album-mix-2013-09-13.html,Hotsince82,tech house,True
https://www.1001tracklists.com/tracklist/ytubfk/hot-since-82-bbc-radio-1-essential-mix-2013-08-17.html,Hotsince82,tech house,True
https://www.1001tracklists.com/tracklist/5qtps8k/hot-since-82-kudos-fest-kudos-beach-mamaia-romania-2013-07-27.html,Hotsince82,tech house,True
https://www.1001tracklists.com/tracklist/3v4tqu1/hot-since-82-enter.terrace-space-ibiza-spain-2013-07-18.html,Hotsince82,tech house,True
https://www.1001tracklists.com/tracklist/4lyc15k/hot-since-82-summer-hotcast-2013-2013-06-19.html,Hotsince82,tech house,True
https://www.1001tracklists.com/tracklist/73b1kz9/pete-tong-ben-pearce-lewis-boardman-essential-selection-petes-north-stars-2013-04-19.html,Hotsince82,tech house,True
https://www.1001tracklists.com/tracklist/3h2pq7k/john-digweed-hot-since-82-transitions-451-2013-04-19.html,Hotsince82,tech house,True
https://www.1001tracklists.com/tracklist/5wksr09/hot-since-82-dgtl-festival-ndsm-docklands-amsterdam-netherlands-2013-03-30.html,Hotsince82,tech house,True
https://www.1001tracklists.com/tracklist/7d6tqv1/hot-since-82-the-subliminal-sessions-pool-party-the-shelborne-miami-winter-music-conference-united-states-2013-03-21.html,Hotsince82,tech house,True
https://www.1001tracklists.com/tracklist/6xcdnhk/hot-since-82-mixmag-2013-03-15.html,Hotsince82,tech house,True
https://www.1001tracklists.com/tracklist/6cd10mk/hot-since-82-dancing-astronaut-axis-radio-040-2013-02-15.html,Hotsince82,tech house,True
https://www.1001tracklists.com/tracklist/7y105l1/pete-tong-marc-romboy-hot-since-82-simian-mobile-disco-essential-selection-2013-02-08.html,Hotsince82,tech house,True
https://www.1001tracklists.com/tracklist/2878fdt/hot-since-82-hotcast-february-2013-02-01.html,Hotsince82,tech house,True
https://www.1001tracklists.com/tracklist/6k82m3k/copyright-hot-since-82-in-the-house-top-50-tunes-of-the-year-part-1-2012-12-17.html,Hotsince82,tech house,True
https://www.1001tracklists.com/tracklist/65f8tnt/hot-since-82-electronic-groove-podcast-eg.358-2012-12-06.html,Hotsince82,tech house,True
https://www.1001tracklists.com/tracklist/281ftr1/mark-knight-hot-since-82-toolroom-radio-2012-08-27.html,Hotsince82,tech house,True
https://www.1001tracklists.com/tracklist/3xhwdkt/hot-since-82-hot-cast-february-2012-02-18.html,Hotsince82,tech house,True
https://www.1001tracklists.com/tracklist/nu8hvk/hot-since-82-live-podcast-for-mute-manchester-2011-12-10.html,Hotsince82,tech house,True
https://www.1001tracklists.com/tracklist/q0f4f1/hot-since-82-november-podcast-2011-11-15.html,Hotsince82,tech house,True
https://www.1001tracklists.com/tracklist/8vmpw1/hot-since-82-motion-podcast-2011-10-16.html,Hotsince82,tech house,True
https://www.1001tracklists.com/tracklist/1w0f401/hot-since-82-noir-music-podcast-2011-09-21.html,Hotsince82,tech house,True
https://www.1001tracklists.com/tracklist/vmfkz81/john-summit-siam-songkran-music-festival-thailand-2026-04-14.html,Johnsummit,tech house,True
https://www.1001tracklists.com/tracklist/2wtl1821/john-summit-do-lab-coachella-festival-weekend-1-united-states-2026-04-10.html,Johnsummit,tech house,True
https://www.1001tracklists.com/tracklist/css7vqk/john-summit-ctrl-escape-pop-up-show-red-rocks-amphitheatre-united-states-2026-04-08.html,Johnsummit,tech house,True
https://www.1001tracklists.com/tracklist/zbkc9p9/john-summit-mainstage-ultra-music-festival-miami-united-states-2026-03-29.html,Johnsummit,tech house,True
https://www.1001tracklists.com/tracklist/1f9lr2xt/john-summit-club-space-miami-music-week-united-states-2026-03-24.html,Johnsummit,tech house,True
https://www.1001tracklists.com/tracklist/rw2uckt/john-summit-experts-only-radio-052-2026-03-21.html,Johnsummit,tech house,True
https://www.1001tracklists.com/tracklist/n4q9ls9/john-summit-kineticfield-edc-mexico-2026-02-22.html,Johnsummit,tech house,True
https://www.1001tracklists.com/tracklist/1lw52sq9/john-summit-experts-only-radio-050-2026-02-20.html,Johnsummit,tech house,True
https://www.1001tracklists.com/tracklist/1w65m7b9/john-summit-sean-maynard-friday-dance-party-194-2026-02-13.html,Johnsummit,tech house,True
https://www.1001tracklists.com/tracklist/1mtvdj0t/john-summit-framework-los-angeles-pres.-reframe-united-states-2026-02-03.html,Johnsummit,tech house,True
https://www.1001tracklists.com/tracklist/1f9660y9/john-summit-experts-only-radio-048-2026-01-27.html,Johnsummit,tech house,True
https://www.1001tracklists.com/tracklist/up519n1/john-summit-terminal-all-aboard-groove-cruise-miami-united-states-2026-01-24.html,Johnsummit,tech house,True
https://www.1001tracklists.com/tracklist/1qm596c9/john-summit-atandt-playoff-playlist-live-lummus-park-miami-beach-united-states-2026-01-17.html,Johnsummit,tech house,True
https://www.1001tracklists.com/tracklist/2jpk4231/john-summit-new-years-eve-liv-las-vegas-united-states-2026-01-01.html,Johnsummit,tech house,True
https://www.1001tracklists.com/tracklist/1qm28uct/john-summit-mothership-countdown-nye-los-angeles-convention-center-united-states-2025-12-31.html,Johnsummit,tech house,True
https://www.1001tracklists.com/tracklist/1zx25c9k/john-summit-experts-only-radio-046-nye-party-mix-2025-12-28.html,Johnsummit,tech house,True
https://www.1001tracklists.com/tracklist/2km7ju39/john-summit-experts-only-radio-045-best-of-2025-year-mix-2025-12-13.html,Johnsummit,tech house,True
https://www.1001tracklists.com/tracklist/pzs56hk/john-summit-liv-las-vegas-united-states-2025-11-23.html,Johnsummit,tech house,True
https://www.1001tracklists.com/tracklist/2vuw3vq1/john-summit-experts-only-radio-043-2025-11-15.html,Johnsummit,tech house,True
https://www.1001tracklists.com/tracklist/1kxnqzx9/john-summit-amsterdam-music-festival-johan-cruijff-arena-amsterdam-dance-event-netherlands-2025-10-25.html,Johnsummit,tech house,True
https://www.1001tracklists.com/tracklist/jdt5us1/john-summit-folsom-field-boulder-united-states-2025-10-18.html,Johnsummit,tech house,True
https://www.1001tracklists.com/tracklist/m641gbt/john-summit-experts-only-radio-041-2025-10-17.html,Johnsummit,tech house,True
https://www.1001tracklists.com/tracklist/btv3mn9/john-summit-burning-man-playa-package-mix-2025-10-09.html,Johnsummit,tech house,True
https://www.1001tracklists.com/tracklist/ungyldk/john-summit-t-mobile-stage-austin-city-limits-music-festival-united-states-2025-10-05.html,Johnsummit,tech house,True
https://www.1001tracklists.com/tracklist/19k97upk/john-summit-mayan-warrior-camp-fundraiser-los-angeles-united-states-2025-09-27.html,Johnsummit,tech house,True
https://www.1001tracklists.com/tracklist/17pmszp1/john-summit-mainstage-experts-only-festival-united-states-2025-09-21.html,Johnsummit,tech house,True
https://www.1001tracklists.com/tracklist/130mdqgt/john-summit-mirror-field-experts-only-festival-united-states-2025-09-21.html,Johnsummit,tech house,True
https://www.1001tracklists.com/tracklist/19k6y951/john-summit-mainstage-experts-only-festival-united-states-2025-09-20.html,Johnsummit,tech house,True
https://www.1001tracklists.com/tracklist/26f2ndw9/john-summit-the-vessel-new-york-city-united-states-2025-09-19.html,Johnsummit,tech house,True
https://www.1001tracklists.com/tracklist/1u9nqpdk/john-summit-experts-only-radio-039-festival-edition-2025-09-19.html,Johnsummit,tech house,True
https://www.1001tracklists.com/tracklist/qx4h7c1/john-summit-o2-arena-london-united-kingdom-2025-09-13.html,Johnsummit,tech house,True
https://www.1001tracklists.com/tracklist/1h3zdbnt/pete-tong-john-summit-global-dance-hq-2025-09-12.html,Johnsummit,tech house,True
https://www.1001tracklists.com/tracklist/2nd103xt/john-summit-the-grid-arc-music-festival-united-states-2025-08-31.html,Johnsummit,tech house,True
https://www.1001tracklists.com/tracklist/kbbwkz9/john-summit-mayan-warrior-burning-man-united-states-2025-08-28.html,Johnsummit,tech house,True
https://www.1001tracklists.com/tracklist/z99kuq1/n2n-john-summit-bubbles-bass-burning-man-sunrise-united-states-2025-08-28.html,Johnsummit,tech house,True
https://www.1001tracklists.com/tracklist/2p9sn6r9/john-summit-experts-only-radio-037-2025-08-26.html,Johnsummit,tech house,True
https://www.1001tracklists.com/tracklist/jddr9u9/adriatique-john-summit-x-theatre-antique-dorange-france-2025-08-23.html,Johnsummit,tech house,True
https://www.1001tracklists.com/tracklist/23mj37w1/john-summit-steel-yard-creamfields-north-united-kingdom-2025-08-22.html,Johnsummit,tech house,True
https://www.1001tracklists.com/tracklist/qwz7d81/anyma-john-summit-unvrs-ibiza-spain-2025-08-19.html,Johnsummit,tech house,True
https://www.1001tracklists.com/tracklist/2ncvpxnk/john-summit-twin-peaks-stage-outside-lands-san-francisco-united-states-2025-08-09.html,Johnsummit,tech house,True
https://www.1001tracklists.com/tracklist/2lj891yk/john-summit-bbc-radio-1-dance-presents-ants-metalworks-ushuaia-ibiza-spain-2025-08-02-2025-08-09.html,Johnsummit,tech house,True
https://www.1001tracklists.com/tracklist/17pbh6ck/john-summit-veld-afterparty-rebel-toronto-canada-2025-08-03.html,Johnsummit,tech house,True
https://www.1001tracklists.com/tracklist/1rhyrkuk/john-summit-mainstage-veld-music-festival-canada-2025-08-03.html,Johnsummit,tech house,True
https://www.1001tracklists.com/tracklist/m6vkskt/manzone-strong-john-summit-deadmau5-green-velvet-manzone-strong-pres.-connected-radio-133-2025-08-02.html,Johnsummit,tech house,True
https://www.1001tracklists.com/tracklist/1luxdbdt/john-summit-experts-only-radio-035-2025-07-29.html,Johnsummit,tech house,True
https://www.1001tracklists.com/tracklist/15tp5w39/john-summit-mainstage-tomorrowland-weekend-2-belgium-2025-07-25.html,Johnsummit,tech house,True
https://www.1001tracklists.com/tracklist/pyzh66t/john-summit-freedom-stage-tomorrowland-weekend-1-belgium-2025-07-18.html,Johnsummit,tech house,True
https://www.1001tracklists.com/tracklist/jd4c2u1/john-summit-mainstage-ultra-europe-croatia-2025-07-12.html,Johnsummit,tech house,True
https://www.1001tracklists.com/tracklist/20tv6muk/john-summit-comfort-in-chaos-anniversary-mix-2025-07-11.html,Johnsummit,tech house,True
https://www.1001tracklists.com/tracklist/2r52l51t/john-summit-temple-stage-neversea-festival-bucharest-romania-2025-07-06.html,Johnsummit,tech house,True
https://www.1001tracklists.com/tracklist/cr1wpf1/john-summit-experts-only-radio-033-ibiza-edition-2025-07-01.html,Johnsummit,tech house,True
https://www.1001tracklists.com/tracklist/qwnx2x9/john-summit-sputnik-club-2025-06-21.html,Johnsummit,tech house,True
https://www.1001tracklists.com/tracklist/bt6chpt/john-summit-monolith-tour-stade-orange-velodrome-marseille-france-2025-06-20.html,Johnsummit,tech house,True
https://www.1001tracklists.com/tracklist/2uw6pujt/john-summit-sean-maynard-friday-dance-party-162-2025-06-13.html,Johnsummit,tech house,True
https://www.1001tracklists.com/tracklist/1lup6s91/john-summit-levity-bonnaroo-music-festival-united-states-2025-06-13.html,Johnsummit,tech house,True
https://www.1001tracklists.com/tracklist/1cd5v2qk/john-summit-experts-only-radio-031-2025-06-03.html,Johnsummit,tech house,True
https://www.1001tracklists.com/tracklist/l7j0jk1/john-summit-sean-maynard-dance-anthems-radio-show-269-2025-05-31.html,Johnsummit,tech house,True
https://www.1001tracklists.com/tracklist/qwjs31t/john-summit-movement-closing-party-russell-industrial-center-united-states-2025-05-26.html,Johnsummit,tech house,True
https://www.1001tracklists.com/tracklist/1zvtj6lk/john-summit-movement-stage-movement-electronic-music-festival-detroit-united-states-2025-05-26.html,Johnsummit,tech house,True
https://www.1001tracklists.com/tracklist/k9qfg3k/john-summit-lightning-lightning-in-a-bottle-festival-united-states-2025-05-25.html,Johnsummit,tech house,True
https://www.1001tracklists.com/tracklist/14vjyqvt/john-summit-subtronics-stacks-lightning-in-a-bottle-festival-united-states-2025-05-25.html,Johnsummit,tech house,True
https://www.1001tracklists.com/tracklist/2ncfstj1/tiesto-john-summit-memoral-day-weekend-liv-beach-las-vegas-united-states-2025-05-23.html,Johnsummit,tech house,True
https://www.1001tracklists.com/tracklist/24jsx8s1/john-summit-triple-j-friday-mix-2025-05-23.html,Johnsummit,tech house,True
https://www.1001tracklists.com/tracklist/295tvwvk/artomik-john-summit-bounce-radio-2025-05-22.html,Johnsummit,tech house,True
https://www.1001tracklists.com/tracklist/1zvs1y3k/john-summit-liv-edc-week-las-vegas-2025-05-19.html,Johnsummit,tech house,True
https://www.1001tracklists.com/tracklist/9v6pjxt/john-summit-liv-beach-las-vegas-edc-week-las-vegas-2025-05-18.html,Johnsummit,tech house,True
https://www.1001tracklists.com/tracklist/25gkpmqk/john-summit-radius-stage-foundation-v13.0-pne-centre-grounds-vancouver-canada-2025-05-17.html,Johnsummit,tech house,True
https://www.1001tracklists.com/tracklist/1yxvt0mt/john-summit-experts-only-radio-029-2025-05-06.html,Johnsummit,tech house,True
https://www.1001tracklists.com/tracklist/pyl5q01/john-summit-club-space-miami-united-states-2025-05-03.html,Johnsummit,tech house,True
https://www.1001tracklists.com/tracklist/cqn0sbk/john-summit-hordern-pavilion-australia-2025-04-13.html,Johnsummit,tech house,True
https://www.1001tracklists.com/tracklist/19j804lt/john-summit-experts-only-radio-027-australia-edition-2025-04-08.html,Johnsummit,tech house,True
https://www.1001tracklists.com/tracklist/2wrbph09/jack-saunders-john-summit-new-music-show-2025-03-31.html,Johnsummit,tech house,True
https://www.1001tracklists.com/tracklist/vk3uv21/john-summit-liv-beach-las-vegas-united-states-2025-03-22.html,Johnsummit,tech house,True
https://www.1001tracklists.com/tracklist/cqf4hj1/john-summit-experts-only-radio-025-mmw-special-2025-03-11.html,Johnsummit,tech house,True
https://www.1001tracklists.com/tracklist/1qkxktt1/john-summit-perrys-stage-lollapalooza-india-2025-03-09.html,Johnsummit,tech house,True
https://www.1001tracklists.com/tracklist/1kw9g2k1/john-summit-quake-arena-india-2025-03-08.html,Johnsummit,tech house,True
https://www.1001tracklists.com/tracklist/2uvlzfpk/armin-van-buuren-john-summit-dance-department-2025-03-08.html,Johnsummit,tech house,True
https://www.1001tracklists.com/tracklist/2q6kpdbk/john-summit-the-end-of-genesys-sphere-las-vegas-united-states-2025-03-02.html,Johnsummit,tech house,True
https://www.1001tracklists.com/tracklist/qvzmjct/john-summit-anyma-liv-las-vegas-united-states-2025-03-01.html,Johnsummit,tech house,True
https://www.1001tracklists.com/tracklist/16qjndb1/john-summit-experts-only-radio-023-2025-02-11.html,Johnsummit,tech house,True
https://www.1001tracklists.com/tracklist/9unbmpt/john-summit-shaqs-fun-house-mardi-gras-world-new-orleans-united-states-2025-02-08.html,Johnsummit,tech house,True
https://www.1001tracklists.com/tracklist/287b2puk/john-summit-o2-academy-brixton-united-kingdom-2025-01-24.html,Johnsummit,tech house,True
https://www.1001tracklists.com/tracklist/2uv95xg9/john-summit-experts-only-radio-021-2025-01-14.html,Johnsummit,tech house,True
https://www.1001tracklists.com/tracklist/hf91shk/john-summit-paradiso-lima-peru-2025-01-09.html,Johnsummit,tech house,True
https://www.1001tracklists.com/tracklist/17n3cdrt/john-summit-experts-only-zamna-tulum-mexico-2025-01-04.html,Johnsummit,tech house,True
https://www.1001tracklists.com/tracklist/tp2ygt1/john-summit-grand-palace-decadence-arizona-age-of-indurgence-united-states-2024-12-31.html,Johnsummit,tech house,True
https://www.1001tracklists.com/tracklist/24hyfktk/john-summit-new-years-weekend-liv-las-vegas-united-states-2024-12-30.html,Johnsummit,tech house,True
https://www.1001tracklists.com/tracklist/17mzn1f1/john-summit-apple-music-mixes-nye-2025-2024-12-18.html,Johnsummit,tech house,True
https://www.1001tracklists.com/tracklist/2q633n11/john-summit-experts-only-radio-020-2024-12-17.html,Johnsummit,tech house,True
https://www.1001tracklists.com/tracklist/19hl3ybt/moguai-tiesto-john-summit-1live-dj-session-best-of-2024-part-1-2024-12-14.html,Johnsummit,tech house,True
https://www.1001tracklists.com/tracklist/2grnpgt9/john-summit-moon-palace-cancun-mexico-2024-12-12.html,Johnsummit,tech house,True
https://www.1001tracklists.com/tracklist/1ywzcd71/john-summit-basel-edition-liv-miami-united-states-2024-12-07.html,Johnsummit,tech house,True
https://www.1001tracklists.com/tracklist/1ply51dt/john-summit-experts-only-art-basel-miami-toejam-backlot-united-states-2024-12-04.html,Johnsummit,tech house,True
https://www.1001tracklists.com/tracklist/26cb14xk/john-summit-zeskullz-presents-302-2024-11-22.html,Johnsummit,tech house,True
https://www.1001tracklists.com/tracklist/2cy3h3wt/john-summit-mainstage-dreamfields-festival-mexico-2024-11-17.html,Johnsummit,tech house,True
https://www.1001tracklists.com/tracklist/23kwdnmk/john-summit-comfort-in-chaos-kia-forum-united-states-2024-11-16.html,Johnsummit,tech house,True
https://www.1001tracklists.com/tracklist/105f4qd1/john-summit-comfort-in-chaos-kia-forum-united-states-2024-11-14.html,Johnsummit,tech house,True
https://www.1001tracklists.com/tracklist/2vsqtkck/john-summit-experts-only-radio-019-2024-11-12.html,Johnsummit,tech house,True
https://www.1001tracklists.com/tracklist/xcyd4rt/john-summit-circuitgrounds-edc-orlando-united-states-2024-11-10.html,Johnsummit,tech house,True
https://www.1001tracklists.com/tracklist/2grfpnpt/john-summit-pepsi-center-wtc-mexico-city-mexico-2024-11-02.html,Johnsummit,tech house,True
https://www.1001tracklists.com/tracklist/qv6rvft/john-summit-cow-palace-united-states-2024-10-19.html,Johnsummit,tech house,True
https://www.1001tracklists.com/tracklist/21q2unbk/john-summit-experts-only-radio-018-2024-10-15.html,Johnsummit,tech house,True
https://www.1001tracklists.com/tracklist/1plnzxjk/john-summit-huntington-bank-pavilion-united-states-2024-10-10.html,Johnsummit,tech house,True
https://www.1001tracklists.com/tracklist/fk45ggk/manzone-strong-john-summit-manzone-strong-pres.-connected-radio-086-2024-10-09.html,Johnsummit,tech house,True
https://www.1001tracklists.com/tracklist/2s1661y9/john-summit-zeskullz-presents-293-2024-09-19.html,Johnsummit,tech house,True
https://www.1001tracklists.com/tracklist/2q5lccw1/john-summit-experts-only-radio-017-2024-09-17.html,Johnsummit,tech house,True
https://www.1001tracklists.com/tracklist/2dvjwcqt/john-summit-grammy-spotlight-grammy-museum-united-states-2024-09-12.html,Johnsummit,tech house,True
https://www.1001tracklists.com/tracklist/278pv251/john-summit-olympic-park-montreal-canada-2024-09-07.html,Johnsummit,tech house,True
https://www.1001tracklists.com/tracklist/1kv67509/moguai-john-summit-marten-horger-1live-dj-session-2024-08-31.html,Johnsummit,tech house,True
https://www.1001tracklists.com/tracklist/22mnpn8t/john-summit-relentless-beats-rawhide-event-center-united-states-2024-08-30.html,Johnsummit,tech house,True
https://www.1001tracklists.com/tracklist/1f657gr1/john-summit-radio-1s-residency-2024-08-29.html,Johnsummit,tech house,True
https://www.1001tracklists.com/tracklist/brj346k/richard-vission-john-summit-powertools-mixshow-2024-08-26.html,Johnsummit,tech house,True
https://www.1001tracklists.com/tracklist/2cxmn1bt/andrea-oliva-john-summit-bbc-radio-1-dance-presents-ibiza-2024-ants-bbc-radio-1-dance-live-ushuaia-ibiza-2024-08-03-2024-08-24.html,Johnsummit,tech house,True
https://www.1001tracklists.com/tracklist/jb84u61/john-summit-splash-house-after-hours-palm-spring-air-museum-united-states-2024-08-16.html,Johnsummit,tech house,True
https://www.1001tracklists.com/tracklist/2b1ypukk/john-summit-experts-only-radio-016-2024-08-13.html,Johnsummit,tech house,True
https://www.1001tracklists.com/tracklist/1x0pjg0k/john-summit-crystal-garden-tomorrowland-weekend-2-belgium-2024-07-28.html,Johnsummit,tech house,True
https://www.1001tracklists.com/tracklist/2kj92uz9/martin-garrix-ushuaia-ibiza-spain-2024-07-25.html,Johnsummit,tech house,True
https://www.1001tracklists.com/tracklist/2dv705kk/john-summit-experts-only-radio-015-2024-07-16.html,Johnsummit,tech house,True
https://www.1001tracklists.com/tracklist/gggdzd9/charlie-hedges-john-summit-bbc-radio-1-dance-anthems-2024-07-13.html,Johnsummit,tech house,True
https://www.1001tracklists.com/tracklist/17m3qy9t/john-summit-badlands-music-festival-canada-2024-07-09.html,Johnsummit,tech house,True
https://www.1001tracklists.com/tracklist/fjmlxwk/john-summit-pacific-stage-fvded-in-the-park-canada-2024-07-05.html,Johnsummit,tech house,True
https://www.1001tracklists.com/tracklist/1x0jkb71/alesso-john-summit-the-surf-lodge-montauk-new-york-united-states-2024-07-03.html,Johnsummit,tech house,True
https://www.1001tracklists.com/tracklist/1bdgvqvk/john-summit-building-293-brooklyn-navy-yard-nyc-united-states-2024-06-30.html,Johnsummit,tech house,True
https://www.1001tracklists.com/tracklist/2wq2hvck/john-summit-throwback-set-madison-square-garden-new-york-united-states-2024-06-29.html,Johnsummit,tech house,True
https://www.1001tracklists.com/tracklist/22mbbubt/john-summit-madison-square-garden-new-york-united-states-2024-06-29.html,Johnsummit,tech house,True
https://www.1001tracklists.com/tracklist/2vryslx9/john-summit-comfort-in-chaos-boat-party-united-states-2024-06-28.html,Johnsummit,tech house,True
https://www.1001tracklists.com/tracklist/1yw2pf71/john-summit-public-records-new-york-united-states-2024-06-27.html,Johnsummit,tech house,True
https://www.1001tracklists.com/tracklist/1v5bdpr9/john-summit-tripolee-stage-electric-forest-festival-united-states-2024-06-23.html,Johnsummit,tech house,True
https://www.1001tracklists.com/tracklist/1x0fr6ft/john-summit-experts-only-radio-014-2024-06-18.html,Johnsummit,tech house,True
https://www.1001tracklists.com/tracklist/293v9lnk/john-summit-coda-toronto-canada-2024-06-16.html,Johnsummit,tech house,True
https://www.1001tracklists.com/tracklist/br32k4t/john-summit-rbc-amphitheatre-toronto-canada-2024-06-16.html,Johnsummit,tech house,True
https://www.1001tracklists.com/tracklist/qujqg61/john-summit-rbc-amphitheatre-toronto-canada-2024-06-15.html,Johnsummit,tech house,True
https://www.1001tracklists.com/tracklist/2r2vbwk1/john-summit-city-hall-regenerate-festival-denver-united-states-2024-06-07.html,Johnsummit,tech house,True
https://www.1001tracklists.com/tracklist/2gqmkrp1/john-summit-tomorrowland-friendship-mix-2024-06-06.html,Johnsummit,tech house,True
https://www.1001tracklists.com/tracklist/1mqb48g1/john-summit-breakaway-music-festival-ohio-united-states-2024-06-01.html,Johnsummit,tech house,True
https://www.1001tracklists.com/tracklist/vhdhdk9/diplo-mau-p-john-summit-afters-edc-las-vegas-camp-united-states-2024-05-20.html,Johnsummit,tech house,True
https://www.1001tracklists.com/tracklist/2p745p91/john-summit-green-velvet-kineticfield-edc-las-vegas-united-states-2024-05-19.html,Johnsummit,tech house,True
https://www.1001tracklists.com/tracklist/2vrrkr71/john-summit-circuitgrounds-edc-las-vegas-united-states-2024-05-17.html,Johnsummit,tech house,True
https://www.1001tracklists.com/tracklist/uklcj11/john-summit-dom-dolla-liv-edc-week-las-vegas-2024-05-16.html,Johnsummit,tech house,True
https://www.1001tracklists.com/tracklist/1hz06kv1/john-summit-experts-only-radio-013-2024-05-14.html,Johnsummit,tech house,True
https://www.1001tracklists.com/tracklist/2s0h1ug9/john-summit-t7-paris-france-2024-05-07.html,Johnsummit,tech house,True
https://www.1001tracklists.com/tracklist/2r2qjk2k/john-summit-sputnik-club-2024-05-04.html,Johnsummit,tech house,True
https://www.1001tracklists.com/tracklist/11zwmr4k/john-summit-experts-only-the-caverns-united-states-2024-04-27.html,Johnsummit,tech house,True
https://www.1001tracklists.com/tracklist/9t13v81/john-summit-experts-only-the-caverns-united-states-2024-04-26.html,Johnsummit,tech house,True
https://www.1001tracklists.com/tracklist/1v4jfm01/john-summit-sahara-coachella-festival-weekend-2-united-states-2024-04-21.html,Johnsummit,tech house,True
https://www.1001tracklists.com/tracklist/2b1b8gc1/john-summit-experts-only-radio-012-2024-04-16.html,Johnsummit,tech house,True
https://www.1001tracklists.com/tracklist/18jfs80k/john-summit-sahara-coachella-festival-weekend-1-united-states-2024-04-14.html,Johnsummit,tech house,True
https://www.1001tracklists.com/tracklist/2n9jm02t/vize-john-summit-n-joy-radio-residents-2024-04-12.html,Johnsummit,tech house,True
https://www.1001tracklists.com/tracklist/2bzfuhtk/john-summit-florian-schumacher-clubding-2024-04-08.html,Johnsummit,tech house,True
https://www.1001tracklists.com/tracklist/1u6kqhkt/john-summit-liv-miami-miami-music-week-united-states-2024-03-23.html,Johnsummit,tech house,True
https://www.1001tracklists.com/tracklist/20r4tpb1/john-summit-get-lost-mexico-parque-bicentenario-mexico-city-mexico-2024-03-21.html,Johnsummit,tech house,True
https://www.1001tracklists.com/tracklist/2lffc2u1/john-summit-experts-only-factory-town-miami-music-week-united-states-2024-03-20.html,Johnsummit,tech house,True
https://www.1001tracklists.com/tracklist/wdtbxy9/john-summit-experts-only-radio-011-2024-03-08.html,Johnsummit,tech house,True
https://www.1001tracklists.com/tracklist/1h0t5kmk/john-summit-vicious-sound-system-150-2024-02-29.html,Johnsummit,tech house,True
https://www.1001tracklists.com/tracklist/1d7ccrd1/john-summit-circuitgrounds-edc-mexico-2024-02-23.html,Johnsummit,tech house,True
https://www.1001tracklists.com/tracklist/29377dut/majestic-john-summit-kiss-dance-2024-02-23.html,Johnsummit,tech house,True
https://www.1001tracklists.com/tracklist/1yvd7y7k/john-summit-zeskullz-presents-263-2024-02-22.html,Johnsummit,tech house,True
https://www.1001tracklists.com/tracklist/111sd47k/john-summit-pop-up-set-vail-mountain-colorado-united-states-2024-02-17.html,Johnsummit,tech house,True
https://www.1001tracklists.com/tracklist/2936jjf9/john-summit-experts-only-ford-park-vail-united-states-2024-02-17.html,Johnsummit,tech house,True
https://www.1001tracklists.com/tracklist/2mghcl19/dj-fuel-john-summit-the-party-life-radio-show-572-2024-02-15.html,Johnsummit,tech house,True
https://www.1001tracklists.com/tracklist/1c9jjnpt/artomik-john-summit-bounce-radio-2024-02-15.html,Johnsummit,tech house,True
https://www.1001tracklists.com/tracklist/hcfl4h1/john-summit-shiver-release-party-floyd-miami-united-states-2024-02-14.html,Johnsummit,tech house,True
https://www.1001tracklists.com/tracklist/1mppf6p9/john-summit-experts-only-radio-010-2024-02-09.html,Johnsummit,tech house,True
https://www.1001tracklists.com/tracklist/dmns5u1/john-summit-main-pool-deck-16-groove-cruise-miami-united-states-2024-01-27.html,Johnsummit,tech house,True
https://www.1001tracklists.com/tracklist/111j2zvk/john-summit-experts-only-radio-009-2024-01-18.html,Johnsummit,tech house,True
https://www.1001tracklists.com/tracklist/11z9fyjk/john-summit-daer-dayclub-united-states-2024-01-13.html,Johnsummit,tech house,True
https://www.1001tracklists.com/tracklist/23jgt5hk/john-summit-ocaso-festival-costa-rica-2024-01-05.html,Johnsummit,tech house,True
https://www.1001tracklists.com/tracklist/2hpq3jgt/john-summit-grand-palace-decadence-arizona-united-states-2023-12-30.html,Johnsummit,tech house,True
https://www.1001tracklists.com/tracklist/1yv3b4r9/john-summit-motherboard-stage-decadence-colorado-united-states-2023-12-30.html,Johnsummit,tech house,True
https://www.1001tracklists.com/tracklist/20qpwlqt/john-summit-liv-las-vegas-united-states-2023-12-29.html,Johnsummit,tech house,True
https://www.1001tracklists.com/tracklist/cmz1plt/john-summit-building-293-brooklyn-navy-yard-nyc-united-states-2023-12-28.html,Johnsummit,tech house,True
https://www.1001tracklists.com/tracklist/2mbp0ukt/john-summit-bmo-stadium-afterparty-the-exchange-los-angeles-united-states-2023-12-16.html,Johnsummit,tech house,True
https://www.1001tracklists.com/tracklist/1f4s7nj1/john-summit-subtronics-closing-set-bmo-stadium-los-angeles-united-states-2023-12-16.html,Johnsummit,tech house,True
https://www.1001tracklists.com/tracklist/2ldv6jq1/john-summit-opening-set-bmo-stadium-los-angeles-united-states-2023-12-16.html,Johnsummit,tech house,True
https://www.1001tracklists.com/tracklist/1qgss52k/john-summit-liv-las-vegas-united-states-2023-12-14.html,Johnsummit,tech house,True
https://www.1001tracklists.com/tracklist/24ftgls1/john-summit-experts-only-art-basel-closing-party-factory-town-miami-united-states-2023-12-10.html,Johnsummit,tech house,True
https://www.1001tracklists.com/tracklist/fhgmpn9/john-summit-experts-only-radio-008-2023-12-08.html,Johnsummit,tech house,True
https://www.1001tracklists.com/tracklist/2p671g79/john-summit-basel-edition-liv-miami-united-states-2023-12-08.html,Johnsummit,tech house,True
https://www.1001tracklists.com/tracklist/j8vckxt/john-summit-club-space-miami-united-states-2023-12-06.html,Johnsummit,tech house,True
https://www.1001tracklists.com/tracklist/2b0h3xd1/john-summit-experts-only-radio-007-2023-11-16.html,Johnsummit,tech house,True
https://www.1001tracklists.com/tracklist/1c8ykn99/john-summit-experts-only-the-midway-san-francisco-united-states-2023-11-04.html,Johnsummit,tech house,True
https://www.1001tracklists.com/tracklist/11139v2t/john-summit-experts-only-frost-amphitheater-united-states-2023-11-03.html,Johnsummit,tech house,True
https://www.1001tracklists.com/tracklist/2hmjdc01/john-summit-the-amphitheater-suwannee-hulaween-united-states-2023-10-26.html,Johnsummit,tech house,True
https://www.1001tracklists.com/tracklist/292k5vq1/john-summit-green-velvet-mind-melt-iii-points-music-festival-united-states-2023-10-21.html,Johnsummit,tech house,True
https://www.1001tracklists.com/tracklist/292jlkjt/john-summit-experts-only-radio-006-2023-10-13.html,Johnsummit,tech house,True
https://www.1001tracklists.com/tracklist/wcyvnp9/john-summit-vicious-sound-system-130-2023-10-12.html,Johnsummit,tech house,True
https://www.1001tracklists.com/tracklist/2hm37f8t/john-summit-savaya-bali-indonesia-2023-10-10.html,Johnsummit,tech house,True
https://www.1001tracklists.com/tracklist/1mnywm31/john-summit-stereobloom-edc-china-2023-10-02.html,Johnsummit,tech house,True
https://www.1001tracklists.com/tracklist/20q5z11k/john-summit-zerotokyo-japan-2023-09-30.html,Johnsummit,tech house,True
https://www.1001tracklists.com/tracklist/20q7f1qk/john-summit-disco-inferno-stage-imagine-music-festival-atlanta-united-states-2023-09-16.html,Johnsummit,tech house,True
https://www.1001tracklists.com/tracklist/2wn4ukv9/john-summit-experts-only-radio-005-2023-09-08.html,Johnsummit,tech house,True
https://www.1001tracklists.com/tracklist/2gp2fh51/john-summit-dom-dolla-green-velvet-the-great-hall-new-york-electric-zoo-afterparty-2023-09-03.html,Johnsummit,tech house,True
https://www.1001tracklists.com/tracklist/1yufnjg1/john-summit-the-grid-arc-music-festival-united-states-2023-09-02.html,Johnsummit,tech house,True
https://www.1001tracklists.com/tracklist/2926ul41/john-summit-trick-stage-creamfields-north-united-kingdom-2023-08-26.html,Johnsummit,tech house,True
https://www.1001tracklists.com/tracklist/rqnf2z1/john-summit-experts-only-radio-004-2023-08-15.html,Johnsummit,tech house,True
https://www.1001tracklists.com/tracklist/sngnkrk/john-summit-solar-stage-moonrise-festival-united-states-2023-08-12.html,Johnsummit,tech house,True
https://www.1001tracklists.com/tracklist/12w91w89/john-summit-fire-stage-elements-music-arts-festival-united-states-2023-08-11.html,Johnsummit,tech house,True
https://www.1001tracklists.com/tracklist/276k2q1k/john-summit-zeskullz-presents-235-2023-08-10.html,Johnsummit,tech house,True
https://www.1001tracklists.com/tracklist/17k7xbyk/john-summit-omnia-nightclub-las-vegas-united-states-2023-08-08.html,Johnsummit,tech house,True
https://www.1001tracklists.com/tracklist/1gznuvkt/john-summit-hard-afters-academy-los-angeles-united-states-2023-08-05.html,Johnsummit,tech house,True
https://www.1001tracklists.com/tracklist/2q3c52m9/kaskade-john-summit-hard-stage-hard-summer-festival-exposition-park-los-angeles-united-states-2023-08-05.html,Johnsummit,tech house,True
https://www.1001tracklists.com/tracklist/djx7uhk/john-summit-pagoda-stage-shambhala-festival-canada-2023-07-22.html,Johnsummit,tech house,True
https://www.1001tracklists.com/tracklist/2n7pcrnt/john-summit-hakkasan-las-vegas-united-states-2023-07-21.html,Johnsummit,tech house,True
https://www.1001tracklists.com/tracklist/1yu5qrc1/john-summit-experts-only-radio-003-2023-07-14.html,Johnsummit,tech house,True
https://www.1001tracklists.com/tracklist/2lcyt439/john-summit-stage-1-electric-island-festival-rbc-echo-beach-toronto-canada-2023-07-01.html,Johnsummit,tech house,True
https://www.1001tracklists.com/tracklist/bp8tfkt/john-summit-club-space-miami-united-states-2023-06-24.html,Johnsummit,tech house,True
https://www.1001tracklists.com/tracklist/qshyx41/john-summit-experts-only-radio-002-2023-06-09.html,Johnsummit,tech house,True
https://www.1001tracklists.com/tracklist/m18f74t/john-summit-off-the-grid-the-brooklyn-mirage-new-york-united-states-2023-06-03.html,Johnsummit,tech house,True
https://www.1001tracklists.com/tracklist/1pjuftut/dom-dolla-john-summit-stargate-stage-movement-electronic-music-festival-detroit-united-states-2023-05-29.html,Johnsummit,tech house,True
https://www.1001tracklists.com/tracklist/2wmmqgt9/john-summit-the-indy-500-snake-pit-united-states-2023-05-28.html,Johnsummit,tech house,True
https://www.1001tracklists.com/tracklist/2swdpxnk/john-summit-memoral-day-weekend-tao-beach-las-vegas-united-states-2023-05-26.html,Johnsummit,tech house,True
https://www.1001tracklists.com/tracklist/2jj57cn9/john-summit-circuitgrounds-edc-las-vegas-united-states-2023-05-20.html,Johnsummit,tech house,True
https://www.1001tracklists.com/tracklist/12vus5st/subtronics-john-summit-circuitgrounds-edc-las-vegas-united-states-2023-05-20.html,Johnsummit,tech house,True
https://www.1001tracklists.com/tracklist/13u40s1k/john-summit-main-room-seismic-dance-event-spring-edition-united-states-2023-05-19.html,Johnsummit,tech house,True
https://www.1001tracklists.com/tracklist/2vpv2qb9/john-summit-red-rocks-amphitheatre-united-states-2023-05-14.html,Johnsummit,tech house,True
https://www.1001tracklists.com/tracklist/2763cbh9/john-summit-1stbank-center-united-states-2023-05-13.html,Johnsummit,tech house,True
https://www.1001tracklists.com/tracklist/2n79ucbt/john-summit-sunset-on-the-sand-miami-beach-race-weekend-united-states-2023-05-06.html,Johnsummit,tech house,True
https://www.1001tracklists.com/tracklist/2p52rhmk/john-summit-experts-only-radio-001-2023-05-04.html,Johnsummit,tech house,True
https://www.1001tracklists.com/tracklist/1lqc8x3t/nicole-moudaber-john-summit-in-the-mood-469-2023-04-25.html,Johnsummit,tech house,True
https://www.1001tracklists.com/tracklist/j7nm1nk/dj-fuel-john-summit-the-party-life-radio-show-ep536-2023-04-20.html,Johnsummit,tech house,True
https://www.1001tracklists.com/tracklist/20pd0nt1/john-summit-off-the-grid-the-vanguard-orlando-united-states-2023-04-15.html,Johnsummit,tech house,True
https://www.1001tracklists.com/tracklist/2wmck5gt/john-summit-mainstage-creamfields-taiwan-2023-04-01.html,Johnsummit,tech house,True
https://www.1001tracklists.com/tracklist/2cv7s11k/john-summit-onyx-bangkok-thailand-2023-03-31.html,Johnsummit,tech house,True
https://www.1001tracklists.com/tracklist/1100t1l9/john-summit-nicole-moudaber-off-the-grid-factory-town-miami-music-week-2023-03-26.html,Johnsummit,tech house,True
https://www.1001tracklists.com/tracklist/2dspv709/john-summit-perrys-by-johnnie-walker-blonde-lollapalooza-brazil-2023-03-24.html,Johnsummit,tech house,True
https://www.1001tracklists.com/tracklist/1gyyxg7t/john-summit-perrys-stage-lollapalooza-2023-03-17.html,Johnsummit,tech house,True
https://www.1001tracklists.com/tracklist/1xvqkc2k/john-summit-radio-1s-essential-mix-2023-02-25.html,Johnsummit,tech house,True
https://www.1001tracklists.com/tracklist/1mmt094t/pete-tong-john-summit-global-dance-hq-2023-02-03.html,Johnsummit,tech house,True
https://www.1001tracklists.com/tracklist/15nt1t39/john-summit-daer-nightclub-dayclub-miami-united-states-2023-01-15.html,Johnsummit,tech house,True
https://www.1001tracklists.com/tracklist/2dsdnff9/john-summit-higher-ground-zamna-tulum-mexico-2023-01-10.html,Johnsummit,tech house,True
https://www.1001tracklists.com/tracklist/17j6qcbk/john-summit-kaskade-new-years-eve-bill-graham-civic-auditorium-san-francisco-united-states-2023-01-01.html,Johnsummit,tech house,True
https://www.1001tracklists.com/tracklist/ugyw7l1/john-summit-the-midway-san-francisco-united-states-2023-01-01.html,Johnsummit,tech house,True
https://www.1001tracklists.com/tracklist/1ph84xgt/john-summit-fngrs-crssd-field-stage-proper-nye-united-states-2022-12-31.html,Johnsummit,tech house,True
https://www.1001tracklists.com/tracklist/uj1zdz1/john-summit-solaris-music-festival-rebel-toronto-canada-2022-12-26.html,Johnsummit,tech house,True
https://www.1001tracklists.com/tracklist/tk2gtk9/john-summit-slam-mixmarathon-2022-12-16.html,Johnsummit,tech house,True
https://www.1001tracklists.com/tracklist/1vzrqdkk/john-summit-los-angeles-memorial-coliseum-united-states-2022-12-10.html,Johnsummit,tech house,True
https://www.1001tracklists.com/tracklist/gcdq1vk/moguai-acraze-diplo-1live-dj-session-best-of-2022-part-1-2022-12-03.html,Johnsummit,tech house,True
https://www.1001tracklists.com/tracklist/10zcy4s1/john-summit-neongarden-edc-orlando-united-states-2022-11-12.html,Johnsummit,tech house,True
https://www.1001tracklists.com/tracklist/2hkgvv3k/john-summit-green-velvet-dom-dolla-neongarden-edc-orlando-united-states-2022-11-12.html,Johnsummit,tech house,True
https://www.1001tracklists.com/tracklist/12vz3421/john-summit-queens-domain-beyond-wonderland-monterrey-mexico-2022-11-05.html,Johnsummit,tech house,True
https://www.1001tracklists.com/tracklist/24ctd3jk/john-summit-mission-ballroom-denver-united-states-2022-10-28.html,Johnsummit,tech house,True
https://www.1001tracklists.com/tracklist/l2kkmz9/john-summit-outer-space-miami-iii-points-music-festival-united-states-2022-10-22.html,Johnsummit,tech house,True
https://www.1001tracklists.com/tracklist/10z80zvt/danny-howard-john-summit-jeremiah-asiamah-radio-1s-dance-party-2022-10-21.html,Johnsummit,tech house,True
https://www.1001tracklists.com/tracklist/1qdqwtk1/john-summit-defected-amsterdam-dance-event-netherlands-2022-10-20.html,Johnsummit,tech house,True
https://www.1001tracklists.com/tracklist/2m8jz041/john-summit-shrine-auditorium-los-angeles-united-states-2022-10-02.html,Johnsummit,tech house,True
https://www.1001tracklists.com/tracklist/13slll59/john-summit-off-the-grid-block-party-downtown-tempe-arizona-united-states-2022-09-25.html,Johnsummit,tech house,True
https://www.1001tracklists.com/tracklist/1yst44yk/moguai-john-summit-alle-farben-1live-dj-session-2022-09-24.html,Johnsummit,tech house,True
https://www.1001tracklists.com/tracklist/1wx68wrt/subtronics-john-summit-prehistoric-evolution-lost-lands-festival-pre-party-united-states-2022-09-22.html,Johnsummit,tech house,True
https://www.1001tracklists.com/tracklist/vd6u329/john-summit-slam-mixmarathon-2022-09-09.html,Johnsummit,tech house,True
https://www.1001tracklists.com/tracklist/2vnl5gu1/dj-fuel-john-summit-the-party-life-radio-show-ep507-2022-09-08.html,Johnsummit,tech house,True
https://www.1001tracklists.com/tracklist/2dymzr3k/chris-lake-circuitgrounds-edc-mexico-2026-02-20.html,Chrislake,tech house,True
https://www.1001tracklists.com/tracklist/wjqbdct/chris-lake-exacta-bill-fragos-soulgood-1213-2026-01-18.html,Chrislake,tech house,True
https://www.1001tracklists.com/tracklist/2t1twxmt/moguai-chris-lake-nora-en-pure-1live-dj-session-2026-01-10.html,Chrislake,tech house,True
https://www.1001tracklists.com/tracklist/2fw3ybg1/chris-lake-capital-dance-new-years-eve-2025-12-31.html,Chrislake,tech house,True
https://www.1001tracklists.com/tracklist/stbbtd1/moguai-james-hype-blondish-1live-dj-session-2025-12-20.html,Chrislake,tech house,True
https://www.1001tracklists.com/tracklist/1w5s4xt9/arielle-free-sg-lewis-chris-lake-rave-up-heroes-mixes-of-2025-2025-12-11.html,Chrislake,tech house,True
https://www.1001tracklists.com/tracklist/2t1q7249/chris-lake-sofi-stadium-united-states-2025-12-08.html,Chrislake,tech house,True
https://www.1001tracklists.com/tracklist/22q9q8u9/chris-lake-night-2-chemistry-tour-history-toronto-canada-2025-11-29.html,Chrislake,tech house,True
https://www.1001tracklists.com/tracklist/2jpbns9t/chris-lake-night-1-chemistry-tour-history-toronto-canada-2025-11-28.html,Chrislake,tech house,True
https://www.1001tracklists.com/tracklist/qxkt0c1/chris-lake-silo-dallas-united-states-2025-11-22.html,Chrislake,tech house,True
https://www.1001tracklists.com/tracklist/1kxzymr9/chris-lake-chemistry-tour-bill-graham-civic-auditorium-san-francisco-united-states-2025-11-15.html,Chrislake,tech house,True
https://www.1001tracklists.com/tracklist/2vus7g7t/chris-lake-vac-stage-vac-vision-colour-music-festival-china-2025-10-26.html,Chrislake,tech house,True
https://www.1001tracklists.com/tracklist/27bybcxt/chris-lake-chemistry-radio-005-2025-09-30.html,Chrislake,tech house,True
https://www.1001tracklists.com/tracklist/15u0y81k/chris-lake-korea-blockchain-week-afterparty-sevit-island-seoul-south-korea-2025-09-24.html,Chrislake,tech house,True
https://www.1001tracklists.com/tracklist/yclm3hk/chris-lake-kai-cenat-mafiathon-party-united-states-2025-09-19.html,Chrislake,tech house,True
https://www.1001tracklists.com/tracklist/n3nq7n1/chris-lake-red-rocks-amphitheatre-united-states-2025-08-30.html,Chrislake,tech house,True
https://www.1001tracklists.com/tracklist/106y0z0k/moguai-chris-lake-purple-disco-machine-1live-dj-session-2025-08-09.html,Chrislake,tech house,True
https://www.1001tracklists.com/tracklist/m5p1f09/chris-lake-bbc-radio-1-in-ibiza-528-ibiza-radio-1-main-stage-2025-08-01.html,Chrislake,tech house,True
https://www.1001tracklists.com/tracklist/1luxkbkt/chris-lake-chemistry-radio-003-2025-07-30.html,Chrislake,tech house,True
https://www.1001tracklists.com/tracklist/1u999441/richard-vission-chris-lake-powertools-mixshow-2025-07-21.html,Chrislake,tech house,True
https://www.1001tracklists.com/tracklist/1bgn49jt/arielle-free-chris-lake-rave-up-2025-07-17.html,Chrislake,tech house,True
https://www.1001tracklists.com/tracklist/1bgmzl51/chris-lake-mph-chemistry-radio-002-2025-07-16.html,Chrislake,tech house,True
https://www.1001tracklists.com/tracklist/1y0gq1x1/richard-vission-chris-lake-powertools-mixshow-2025-07-14.html,Chrislake,tech house,True
https://www.1001tracklists.com/tracklist/2hqqg0yk/chris-lake-chemistry-release-weekend-brooklyn-storehouse-united-states-2025-07-12.html,Chrislake,tech house,True
https://www.1001tracklists.com/tracklist/2c1puyyt/armin-van-buuren-chris-lake-dance-department-2025-07-12.html,Chrislake,tech house,True
https://www.1001tracklists.com/tracklist/1bgkbfkk/chris-lake-chemistry-radio-001-2025-07-02.html,Chrislake,tech house,True
https://www.1001tracklists.com/tracklist/m5bfj1t/chris-lake-eternal-stage-project-glow-united-states-2025-05-31.html,Chrislake,tech house,True
https://www.1001tracklists.com/tracklist/2ncbu46k/chris-lake-triple-j-friday-mix-2025-05-09.html,Chrislake,tech house,True
https://www.1001tracklists.com/tracklist/2wrdrq4t/chris-lake-desert-sky-coachella-festival-weekend-1-united-states-2025-04-10.html,Chrislake,tech house,True
https://www.1001tracklists.com/tracklist/2r4j2kf9/chris-lake-siriusxm-miami-studios-black-book-records-takeover-miami-music-week-united-states-2025-03-28.html,Chrislake,tech house,True
https://www.1001tracklists.com/tracklist/18kzp7k1/chris-lake-sammy-virji-kineticfield-edc-thailand-2025-01-18.html,Chrislake,tech house,True
https://www.1001tracklists.com/tracklist/113hs971/chris-lake-motherboard-stage-decadence-colorado-the-digital-city-united-states-2024-12-30.html,Chrislake,tech house,True
https://www.1001tracklists.com/tracklist/1bdw5qq9/danny-howard-chris-lake-europes-biggest-dance-show-bbc-radio-1-2024-09-20.html,Chrislake,tech house,True
https://www.1001tracklists.com/tracklist/fjtj0pk/chris-lake-sutro-outside-lands-san-francisco-united-states-2024-08-10.html,Chrislake,tech house,True
https://www.1001tracklists.com/tracklist/nz3hy51/chris-lake-black-book-records-pier-4-brooklyn-army-terminal-united-states-2024-07-19.html,Chrislake,tech house,True
https://www.1001tracklists.com/tracklist/15qxu19t/chris-lake-black-book-records-factory-town-miami-music-week-united-states-2024-03-21.html,Chrislake,tech house,True
https://www.1001tracklists.com/tracklist/vgxjn79/chris-lake-east-side-stage-skyline-festival-grand-park-united-states-2024-02-24.html,Chrislake,tech house,True
https://www.1001tracklists.com/tracklist/2r22r4jt/chris-lake-gmo-sonic-japan-2024-01-27.html,Chrislake,tech house,True
https://www.1001tracklists.com/tracklist/111vku4k/chris-lake-ufo-station-s-factory-seoul-south-korea-2024-01-26.html,Chrislake,tech house,True
https://www.1001tracklists.com/tracklist/1h0h1bmk/chris-lake-fngrs-crssd-field-stage-proper-nye-united-states-2024-01-01.html,Chrislake,tech house,True
https://www.1001tracklists.com/tracklist/dl500g9/chris-lake-metroplex-lights-all-night-united-states-2023-12-30.html,Chrislake,tech house,True
https://www.1001tracklists.com/tracklist/111durxk/chris-lake-rebel-toronto-canada-2023-12-29.html,Chrislake,tech house,True
https://www.1001tracklists.com/tracklist/1lrnt231/tiesto-chris-lake-lp-giobbi-1live-dj-session-best-of-2023-part-1-2023-12-23.html,Chrislake,tech house,True
https://www.1001tracklists.com/tracklist/2uswpyhk/chris-lake-tsunami-stage-seismic-dance-event-6.0-the-concourse-project-austin-united-states-2023-11-10.html,Chrislake,tech house,True
https://www.1001tracklists.com/tracklist/y79dt81/chris-lake-splash-house-after-hours-palm-spring-air-museum-united-states-2023-08-20.html,Chrislake,tech house,True
https://www.1001tracklists.com/tracklist/2kgdyumt/chris-lake-omnia-nightclub-las-vegas-united-states-2023-08-19.html,Chrislake,tech house,True
https://www.1001tracklists.com/tracklist/1u59yr8k/chris-lake-neon-stage-ilesoniq-festival-canada-2023-08-12.html,Chrislake,tech house,True
https://www.1001tracklists.com/tracklist/1c8h0b79/chris-lake-stage-1-electric-island-festival-canada-2023-08-11.html,Chrislake,tech house,True
https://www.1001tracklists.com/tracklist/2m9ymv69/chris-lake-nightime-pool-party-tao-beach-las-vegas-united-states-2023-08-06.html,Chrislake,tech house,True
https://www.1001tracklists.com/tracklist/2frb71g9/richard-vission-chris-lake-tobehonest-powertools-mixshow-2023-07-02.html,Chrislake,tech house,True
https://www.1001tracklists.com/tracklist/2swlbf11/chris-lake-tripolee-electric-forest-festival-united-states-2023-06-24.html,Chrislake,tech house,True
https://www.1001tracklists.com/tracklist/1phwh15k/chris-lake-kineticfield-edc-las-vegas-united-states-2023-05-20.html,Chrislake,tech house,True
https://www.1001tracklists.com/tracklist/2q3gm521/chris-lake-mission-ballroom-denver-united-states-2023-05-12.html,Chrislake,tech house,True
https://www.1001tracklists.com/tracklist/24dpjznk/chris-lake-the-brooklyn-mirage-new-york-united-states-2023-05-06.html,Chrislake,tech house,True
https://www.1001tracklists.com/tracklist/fg4cxst/chris-lake-elrow-factory-town-miami-music-week-2023-03-23.html,Chrislake,tech house,True
https://www.1001tracklists.com/tracklist/2dskk60k/chris-lake-circuitgrounds-edc-mexico-2023-02-25.html,Chrislake,tech house,True
https://www.1001tracklists.com/tracklist/gcmyq69/moguai-chris-lake-purple-disco-machine-1live-dj-session-2023-01-21.html,Chrislake,tech house,True
https://www.1001tracklists.com/tracklist/rpl64w9/chris-lake-fngrs-crssd-field-stage-proper-nye-united-states-2022-12-31.html,Chrislake,tech house,True
https://www.1001tracklists.com/tracklist/2bzjrq71/chris-lake-queens-domain-beyond-wonderland-monterrey-mexico-2022-11-05.html,Chrislake,tech house,True
https://www.1001tracklists.com/tracklist/2drsckrt/chris-lake-antheon-electric-zoo-3.0-united-states-2022-09-03.html,Chrislake,tech house,True
https://www.1001tracklists.com/tracklist/25f7f2gk/chris-lake-das-energi-festival-united-states-2022-08-13.html,Chrislake,tech house,True
https://www.1001tracklists.com/tracklist/1c6nnthk/chris-lake-hard-stage-hard-summer-festival-united-states-2022-07-31.html,Chrislake,tech house,True
https://www.1001tracklists.com/tracklist/2jjjnxw1/chris-lake-sirkus-stage-veld-music-festival-canada-2022-07-30.html,Chrislake,tech house,True
https://www.1001tracklists.com/tracklist/mxfub3t/chris-lake-audiotistic-shoreline-amphitheater-united-states-2022-07-09.html,Chrislake,tech house,True
https://www.1001tracklists.com/tracklist/29xw0zg1/pete-tong-chris-lake-massano-global-dance-hq-month-in-dance-2022-06-24.html,Chrislake,tech house,True
https://www.1001tracklists.com/tracklist/x761fk1/chris-lake-circuitgrounds-edc-las-vegas-united-states-2022-05-20.html,Chrislake,tech house,True
https://www.1001tracklists.com/tracklist/2q0t14v9/chris-lake-perrys-stage-lollapalooza-chile-2022-03-20.html,Chrislake,tech house,True
https://www.1001tracklists.com/tracklist/fd7tkgk/chris-lake-perrys-stage-lollapalooza-argentina-2022-03-19.html,Chrislake,tech house,True
https://www.1001tracklists.com/tracklist/l1hu9wk/chris-lake-riva-starr-florian-schumacher-clubding-2022-01-23.html,Chrislake,tech house,True
https://www.1001tracklists.com/tracklist/cjgqfrk/chris-lake-royal-ballroom-decadence-arizona-united-states-2021-12-30.html,Chrislake,tech house,True
https://www.1001tracklists.com/tracklist/1pf7cnrk/chris-lake-vector-stage-decadence-colorado-united-states-2021-12-30.html,Chrislake,tech house,True
https://www.1001tracklists.com/tracklist/1pf6vl2t/chris-lake-riva-starr-sputnik-club-2021-11-21.html,Chrislake,tech house,True
https://www.1001tracklists.com/tracklist/1wv9nuqt/skrillex-chris-lake-bonobo-the-hallows-suwannee-hulaween-united-states-2021-10-31.html,Chrislake,tech house,True
https://www.1001tracklists.com/tracklist/2728rjyk/chris-lake-get-funky-the-great-saltair-united-states-2021-05-28.html,Chrislake,tech house,True
https://www.1001tracklists.com/tracklist/w7bn9kt/dennis-ruyer-chris-lake-riva-starr-dance-department-813-2021-05-26.html,Chrislake,tech house,True
https://www.1001tracklists.com/tracklist/2whn4hrt/chris-lake-meduza-night-owl-radio-300-2021-05-14.html,Chrislake,tech house,True
https://www.1001tracklists.com/tracklist/248jkjut/chris-lake-armand-van-helden-selected-sounds-2021-04-02.html,Chrislake,tech house,True
https://www.1001tracklists.com/tracklist/1u0pg489/chris-lake-asw-radio-005-2021-03-24.html,Chrislake,tech house,True
https://www.1001tracklists.com/tracklist/y24qzgt/chris-lake-armand-van-helden-1live-dj-session-2021-01-16.html,Chrislake,tech house,True
https://www.1001tracklists.com/tracklist/2l6yq4kt/chris-lake-apple-music-nye-2021-dj-mix-2020-12-23.html,Chrislake,tech house,True
https://www.1001tracklists.com/tracklist/f9mj9xt/chris-lake-armand-van-helden-ghetto-house-radio-720-2020-12-19.html,Chrislake,tech house,True
https://www.1001tracklists.com/tracklist/g5qdust/chris-lake-circuitgrounds-edc-orlando-united-states-2019-11-10.html,Chrislake,tech house,True
https://www.1001tracklists.com/tracklist/1dx4f9q9/chris-lake-sanitarium-escape-halloween-nos-events-center-san-bernardino-united-states-2019-10-26.html,Chrislake,tech house,True
https://www.1001tracklists.com/tracklist/2j9kg7h1/chris-lake-potion-tomorrowland-weekend-2-belgium-2019-07-28.html,Chrislake,tech house,True
https://www.1001tracklists.com/tracklist/1xpjn219/chris-lake-black-book-in-the-park-mural-amphitheater-seattle-center-united-states-2019-07-04.html,Chrislake,tech house,True
https://www.1001tracklists.com/tracklist/j0y7krk/chris-lake-solstice-stage-spring-awakening-music-festival-united-states-2019-06-09.html,Chrislake,tech house,True
https://www.1001tracklists.com/tracklist/15guhnh9/chris-lake-marquee-las-vegas-edc-week-las-vegas-2019-05-15.html,Chrislake,tech house,True
https://www.1001tracklists.com/tracklist/1cz0p5x1/chris-lake-shaky-beats-music-festival-united-states-2019-05-11.html,Chrislake,tech house,True
https://www.1001tracklists.com/tracklist/2hc9f4vt/chris-lake-tomorrowland-one-world-radio-15-years-mix-2019-04-26.html,Chrislake,tech house,True
https://www.1001tracklists.com/tracklist/2rrhw9zt/chris-lake-yuma-tent-coachella-festival-united-states-2019-04-19.html,Chrislake,tech house,True
https://www.1001tracklists.com/tracklist/1p8ngbc9/chris-lake-circuitgrounds-edc-mexico-2019-02-24.html,Chrislake,tech house,True
https://www.1001tracklists.com/tracklist/1nbntzck/chris-lake-beats-1-radio-new-years-eve-mix-2018-12-31.html,Chrislake,tech house,True
https://www.1001tracklists.com/tracklist/2fh6b8r9/chris-lake-triple-j-mix-up-2018-11-24.html,Chrislake,tech house,True
https://www.1001tracklists.com/tracklist/xys9vrt/chris-lake-one-mix-2018-06-15.html,Chrislake,tech house,True
https://www.1001tracklists.com/tracklist/kv86vgk/chris-lake-kineticfield-edc-las-vegas-united-states-2018-05-19.html,Chrislake,tech house,True
https://www.1001tracklists.com/tracklist/2mz6k1p9/chris-lake-womb-tokyo-japan-edc-japan-after-party-2018-05-13.html,Chrislake,tech house,True
https://www.1001tracklists.com/tracklist/1r778pyk/jax-jones-todd-edwards-chris-lake-house-work-radio-2018-04-21.html,Chrislake,tech house,True
https://www.1001tracklists.com/tracklist/pldpv79/chris-lake-do-lab-stage-coachella-festival-united-states-2018-04-14.html,Chrislake,tech house,True
https://www.1001tracklists.com/tracklist/2vfjwt2k/chris-lake-mixmag-the-lab-los-angeles-united-states-2018-04-05.html,Chrislake,tech house,True
https://www.1001tracklists.com/tracklist/2600qnxk/chris-lake-will-clarke-night-owl-radio-134-2018-03-16.html,Chrislake,tech house,True
https://www.1001tracklists.com/tracklist/16b4fsht/chris-lake-heldeep-stage-tomorrowland-weekend-2-belgium-2017-07-30.html,Chrislake,tech house,True
https://www.1001tracklists.com/tracklist/mpw74p1/chris-lake-queens-domain-beyond-wonderland-monterrey-mexico-2017-05-06.html,Chrislake,tech house,True
https://www.1001tracklists.com/tracklist/1b147vmt/chris-lake-howsla-release-party-united-states-2017-05-05.html,Chrislake,tech house,True
https://www.1001tracklists.com/tracklist/185j6nl1/chris-lake-axis-radio-193-2017-04-25.html,Chrislake,tech house,True
https://www.1001tracklists.com/tracklist/14g86mm9/dennis-ruyer-chris-lake-dance-department-597-2017-04-06.html,Chrislake,tech house,True
https://www.1001tracklists.com/tracklist/2rpcd2n1/chris-lake-umf-radio-stage-owsla-ultra-music-festival-miami-united-states-2017-03-25.html,Chrislake,tech house,True
https://www.1001tracklists.com/tracklist/12lnbpht/chris-lake-beyond-wonderland-socal-mix-2017-03-11.html,Chrislake,tech house,True
https://www.1001tracklists.com/tracklist/1r26t051/chris-lake-pool-deck-holy-ship-united-states-2017-02-25.html,Chrislake,tech house,True
https://www.1001tracklists.com/tracklist/14g20gt1/jauz-chris-lorenzo-chris-lake-holy-ship-united-states-2017-01-15.html,Chrislake,tech house,True
https://www.1001tracklists.com/tracklist/c9cfr5k/star-slinger-vindata-chris-lake-annie-nightingale-show-owsla-takeover-2016-12-28.html,Chrislake,tech house,True
https://www.1001tracklists.com/tracklist/pk51df1/anna-lunoe-chris-lake-gladiator-zeds-dead-beats-1-anna-lunoe-show-2016-12-17.html,Chrislake,tech house,True
https://www.1001tracklists.com/tracklist/15cqwr11/chris-lake-smirnoff-house-edc-orlando-united-states-2016-11-05.html,Chrislake,tech house,True
https://www.1001tracklists.com/tracklist/1zg5fmqk/chris-lake-circuitgrounds-edc-orlando-united-states-2016-11-05.html,Chrislake,tech house,True
https://www.1001tracklists.com/tracklist/2tjm8vzt/mija-chris-lake-owsla-radio-hash20-hashade16-edition-2016-10-22.html,Chrislake,tech house,True
https://www.1001tracklists.com/tracklist/1ngz8kpt/chris-lake-cosmicmeadow-edc-las-vegas-united-states-2016-06-17.html,Chrislake,tech house,True
https://www.1001tracklists.com/tracklist/2lzlpb9k/chris-lake-kineticfield-edc-new-york-united-states-2016-05-15.html,Chrislake,tech house,True
https://www.1001tracklists.com/tracklist/n2t48z1/chris-lake-queens-domain-beyond-wonderland-united-states-2016-03-18.html,Chrislake,tech house,True
https://www.1001tracklists.com/tracklist/1r1bmqck/chris-lake-will-clarke-night-owl-radio-027-2016-02-27.html,Chrislake,tech house,True
https://www.1001tracklists.com/tracklist/6mf58b9/moksi-chris-lake-diplo-friends-2015-12-13.html,Chrislake,tech house,True
https://www.1001tracklists.com/tracklist/1ubqvn01/chris-lake-night-bass-sound-nightclub-los-angeles-united-states-2015-11-12.html,Chrislake,tech house,True
https://www.1001tracklists.com/tracklist/1sh3jrt9/chris-lake-the-smirnoff-sound-collective-mixmag-the-lab-los-angeles-united-states-2015-11-10.html,Chrislake,tech house,True
https://www.1001tracklists.com/tracklist/725k3c9/chris-lake-annie-mac-radio-show-minimix-2015-10-02.html,Chrislake,tech house,True
https://www.1001tracklists.com/tracklist/1s8fulk/annie-mac-chris-lake-duke-dumont-annie-mac-friday-night-friday-night-2015-10-02.html,Chrislake,tech house,True
https://www.1001tracklists.com/tracklist/34x4gpk/chris-lake-north-america-2015-tour-mix-2015-09-11.html,Chrislake,tech house,True
https://www.1001tracklists.com/tracklist/45n8bn1/chris-lake-the-music-ninja-residency-mix-002-2015-08-17.html,Chrislake,tech house,True
https://www.1001tracklists.com/tracklist/82spp2t/chris-lake-harder-stage-hard-summer-festival-united-states-2015-08-02.html,Chrislake,tech house,True
https://www.1001tracklists.com/tracklist/5y5lmrt/chris-lake-wax-motif-swedish-egil-powertools-mixshow-2015-07-11.html,Chrislake,tech house,True
https://www.1001tracklists.com/tracklist/4u8cypt/danny-howard-chris-lake-bbc-radio-1-dance-anthems-2015-05-09.html,Chrislake,tech house,True
https://www.1001tracklists.com/tracklist/63usxnk/chris-lake-thump-mix-2015-03-05.html,Chrislake,tech house,True
https://www.1001tracklists.com/tracklist/2hk7w11/chris-lake-origins-tour-avalon-hollywood-los-angeles-united-states-2015-01-17.html,Chrislake,tech house,True
https://www.1001tracklists.com/tracklist/2v170r1/chris-lake-forthweekend-guest-mix-022-2014-07-16.html,Chrislake,tech house,True
https://www.1001tracklists.com/tracklist/7t2dqjt/martin-garrix-chris-lake-umf-radio-270-2014-07-11.html,Chrislake,tech house,True
https://www.1001tracklists.com/tracklist/1u78djyk/chris-lake-mainstage-ultra-music-festival-korea-south-korea-2014-06-13.html,Chrislake,tech house,True
https://www.1001tracklists.com/tracklist/5x88zut/chris-lake-box-club-vienna-austria-2014-05-13.html,Chrislake,tech house,True
https://www.1001tracklists.com/tracklist/2mh4c2b9/chris-lake-bijou-boston-united-states-2014-04-18.html,Chrislake,tech house,True
https://www.1001tracklists.com/tracklist/84ny40t/jump-smokers-chris-lake-ultra-music-radio-show-2014-03-04.html,Chrislake,tech house,True
https://www.1001tracklists.com/tracklist/2rt0jmt/chris-lake-beta-nightclub-denver-united-states-2014-02-22.html,Chrislake,tech house,True
https://www.1001tracklists.com/tracklist/8z8ttm1/chris-lake-deep-house-mix-2013-12-01.html,Chrislake,tech house,True
https://www.1001tracklists.com/tracklist/87d0k21/chris-lake-control-radio-028-avalon-hollywood-los-angeles-united-states-2013-10-20.html,Chrislake,tech house,True
https://www.1001tracklists.com/tracklist/2b3133s9/chris-lake-corona-stage-corona-capital-mexico-2013-10-12.html,Chrislake,tech house,True
https://www.1001tracklists.com/tracklist/36f3gt9/chris-lake-dancekraft-090-2013-10-07.html,Chrislake,tech house,True
https://www.1001tracklists.com/tracklist/2kjrmp1/chris-lake-avalon-hollywood-los-angeles-united-states-2013-09-20.html,Chrislake,tech house,True
https://www.1001tracklists.com/tracklist/25lznjt/tjr-chris-lake-nom-de-strip-diplo-friends-2013-09-15.html,Chrislake,tech house,True
https://www.1001tracklists.com/tracklist/22w4c0t/antonio-giacca-chris-lake-clint-maximus-the-edge-radio-show-436-2013-09-06.html,Chrislake,tech house,True
https://www.1001tracklists.com/tracklist/28kdy59/stafford-brothers-chris-lake-something-big-029-2013-08-19.html,Chrislake,tech house,True
https://www.1001tracklists.com/tracklist/5ztdjh9/chris-lake-cream-amnesia-ibiza-spain-2013-08-15.html,Chrislake,tech house,True
https://www.1001tracklists.com/tracklist/6clfhlk/chris-lake-cielo-new-york-united-states-2013-06-13.html,Chrislake,tech house,True
https://www.1001tracklists.com/tracklist/51tcbc9/chris-lake-ministry-of-sound-london-united-kingdom-2013-05-11.html,Chrislake,tech house,True
https://www.1001tracklists.com/tracklist/17lwdz1/stafford-brothers-chris-lake-something-big-018-2013-05-06.html,Chrislake,tech house,True
https://www.1001tracklists.com/tracklist/7d7hwtt/chris-lake-alive-music-festival-monterrey-mexico-2013-04-05.html,Chrislake,tech house,True
https://www.1001tracklists.com/tracklist/1qjqx2lt/chris-lake-forum-de-mundo-imperial-acapulco-mexico-2013-01-04.html,Chrislake,tech house,True
https://www.1001tracklists.com/tracklist/6cb94jt/chris-lake-glow-radio-echostage-washington-dc-united-states-2012-11-29-2013-01-01.html,Chrislake,tech house,True
https://www.1001tracklists.com/tracklist/761uwf9/chris-lake-podcast-029-spybar-chicago-united-states-2012-10-26.html,Chrislake,tech house,True
https://www.1001tracklists.com/tracklist/3uqkh6k/grant-smillie-chris-lake-jealous-much-the-weekend-2012-08-18.html,Chrislake,tech house,True
https://www.1001tracklists.com/tracklist/1t45vl9/chuckie-chris-lake-radio-1s-residency-2012-08-17.html,Chrislake,tech house,True
https://www.1001tracklists.com/tracklist/80t5tkt/chris-lake-sunrise-festival-poland-kolobrzeg-2012-07-28.html,Chrislake,tech house,True
https://www.1001tracklists.com/tracklist/8slyn4t/chris-lake-dance-department-2012-06-23.html,Chrislake,tech house,True
https://www.1001tracklists.com/tracklist/6g2779t/chris-lake-kineticfield-edc-las-vegas-united-states-2012-06-09.html,Chrislake,tech house,True
https://www.1001tracklists.com/tracklist/1qclxyd9/chris-lake-open-house-086-2012-06-07.html,Chrislake,tech house,True
https://www.1001tracklists.com/tracklist/1m2gqjt/chris-lake-kineticfield-edc-new-york-united-states-2012-05-19.html,Chrislake,tech house,True
https://www.1001tracklists.com/tracklist/8plr651/chris-lake-loud-all-night-sound-academy-toronto-canada-2012-03-31.html,Chrislake,tech house,True
https://www.1001tracklists.com/tracklist/5j5x8mk/pete-tong-chris-lake-essential-selection-2012-03-16.html,Chrislake,tech house,True
https://www.1001tracklists.com/tracklist/2wq3nt1/mark-knight-chris-lake-toolroom-radio-2012-01-23.html,Chrislake,tech house,True
https://www.1001tracklists.com/tracklist/mp12vk/chris-lake-podcast-028-2012-01-07.html,Chrislake,tech house,True
https://www.1001tracklists.com/tracklist/clxg8k/chris-lake-beta-nightclub-denver-united-states-2011-12-17.html,Chrislake,tech house,True
https://www.1001tracklists.com/tracklist/6zungz1/chris-lake-maison-mercer-toronto-canada-2011-12-16.html,Chrislake,tech house,True
https://www.1001tracklists.com/tracklist/pqqwpk/chris-lake-together-winter-music-festival-alexandra-palace-london-united-kingdom-2011-11-26.html,Chrislake,tech house,True
https://www.1001tracklists.com/tracklist/hruvnk/chris-lake-podcast-027-2011-11-23.html,Chrislake,tech house,True
https://www.1001tracklists.com/tracklist/nu1yw1/chris-lake-kiss-fm-presents-2011-11-15.html,Chrislake,tech house,True
https://www.1001tracklists.com/tracklist/9sw0sk/mark-sherry-chris-lake-outburst-radioshow-detox-session-233-2011-11-04.html,Chrislake,tech house,True
https://www.1001tracklists.com/tracklist/fxt989/chris-lake-dance-department-2011-10-16.html,Chrislake,tech house,True
https://www.1001tracklists.com/tracklist/2680kjf9/chris-lake-teja-kralj-tim-urbanya-teja-kralj-and-tim-urbanyas-rush-hour-106-2011-10-15.html,Chrislake,tech house,True
https://www.1001tracklists.com/tracklist/u4cmkk/chris-lake-podcast-september-2011-09-28.html,Chrislake,tech house,True
https://www.1001tracklists.com/tracklist/xq40qt/chris-lake-podcast-2011-08-19.html,Chrislake,tech house,True
https://www.1001tracklists.com/tracklist/l1tl0k/pete-tong-craig-richards-chris-lake-essential-selection-2011-07-29.html,Chrislake,tech house,True
https://www.1001tracklists.com/tracklist/bwypzk/chris-lake-amnesia-ibiza-spain-2011-06-16.html,Chrislake,tech house,True
https://www.1001tracklists.com/tracklist/q6ghx1/chris-lake-dance-department-2011-06-04.html,Chrislake,tech house,True
https://www.1001tracklists.com/tracklist/l0rc99/chris-lake-global-dance-session-week-16-2011-04-28.html,Chrislake,tech house,True
https://www.1001tracklists.com/tracklist/4wy4zk/chris-lake-keredcast-123-2011-04-27.html,Chrislake,tech house,True
https://www.1001tracklists.com/tracklist/62r4hk/chris-lake-pacha-nyc-podcast-95-2011-03-28.html,Chrislake,tech house,True
https://www.1001tracklists.com/tracklist/hb69x9/mark-knight-chris-lake-toolroom-radio-2011-03-14.html,Chrislake,tech house,True
https://www.1001tracklists.com/tracklist/s83k9t/chris-lake-podcast-february-2011-02-25.html,Chrislake,tech house,True
https://www.1001tracklists.com/tracklist/xml7jt/chris-lake-podcast-2011-01-31.html,Chrislake,tech house,True
https://www.1001tracklists.com/tracklist/7v64qk/chris-lake-podcast-december-2010-12-31.html,Chrislake,tech house,True
https://www.1001tracklists.com/tracklist/dx85uk/chris-lake-lavo-new-york-united-states-2010-12-02.html,Chrislake,tech house,True
https://www.1001tracklists.com/tracklist/9xnvdk/chris-lake-podcast-november-2010-11-11.html,Chrislake,tech house,True
https://www.1001tracklists.com/tracklist/3p5z0t/chris-lake-podcast-october-2010-10-07.html,Chrislake,tech house,True
https://www.1001tracklists.com/tracklist/dwrmkt/chris-lake-cream-amnesia-spain-kiss-fm-kiss-in-ibiza-2010-09-14-2010-09-09.html,Chrislake,tech house,True
https://www.1001tracklists.com/tracklist/61bvht/chris-lake-podcast-august-2010-09-01.html,Chrislake,tech house,True
https://www.1001tracklists.com/tracklist/vj1rt1/chris-lake-south-west-four-united-kingdom-2010-08-28.html,Chrislake,tech house,True
https://www.1001tracklists.com/tracklist/lkuf4t/chris-lake-cream-amnesia-spain-kiss-fm-kiss-in-ibiza-2010-08-19.html,Chrislake,tech house,True
https://www.1001tracklists.com/tracklist/pk4pkk/chris-lake-essential-mix-2010-08-13.html,Chrislake,tech house,True
https://www.1001tracklists.com/tracklist/83z3x9/mark-knight-chris-lake-toolroom-radio-2010-08-08.html,Chrislake,tech house,True
https://www.1001tracklists.com/tracklist/u9yuj1t/sander-van-doorn-chris-lake-identity-2010-08-04.html,Chrislake,tech house,True
https://www.1001tracklists.com/tracklist/8qzfrk/chris-lake-podcast-july-2010-07-20.html,Chrislake,tech house,True
https://www.1001tracklists.com/tracklist/gz62ft/max-vangeli-chris-lake-podcast-july-2010-07-01.html,Chrislake,tech house,True
https://www.1001tracklists.com/tracklist/1s5b08r9/tocadisco-chris-lake-toolroom-radio-094-2010-06-07.html,Chrislake,tech house,True
https://www.1001tracklists.com/tracklist/gz3t61/chris-lake-podcast-june-2010-06-01.html,Chrislake,tech house,True
https://www.1001tracklists.com/tracklist/1b5bwhm1/roger-sanchez-chris-lake-release-yourself-448-2010-05-14.html,Chrislake,tech house,True
https://www.1001tracklists.com/tracklist/5fv6gt/chris-lake-podcast-may-2010-05-01.html,Chrislake,tech house,True
https://www.1001tracklists.com/tracklist/2gm0qg91/chloe-harris-chris-lake-open-house-009-2010-04-29.html,Chrislake,tech house,True
https://www.1001tracklists.com/tracklist/6mz1mt/mark-knight-chris-lake-toolroom-radio-2010-04-26.html,Chrislake,tech house,True
https://www.1001tracklists.com/tracklist/5fsfm1/chris-lake-podcast-april-2010-04-01.html,Chrislake,tech house,True
https://www.1001tracklists.com/tracklist/wd39gt/chris-lake-beatport-beach-party-gansevoort-hotel-miami-winter-music-conference-united-states-2010-03-27.html,Chrislake,tech house,True
https://www.1001tracklists.com/tracklist/6xbnk1/chris-lake-mau5trap-party-the-warehouse-project-manchester-united-kingdom-2009-10-09.html,Chrislake,tech house,True
https://www.1001tracklists.com/tracklist/11v127v1/dennis-ruyer-smokin-jo-chris-lake-umek-dance-department-does-ibiza-space-ibiza-spain-2009-08-15.html,Chrislake,tech house,True
https://www.1001tracklists.com/tracklist/5zytbt/chris-lake-ultra-music-festival-miami-11-miami-winter-music-conference-united-states-2009-03-28.html,Chrislake,tech house,True
https://www.1001tracklists.com/tracklist/jzwcmd9/chris-lake-data-transmission-podcast-2009-02-17.html,Chrislake,tech house,True
https://www.1001tracklists.com/tracklist/nrwyf39/roger-sanchez-chris-lake-release-yourself-374-2008-12-12.html,Chrislake,tech house,True
https://www.1001tracklists.com/tracklist/v4uybt/chris-lake-mysteryland-netherlands-2008-08-23.html,Chrislake,tech house,True
https://www.1001tracklists.com/tracklist/2urbhu1/chris-lake-bbc-radio-1-essential-mix-2007-08-05.html,Chrislake,tech house,True
https://www.1001tracklists.com/tracklist/9g9gt01/pete-tong-chris-lake-linus-loves-essential-selection-bbc-glasgow-2006-03-10.html,Chrislake,tech house,True
https://www.1001tracklists.com/tracklist/j3typl1/john-digweed-chris-lake-transitions-2006-02-26.html,Chrislake,tech house,True
https://www.1001tracklists.com/tracklist/16synfck/carl-cox-resistance-megastructure-ultra-music-festival-miami-united-states-2026-03-28.html,Carlcox,tech house,True
https://www.1001tracklists.com/tracklist/9x1wbr1/nicole-moudaber-carl-cox-in-the-mood-621-aotearoa-winery-tour-blackbarn-hawkes-bay-new-zealand-2026-02-13-2026-03-24.html,Carlcox,tech house,True
https://www.1001tracklists.com/tracklist/1y1076y1/carl-cox-festival-vaiven-mexico-2025-10-11.html,Carlcox,tech house,True
https://www.1001tracklists.com/tracklist/2czzwf49/carl-cox-we-belong-here-greenpoint-waterfront-united-states-2025-10-05.html,Carlcox,tech house,True
https://www.1001tracklists.com/tracklist/1v7ggrz1/carl-cox-radio-1s-essential-mix-vinyl-set-unvrs-ibiza-spain-2025-09-14-2025-09-19.html,Carlcox,tech house,True
https://www.1001tracklists.com/tracklist/2p9uw6g1/carl-cox-o-klub-vienna-austria-2025-09-05.html,Carlcox,tech house,True
https://www.1001tracklists.com/tracklist/1dbzvpb9/carl-cox-the-playground-foundation-burning-man-united-states-2025-08-26.html,Carlcox,tech house,True
https://www.1001tracklists.com/tracklist/20usq74k/carl-cox-historical-cranes-antwerp-belgium-2025-08-09.html,Carlcox,tech house,True
https://www.1001tracklists.com/tracklist/2pb6mtz1/carl-cox-all-night-long-unvrs-ibiza-spain-2025-07-27.html,Carlcox,tech house,True
https://www.1001tracklists.com/tracklist/2dxvt031/carl-cox-area-v-awakenings-festival-netherlands-2025-07-12.html,Carlcox,tech house,True
https://www.1001tracklists.com/tracklist/1kwwhpct/pete-tong-carl-cox-global-dance-hq-2025-06-20.html,Carlcox,tech house,True
https://www.1001tracklists.com/tracklist/vk50d7k/carl-cox-resistance-megastructure-ultra-music-festival-miami-united-states-2025-03-29.html,Carlcox,tech house,True
https://www.1001tracklists.com/tracklist/2fu3k2h9/carl-cox-awesome-soundwave-trax-vol.-1-2025-01-17.html,Carlcox,tech house,True
https://www.1001tracklists.com/tracklist/1v60b4zt/carl-cox-la-huaka-playa-rosario-peru-2025-01-11.html,Carlcox,tech house,True
https://www.1001tracklists.com/tracklist/2b2vxxn1/carl-cox-tsunami-stage-seismic-dance-event-7.0-the-concourse-project-austin-united-states-2024-11-16.html,Carlcox,tech house,True
https://www.1001tracklists.com/tracklist/1rgnksh1/carl-cox-club-space-miami-united-states-2024-11-15.html,Carlcox,tech house,True
https://www.1001tracklists.com/tracklist/1jxutbht/carl-cox-vintage-culture-neongarden-edc-orlando-united-states-2024-11-08.html,Carlcox,tech house,True
https://www.1001tracklists.com/tracklist/2gr3muuk/nicole-moudaber-carl-cox-in-the-mood-541-space-riccione-2024-08-14-2024-09-10.html,Carlcox,tech house,True
https://www.1001tracklists.com/tracklist/1nphz8ft/carl-cox-hybrid-live-roundhouse-london-united-kingdom-2024-09-08.html,Carlcox,tech house,True
https://www.1001tracklists.com/tracklist/1np0ycs9/carl-cox-green-velvet-expansions-arc-music-festival-united-states-2024-09-01.html,Carlcox,tech house,True
https://www.1001tracklists.com/tracklist/jc1zdd9/carl-cox-mayan-warrior-burning-man-united-states-2024-08-28.html,Carlcox,tech house,True
https://www.1001tracklists.com/tracklist/1x13bt99/carl-cox-opulent-temple-burning-man-united-states-2024-08-28.html,Carlcox,tech house,True
https://www.1001tracklists.com/tracklist/2wpzgh4t/carl-cox-hybrid-set-galaxy-stage-untold-festival-romania-2024-08-08.html,Carlcox,tech house,True
https://www.1001tracklists.com/tracklist/26bn7tht/danny-rhys-manyfew-carl-cox-toolroom-radio-747-2024-07-21.html,Carlcox,tech house,True
https://www.1001tracklists.com/tracklist/2jlghl91/mark-knight-sophie-lloyd-retna-carl-cox-kiss-nights-2024-07-20.html,Carlcox,tech house,True
https://www.1001tracklists.com/tracklist/hd7sjm1/carl-cox-mts-dance-arena-exit-festival-serbia-2024-07-11.html,Carlcox,tech house,True
https://www.1001tracklists.com/tracklist/1ccqhwxt/carl-cox-hybrid-set-voyager-stage-kappa-futurfestival-turin-italy-2024-07-07.html,Carlcox,tech house,True
https://www.1001tracklists.com/tracklist/2n9hn9p9/nicole-moudaber-carl-cox-in-the-mood-529-2024-06-18.html,Carlcox,tech house,True
https://www.1001tracklists.com/tracklist/2r3bu461/carl-cox-the-brooklyn-mirage-new-york-united-states-2024-05-18.html,Carlcox,tech house,True
https://www.1001tracklists.com/tracklist/wf5ru4k/carl-cox-nicole-moudaber-neongarden-edc-las-vegas-united-states-2024-05-17.html,Carlcox,tech house,True
https://www.1001tracklists.com/tracklist/14tdtvs9/carl-cox-neongarden-edc-las-vegas-united-states-2024-05-17.html,Carlcox,tech house,True
https://www.1001tracklists.com/tracklist/1pl3236t/carl-cox-asw-is-live-2024-04-26.html,Carlcox,tech house,True
https://www.1001tracklists.com/tracklist/13v4j9pk/carl-cox-circuitgrounds-edc-mexico-2024-02-23.html,Carlcox,tech house,True
https://www.1001tracklists.com/tracklist/2mbxw3zk/carl-cox-tronic-podcast-601-metropolis-presents-asics-arena-sofia-bulgaria-2023-09-23-2024-02-02.html,Carlcox,tech house,True
https://www.1001tracklists.com/tracklist/1f50l8r9/carl-cox-openlab-radio-awesome-soundwave-022-red-rocks-amphitheatre-united-states-2023-10-08-2024-01-29.html,Carlcox,tech house,True
https://www.1001tracklists.com/tracklist/1w1urqy1/carl-cox-tronic-podcast-600-metropolis-presents-asics-arena-sofia-bulgaria-2023-09-21-2024-01-26.html,Carlcox,tech house,True
https://www.1001tracklists.com/tracklist/15qj7ypt/carl-cox-adam-beyers-drumcode-radio-702-2024-01-16.html,Carlcox,tech house,True
https://www.1001tracklists.com/tracklist/1nm86q69/carl-cox-defected-broadcasting-house-defected-worldwide-ny-23slash24-ivy-sydney-australia-2023-12-31.html,Carlcox,tech house,True
https://www.1001tracklists.com/tracklist/21npxl01/carl-cox-hybrid-set-lost-disco-stage-lost-paradise-australia-2023-12-30.html,Carlcox,tech house,True
https://www.1001tracklists.com/tracklist/1w1pj1qk/carl-cox-complexo-caninde-sao-paulo-brazil-2023-12-08.html,Carlcox,tech house,True
https://www.1001tracklists.com/tracklist/292vxlqt/carl-cox-hybrid-set-club-lobo-de-mar-lima-peru-2023-12-02.html,Carlcox,tech house,True
https://www.1001tracklists.com/tracklist/22l1h6lt/carl-cox-dj-mag-top-100-djs-awards-victoria-australia-2023-11-15.html,Carlcox,tech house,True
https://www.1001tracklists.com/tracklist/23hryz8t/carl-cox-sensorium-galaxy-intermundium-2023-10-27.html,Carlcox,tech house,True
https://www.1001tracklists.com/tracklist/2by9xs11/carl-cox-club-space-miami-united-states-2023-10-14.html,Carlcox,tech house,True
https://www.1001tracklists.com/tracklist/1g2dwu61/carl-cox-hybrid-set-the-concourse-project-austin-united-states-2023-10-07.html,Carlcox,tech house,True
https://www.1001tracklists.com/tracklist/2usq0ggk/carl-cox-umf-radio-751-2023-10-04.html,Carlcox,tech house,True
https://www.1001tracklists.com/tracklist/1bc763x1/carl-cox-hybrid-set-jeton-presents-volkswagen-arena-istanbul-turkey-2023-09-23.html,Carlcox,tech house,True
https://www.1001tracklists.com/tracklist/pv2n3g1/carl-cox-hybrid-set-steel-yard-creamfields-north-united-kingdom-2023-08-25.html,Carlcox,tech house,True
https://www.1001tracklists.com/tracklist/1s9ppp7k/carl-cox-family-piknik-france-2023-08-06.html,Carlcox,tech house,True
https://www.1001tracklists.com/tracklist/m1hsnc9/nicole-moudaber-carl-cox-in-the-mood-481-2023-07-18.html,Carlcox,tech house,True
https://www.1001tracklists.com/tracklist/1qfy94lt/horatio-carl-cox-this-is-horatio-radioshow-400-2023-07-11.html,Carlcox,tech house,True
https://www.1001tracklists.com/tracklist/1lqr3ch1/carl-cox-resistance-stage-ultra-europe-croatia-2023-07-09.html,Carlcox,tech house,True
https://www.1001tracklists.com/tracklist/1jv3myr9/armin-van-buuren-carl-cox-dance-department-2023-07-08.html,Carlcox,tech house,True
https://www.1001tracklists.com/tracklist/1lqpvk1t/carl-cox-nicole-moudaber-futur-stage-kappa-futurfestival-turin-italy-2023-07-02.html,Carlcox,tech house,True
https://www.1001tracklists.com/tracklist/1s9f7tht/carl-cox-hive-air-switzerland-2023-06-03.html,Carlcox,tech house,True
https://www.1001tracklists.com/tracklist/1wycf921/carl-cox-brighton-music-conference-united-kingdom-beatport-live-2023-05-26.html,Carlcox,tech house,True
https://www.1001tracklists.com/tracklist/2jj5ytn9/carl-cox-pplusus-the-great-pyramids-of-giza-egypt-2023-05-19.html,Carlcox,tech house,True
https://www.1001tracklists.com/tracklist/1gzhd5qt/carl-cox-st-helena-scotland-united-kingdom-2023-05-14.html,Carlcox,tech house,True
https://www.1001tracklists.com/tracklist/1qfmpkdt/pete-tong-mike-dunn-carl-cox-global-dance-hq-2023-05-05.html,Carlcox,tech house,True
https://www.1001tracklists.com/tracklist/1f3fhj79/carl-cox-umf-radio-724-2023-03-29.html,Carlcox,tech house,True
https://www.1001tracklists.com/tracklist/2kfq9rht/carl-cox-resistance-megastructure-ultra-music-festival-miami-united-states-2023-03-26.html,Carlcox,tech house,True
https://www.1001tracklists.com/tracklist/2cuw2ntt/carl-cox-resistance-megastructure-hybrid-set-ultra-music-festival-miami-united-states-2023-03-25.html,Carlcox,tech house,True
https://www.1001tracklists.com/tracklist/10zs8czk/carl-cox-umf-radio-717-2023-02-08.html,Carlcox,tech house,True
https://www.1001tracklists.com/tracklist/bn940v1/carl-cox-sunshine-live-mix-mission-2022-12-25.html,Carlcox,tech house,True
https://www.1001tracklists.com/tracklist/1v20yj31/carl-cox-coors-presents-mixmag-live-e1-london-united-kingdom-2022-12-17.html,Carlcox,tech house,True
https://www.1001tracklists.com/tracklist/y62ym19/carl-cox-radio-1s-essential-mix-pres.-hybrid-2022-12-17.html,Carlcox,tech house,True
https://www.1001tracklists.com/tracklist/1s8f21c1/moguai-carl-cox-marten-horger-1live-dj-session-2022-11-12.html,Carlcox,tech house,True
https://www.1001tracklists.com/tracklist/1mm9w4yt/carl-cox-awakenings-x-awesome-soundwave-ziggo-dome-amsterdam-amsterdam-dance-event-netherlands-2022-10-22.html,Carlcox,tech house,True
https://www.1001tracklists.com/tracklist/k4jldx9/carl-cox-umf-radio-699-2022-10-03.html,Carlcox,tech house,True
https://www.1001tracklists.com/tracklist/1s8cs7gk/carl-cox-jeton-presents-carl-cox-volkswagen-arena-istanbul-turkey-2022-09-24.html,Carlcox,tech house,True
https://www.1001tracklists.com/tracklist/22hzplqk/carl-cox-distrikt-burning-man-2022-waking-dreams-united-states-2022-09-10.html,Carlcox,tech house,True
https://www.1001tracklists.com/tracklist/1t5w2pq1/carl-cox-the-landing-electric-zoo-3.0-united-states-2022-09-03.html,Carlcox,tech house,True
https://www.1001tracklists.com/tracklist/1qdw159k/carl-cox-opulent-temple-sacred-dance-white-party-burning-man-2022-waking-dreams-united-states-2022-08-31.html,Carlcox,tech house,True
https://www.1001tracklists.com/tracklist/14q5mg0t/carl-cox-awesome-soundwave-mysteryland-netherlands-2022-08-28.html,Carlcox,tech house,True
https://www.1001tracklists.com/tracklist/2drpgg81/carl-cox-steel-yard-creamfields-united-kingdom-2022-08-27.html,Carlcox,tech house,True
https://www.1001tracklists.com/tracklist/1zqfw5gt/carl-cox-nicole-moudaber-gary-jamze-mixdown-with-gary-jamze-2022-08-26.html,Carlcox,tech house,True
https://www.1001tracklists.com/tracklist/k449pk1/carl-cox-umf-radio-689-2022-07-27.html,Carlcox,tech house,True
https://www.1001tracklists.com/tracklist/1hvmg4tk/carl-cox-laurent-garnier-dc10-ibiza-spain-2022-07-26.html,Carlcox,tech house,True
https://www.1001tracklists.com/tracklist/2vnknsn9/carl-cox-carl-cox-invites-dc10-ibiza-spain-2022-07-05.html,Carlcox,tech house,True
https://www.1001tracklists.com/tracklist/lzlyh09/carl-cox-joseph-capriati-futur-stage-kappa-futurfestival-turin-italy-2022-07-03.html,Carlcox,tech house,True
https://www.1001tracklists.com/tracklist/24c3mt99/carl-cox-futur-stage-kappa-futurfestival-turin-italy-2022-07-03.html,Carlcox,tech house,True
https://www.1001tracklists.com/tracklist/15mnxpzk/carl-cox-delta-festival-france-2022-07-02.html,Carlcox,tech house,True
https://www.1001tracklists.com/tracklist/266lsglk/pete-tong-carl-cox-global-dance-hq-2022-06-10.html,Carlcox,tech house,True
https://www.1001tracklists.com/tracklist/1f1s17qt/carl-cox-pure-sydney-australia-2022-04-30.html,Carlcox,tech house,True
https://www.1001tracklists.com/tracklist/2m8pnbg9/carl-cox-riton-sean-maynard-megabyte-curtis-jays-friday-night-dance-party-002-2022-04-29.html,Carlcox,tech house,True
https://www.1001tracklists.com/tracklist/15m7189t/nicole-moudaber-carl-cox-in-the-mood-415-brooklyn-takeover-avant-gardner-new-york-united-states-2022-03-19-2022-04-12.html,Carlcox,tech house,True
https://www.1001tracklists.com/tracklist/y4prz1k/carl-cox-resistance-stage-ultra-music-festival-miami-united-states-2022-03-27.html,Carlcox,tech house,True
https://www.1001tracklists.com/tracklist/17gqbpy1/carl-cox-resistance-stage-ultra-music-festival-miami-united-states-2022-03-26.html,Carlcox,tech house,True
https://www.1001tracklists.com/tracklist/lz1b99k/carl-cox-resistance-stage-ultra-music-festival-miami-united-states-2022-03-25.html,Carlcox,tech house,True
https://www.1001tracklists.com/tracklist/2su0vn19/carl-cox-umf-radio-667-2022-02-23.html,Carlcox,tech house,True
https://www.1001tracklists.com/tracklist/249zhdf1/carl-cox-underground-1-mdlbeast-soundstorm-saudi-arabia-2021-12-18.html,Carlcox,tech house,True
https://www.1001tracklists.com/tracklist/2qxq3r2k/solardo-carl-cox-solardo-pres.-the-spot-200-2021-10-22.html,Carlcox,tech house,True
https://www.1001tracklists.com/tracklist/1t3ybu4t/carl-cox-the-brooklyn-mirage-new-york-united-states-beatport-live-2021-10-09.html,Carlcox,tech house,True
https://www.1001tracklists.com/tracklist/1999qbzk/carl-cox-the-parke-street-social-2021-10-03.html,Carlcox,tech house,True
https://www.1001tracklists.com/tracklist/1gwt98hk/carl-cox-club-space-miami-united-states-2021-10-02.html,Carlcox,tech house,True
https://www.1001tracklists.com/tracklist/1s62b691/mark-knight-carl-cox-toolroom-radio-600-2021-09-25.html,Carlcox,tech house,True
https://www.1001tracklists.com/tracklist/1c4uddc9/pete-tong-carl-cox-virgin-media-club-rewind-virtual-b2b-united-kingdom-2021-09-22.html,Carlcox,tech house,True
https://www.1001tracklists.com/tracklist/k2cgnkk/carl-cox-umf-radio-645-2021-09-22.html,Carlcox,tech house,True
https://www.1001tracklists.com/tracklist/1lm6qku1/carl-cox-saga-festival-romania-2021-09-12.html,Carlcox,tech house,True
https://www.1001tracklists.com/tracklist/sjpmu01/franky-wah-carl-cox-sarah-story-bbc-radio-1-dance-party-2021-09-03.html,Carlcox,tech house,True
https://www.1001tracklists.com/tracklist/1vx4kf5t/carl-cox-steel-yard-creamfields-uk-united-kingdom-2021-08-28.html,Carlcox,tech house,True
https://www.1001tracklists.com/tracklist/k24dzv1/carl-cox-bbc-radio-1-residency-2021-08-09.html,Carlcox,tech house,True
https://www.1001tracklists.com/tracklist/1ngmuhu1/carl-cox-radio-1s-essential-mix-bbc-radio-1-dance-weekend-shindig-presents-times-square-newcastle-united-kingdom-2021-08-07-2021-08-08.html,Carlcox,tech house,True
https://www.1001tracklists.com/tracklist/22fjvmlk/carl-cox-bbc-radio-1-residency-2021-07-12.html,Carlcox,tech house,True
https://www.1001tracklists.com/tracklist/28050n9t/carl-cox-bbc-radio-1-residency-drum-and-bass-special-2021-06-14.html,Carlcox,tech house,True
https://www.1001tracklists.com/tracklist/1gvh2kuk/carl-cox-pure-perth-edition-australia-2021-06-06.html,Carlcox,tech house,True
https://www.1001tracklists.com/tracklist/1uys7drt/carl-cox-bbc-radio-1-residency-techno-and-electro-special-2021-05-17.html,Carlcox,tech house,True
https://www.1001tracklists.com/tracklist/tfqrc5t/carl-cox-bbc-radio-1-residency-rave-special-2021-04-19.html,Carlcox,tech house,True
https://www.1001tracklists.com/tracklist/2cqydul1/carl-cox-cabin-fever-the-vinyl-sessions-054-1st-year-round-up-part-ii-2021-03-30.html,Carlcox,tech house,True
https://www.1001tracklists.com/tracklist/qn58719/carl-cox-cabin-fever-the-vinyl-sessions-053-1st-year-round-up-part-i-2021-03-22.html,Carlcox,tech house,True
https://www.1001tracklists.com/tracklist/1ypn68j9/carl-cox-cabin-fever-the-vinyl-sessions-052-a-year-later-2021-03-14.html,Carlcox,tech house,True
https://www.1001tracklists.com/tracklist/tfg7rst/carl-cox-bbc-radio-1-residency-2021-03-08.html,Carlcox,tech house,True
https://www.1001tracklists.com/tracklist/2hfzk48t/carl-cox-cabin-fever-the-vinyl-sessions-051-2021-03-07.html,Carlcox,tech house,True
https://www.1001tracklists.com/tracklist/2p0t7vjt/carl-cox-beatport-live-danny-tenaglias-60th-birthday-live-stream-2021-03-06.html,Carlcox,tech house,True
https://www.1001tracklists.com/tracklist/2563xrz9/carl-cox-cabin-fever-the-vinyl-sessions-050-2021-02-28.html,Carlcox,tech house,True
https://www.1001tracklists.com/tracklist/1mhv7l49/pete-tong-carl-cox-avalon-emerson-anz-essential-selection-month-in-dance-2021-02-26.html,Carlcox,tech house,True
https://www.1001tracklists.com/tracklist/17ddkp6k/carl-cox-resident-advisor-podcast-768-2021-02-22.html,Carlcox,tech house,True
https://www.1001tracklists.com/tracklist/1wtux2gk/carl-cox-cabin-fever-the-vinyl-sessions-049-picknmix-2021-02-21.html,Carlcox,tech house,True
https://www.1001tracklists.com/tracklist/20k0qbsk/carl-cox-cabin-fever-the-vinyl-sessions-048-artist-profile-marco-bailey-2021-02-14.html,Carlcox,tech house,True
https://www.1001tracklists.com/tracklist/1t2l2459/carl-cox-cabin-fever-the-vinyl-sessions-047-hospital-records-showcase-2021-02-07.html,Carlcox,tech house,True
https://www.1001tracklists.com/tracklist/v8vmgtk/carl-cox-triple-j-friday-mix-2021-02-05.html,Carlcox,tech house,True
https://www.1001tracklists.com/tracklist/y29tdr9/carl-cox-cabin-fever-the-vinyl-sessions-046-70s-and-80s-album-tracks-2021-01-31.html,Carlcox,tech house,True
https://www.1001tracklists.com/tracklist/tf709jt/carl-cox-cabin-fever-the-vinyl-sessions-045-on-the-45s-2021-01-24.html,Carlcox,tech house,True
https://www.1001tracklists.com/tracklist/2l731cn9/carl-cox-umf-radio-610-2021-01-20.html,Carlcox,tech house,True
https://www.1001tracklists.com/tracklist/1hsdp8p1/carl-cox-cabin-fever-the-vinyl-sessions-044-2021-01-17.html,Carlcox,tech house,True
https://www.1001tracklists.com/tracklist/bj8uyk9/carl-cox-cabin-fever-the-vinyl-sessions-043-2021-01-10.html,Carlcox,tech house,True
https://www.1001tracklists.com/tracklist/1b5l7d69/carl-cox-sunshine-live-mix-mission-2021-01-03.html,Carlcox,tech house,True
https://www.1001tracklists.com/tracklist/271dkxdk/carl-cox-cabin-fever-the-vinyl-sessions-042-2021-01-03.html,Carlcox,tech house,True
https://www.1001tracklists.com/tracklist/23b5jmuk/carl-cox-eats-everythings-edible-beats-201-2021-01-01.html,Carlcox,tech house,True
https://www.1001tracklists.com/tracklist/y23kg99/carl-cox-a-lost-weekend-human-traffic-live-presents-nye-2020-12-31.html,Carlcox,tech house,True
https://www.1001tracklists.com/tracklist/2dn66q4k/carl-cox-beatport-live-x-absolut-nye-2020-global-stream-2-australia-2020-12-31.html,Carlcox,tech house,True
https://www.1001tracklists.com/tracklist/29uspv0k/carl-cox-beatport-live-x-absolut-nye-2020-global-stream-australia-2020-12-31.html,Carlcox,tech house,True
https://www.1001tracklists.com/tracklist/1c393kct/carl-cox-cabin-fever-the-vinyl-sessions-041-2020-12-27.html,Carlcox,tech house,True
https://www.1001tracklists.com/tracklist/2qvz23zk/carl-cox-apple-music-nye-2021-dj-mix-2020-12-23.html,Carlcox,tech house,True
https://www.1001tracklists.com/tracklist/189uzf1t/carl-cox-cabin-fever-the-vinyl-sessions-040-2020-12-20.html,Carlcox,tech house,True
https://www.1001tracklists.com/tracklist/271b9f2k/carl-cox-awesome-soundwave-online-festival-iii-2020-12-19.html,Carlcox,tech house,True
https://www.1001tracklists.com/tracklist/2k94941t/danny-howard-carl-cox-cinthie-bbc-radio-1-2020-12-18.html,Carlcox,tech house,True
https://www.1001tracklists.com/tracklist/1xr8lmwk/carl-cox-cabin-fever-the-vinyl-sessions-039-intec-records-showcase-2020-12-13.html,Carlcox,tech house,True
https://www.1001tracklists.com/tracklist/29uptqst/annie-mac-franky-wah-chase-status-carl-cox-annie-mac-friday-night-2020-12-11.html,Carlcox,tech house,True
https://www.1001tracklists.com/tracklist/10vcd77t/carl-cox-cabin-fever-the-vinyl-sessions-038-intec-records-showcase-2020-12-06.html,Carlcox,tech house,True
https://www.1001tracklists.com/tracklist/1t263pw9/carl-cox-cabin-fever-the-vinyl-sessions-037-lets-get-ravey-2020-11-29.html,Carlcox,tech house,True
https://www.1001tracklists.com/tracklist/v8hr9s9/carl-cox-tronic-podcast-435-2020-11-27.html,Carlcox,tech house,True
https://www.1001tracklists.com/tracklist/1kmr5479/carl-cox-cabin-fever-the-vinyl-sessions-036-2020-11-22.html,Carlcox,tech house,True
https://www.1001tracklists.com/tracklist/2tp6vmxk/carl-cox-last-night-a-dj-saved-my-life-set-for-love-australia-2020-11-20.html,Carlcox,tech house,True
https://www.1001tracklists.com/tracklist/g77321t/carl-cox-cabin-fever-the-vinyl-sessions-035-an-eclectic-collection-of-album-tracks-70s-and-80s-2020-11-15.html,Carlcox,tech house,True
https://www.1001tracklists.com/tracklist/sh0sgyk/carl-cox-beatport-live-tronic-25th-anniversary-australia-2020-11-14.html,Carlcox,tech house,True
https://www.1001tracklists.com/tracklist/cft77ct/carl-cox-movement-selects-vol.-2-2020-11-13.html,Carlcox,tech house,True
https://www.1001tracklists.com/tracklist/1pbvtcz1/carl-cox-cabin-fever-the-vinyl-sessions-034-techno-and-tech-house-early-00s-2020-11-08.html,Carlcox,tech house,True
https://www.1001tracklists.com/tracklist/1uxnqgx1/carl-cox-cabin-fever-the-vinyl-sessions-033-pure-techno-2020-11-01.html,Carlcox,tech house,True
https://www.1001tracklists.com/tracklist/yzl0ry9/carl-cox-we-dance-as-one-1.0-defected-virtual-festival-australia-2020-10-30.html,Carlcox,tech house,True
https://www.1001tracklists.com/tracklist/2ghgqlut/carl-cox-cabin-fever-the-vinyl-sessions-032-2020-10-25.html,Carlcox,tech house,True
https://www.1001tracklists.com/tracklist/22czr299/carl-cox-cabin-fever-the-vinyl-sessions-031-2020-10-18.html,Carlcox,tech house,True
https://www.1001tracklists.com/tracklist/1tzs615t/carl-cox-cabin-fever-the-vinyl-sessions-030-2020-10-11.html,Carlcox,tech house,True
https://www.1001tracklists.com/tracklist/g704pv1/carl-cox-cabin-fever-the-vinyl-sessions-029-2020-10-04.html,Carlcox,tech house,True
https://www.1001tracklists.com/tracklist/12qmp1d1/carl-cox-cabin-fever-the-vinyl-sessions-028-house-music-divas-2020-09-27.html,Carlcox,tech house,True
https://www.1001tracklists.com/tracklist/15hzptg1/carl-cox-cabin-fever-the-vinyl-sessions-027-soma-records-special-2020-09-20.html,Carlcox,tech house,True
https://www.1001tracklists.com/tracklist/k0bht3k/carl-cox-dj-mag-alternative-top-100-djs-virtual-festival-2020-09-20.html,Carlcox,tech house,True
https://www.1001tracklists.com/tracklist/1b4zh559/carl-cox-cabin-fever-the-vinyl-sessions-026-white-labels-91-97-rave-edition-2020-09-13.html,Carlcox,tech house,True
https://www.1001tracklists.com/tracklist/j2hthrk/carl-cox-beatport-live-reconnect-and-electronic-labor-day-pres.-for-beirut-united-kingdom-2020-09-13.html,Carlcox,tech house,True
https://www.1001tracklists.com/tracklist/zx3q83k/carl-cox-cabin-fever-the-vinyl-sessions-025-laid-back-funkin-2020-09-06.html,Carlcox,tech house,True
https://www.1001tracklists.com/tracklist/1dybxz09/carl-cox-streetrave-ayr-pavillion-glasgow-united-kingdom-2020-09-05.html,Carlcox,tech house,True
https://www.1001tracklists.com/tracklist/2cpvm0yt/carl-cox-life-stream-exit-festival-novi-sad-serbia-2020-09-03.html,Carlcox,tech house,True
https://www.1001tracklists.com/tracklist/2dmlr049/carl-cox-cabin-fever-the-vinyl-sessions-024-balearic-beats-2020-08-30.html,Carlcox,tech house,True
https://www.1001tracklists.com/tracklist/14l1rrs1/carl-cox-cabin-fever-the-vinyl-sessions-023-uk-superclubs-the-sound-of-an-era-2020-08-23.html,Carlcox,tech house,True
https://www.1001tracklists.com/tracklist/2cprw581/carl-cox-beatport-live-reconnect-togetherforbeirut-australia-2020-08-22.html,Carlcox,tech house,True
https://www.1001tracklists.com/tracklist/rjtctpk/carl-cox-cabin-fever-the-vinyl-sessions-022-bush-records-showcase-2020-08-16.html,Carlcox,tech house,True
https://www.1001tracklists.com/tracklist/12qdvldk/carl-cox-cabin-fever-the-vinyl-sessions-021-space-terrace-ibiza-90s-special-2020-08-10.html,Carlcox,tech house,True
https://www.1001tracklists.com/tracklist/1tzfuqnk/carl-cox-umf-radio-586-2020-08-05.html,Carlcox,tech house,True
https://www.1001tracklists.com/tracklist/zwyck71/carl-cox-bbc-radio-1-essential-mix-2020-08-01.html,Carlcox,tech house,True
https://www.1001tracklists.com/tracklist/1t1lvuv9/carl-cox-cabin-fever-the-vinyl-sessions-019-techno-2000-2020-07-26.html,Carlcox,tech house,True
https://www.1001tracklists.com/tracklist/zwwwhck/carl-cox-cabin-fever-the-vinyl-sessions-018-nyc-beats-2020-07-19.html,Carlcox,tech house,True
https://www.1001tracklists.com/tracklist/2cplx98k/carl-cox-cabin-fever-the-vinyl-sessions-017-2020-07-12.html,Carlcox,tech house,True
https://www.1001tracklists.com/tracklist/1zl41631/carl-cox-cabin-fever-the-vinyl-sessions-016-down-2-funk-2020-07-05.html,Carlcox,tech house,True
https://www.1001tracklists.com/tracklist/2sw2fns9/carl-cox-rinse-fm-godfathers-2020-07-04.html,Carlcox,tech house,True
https://www.1001tracklists.com/tracklist/2jbkz23k/carl-cox-gas-tower-lost-horizon-festival-beatport-live-2020-07-03.html,Carlcox,tech house,True
https://www.1001tracklists.com/tracklist/196uwpn1/carl-cox-cabin-fever-the-vinyl-sessions-015-disco-diggin-2020-06-28.html,Carlcox,tech house,True
https://www.1001tracklists.com/tracklist/2qv3ly69/carl-cox-cabin-fever-the-vinyl-sessions-014-chicago-dreamin-2020-06-21.html,Carlcox,tech house,True
https://www.1001tracklists.com/tracklist/17c606j1/carl-cox-dance-television-last-night-a-dj-saved-my-life-set-for-love-2020-06-19.html,Carlcox,tech house,True
https://www.1001tracklists.com/tracklist/1ndddq9t/carl-cox-cabin-fever-the-vinyl-sessions-013-deep-in-detroit-2020-06-14.html,Carlcox,tech house,True
https://www.1001tracklists.com/tracklist/270fn6ht/carl-cox-cabin-fever-the-vinyl-sessions-012-f.a.c.t.-25-years-2020-06-07.html,Carlcox,tech house,True
https://www.1001tracklists.com/tracklist/jzwjmk9/carl-cox-cabin-fever-the-vinyl-sessions-011-2020-05-31.html,Carlcox,tech house,True
https://www.1001tracklists.com/tracklist/13mvg1mk/carl-cox-xiaomi-myhouseparty-2020-05-29.html,Carlcox,tech house,True
https://www.1001tracklists.com/tracklist/pntqfg1/carl-cox-cabin-fever-the-vinyl-sessions-010-90s-rave-edition-2020-05-24.html,Carlcox,tech house,True
https://www.1001tracklists.com/tracklist/1s3h502k/carl-cox-defected-virtual-festival-6.0-closing-party-2020-05-22.html,Carlcox,tech house,True
https://www.1001tracklists.com/tracklist/2rsvsfn9/carl-cox-cabin-fever-the-vinyl-sessions-009-90s-rave-edition-2020-05-17.html,Carlcox,tech house,True
https://www.1001tracklists.com/tracklist/2px8jk41/carl-cox-cabin-fever-the-vinyl-sessions-008-funk-and-boogie-tunes-from-the-80s-2020-05-10.html,Carlcox,tech house,True
https://www.1001tracklists.com/tracklist/16f508z9/carl-cox-cabin-fever-the-vinyl-sessions-007-2020-05-03.html,Carlcox,tech house,True
https://www.1001tracklists.com/tracklist/g69hbx1/carl-cox-cabin-fever-the-vinyl-sessions-006-2020-04-26.html,Carlcox,tech house,True
https://www.1001tracklists.com/tracklist/196jckk9/carl-cox-beatport-live-awesome-soundwave-2020-04-25.html,Carlcox,tech house,True
https://www.1001tracklists.com/tracklist/17bw989t/carl-cox-united-through-music-tomorrowland-australia-2020-04-21.html,Carlcox,tech house,True
https://www.1001tracklists.com/tracklist/qlg5159/carl-cox-cabin-fever-the-vinyl-sessions-005-2020-04-19.html,Carlcox,tech house,True
https://www.1001tracklists.com/tracklist/2ggv0wg9/carl-cox-cabin-fever-the-vinyl-sessions-004-2020-04-12.html,Carlcox,tech house,True
https://www.1001tracklists.com/tracklist/2hdnqfz1/carl-cox-cabin-fever-the-vinyl-sessions-003-2020-04-05.html,Carlcox,tech house,True
https://www.1001tracklists.com/tracklist/v7cn3y1/carl-cox-cabin-fever-the-vinyl-sessions-002-2020-03-29.html,Carlcox,tech house,True
https://www.1001tracklists.com/tracklist/y0s05bk/carl-cox-beatport-live-reconnect-australia-2020-03-27.html,Carlcox,tech house,True
https://www.1001tracklists.com/tracklist/2rsh49zt/carl-cox-cabin-fever-the-vinyl-sessions-001-2020-03-22.html,Carlcox,tech house,True
https://www.1001tracklists.com/tracklist/bgv7x2t/carl-cox-carl-cox-invites-stereo-live-houston-united-states-2020-03-13.html,Carlcox,tech house,True
https://www.1001tracklists.com/tracklist/w52t3bt/carl-cox-umf-radio-565-2020-03-11.html,Carlcox,tech house,True
https://www.1001tracklists.com/tracklist/yyhl6q9/carl-cox-city-steps-crssd-festival-united-states-beatport-live-2020-03-08.html,Carlcox,tech house,True
https://www.1001tracklists.com/tracklist/2wgdc2r1/carl-cox-radius-chicago-united-states-2020-03-06.html,Carlcox,tech house,True
https://www.1001tracklists.com/tracklist/2l5slzvk/carl-cox-factory-93-x-carl-cox-invites-skyline-festival-united-states-2020-02-29.html,Carlcox,tech house,True
https://www.1001tracklists.com/tracklist/v786wu9/carl-cox-neongarden-edc-mexico-2020-02-28.html,Carlcox,tech house,True
https://www.1001tracklists.com/tracklist/28vkuwl1/john-digweed-carl-cox-transitions-809-andrew-weatherall-tribute-2020-02-28.html,Carlcox,tech house,True
https://www.1001tracklists.com/tracklist/28vf4k19/carl-cox-on-the-record-001-2020-01-10.html,Carlcox,tech house,True
https://www.1001tracklists.com/tracklist/1t0rzsdk/carl-cox-umf-radio-555-2020-01-01.html,Carlcox,tech house,True
https://www.1001tracklists.com/tracklist/2c0ru6u9/carl-cox-loveland-legacy-119-loveland-festival-netherlands-2019-08-10-2019-12-18.html,Carlcox,tech house,True
https://www.1001tracklists.com/tracklist/2dldkxx9/carl-cox-joseph-capriati-awakenings-x-joseph-capriati-invites-gashouder-amsterdam-amsterdam-dance-event-netherlands-2019-10-19.html,Carlcox,tech house,True
https://www.1001tracklists.com/tracklist/w4njxpt/carl-cox-carl-cox-invites-fabrik-madrid-spain-2019-10-05.html,Carlcox,tech house,True
https://www.1001tracklists.com/tracklist/238bnmrt/carl-cox-fatboy-slim-saatchi-gallery-london-united-kingdom-2019-10-05.html,Carlcox,tech house,True
https://www.1001tracklists.com/tracklist/rltgrkt/carl-cox-marco-carola-music-on-destino-pacha-ibiza-resort-spain-2019-10-03.html,Carlcox,tech house,True
https://www.1001tracklists.com/tracklist/2nynd121/carl-cox-carl-cox-presented-by-percent100-music-zorlu-psm-studio-istanbul-turkey-2019-09-28.html,Carlcox,tech house,True
https://www.1001tracklists.com/tracklist/nq6clp9/carl-cox-metropolis-presents-carl-cox-festivalna-hall-sofia-bulgaria-2019-09-27.html,Carlcox,tech house,True
https://www.1001tracklists.com/tracklist/1xphxn8k/danny-howard-nic-fanciulli-carl-cox-yousef-bbc-radio-1-2019-09-27.html,Carlcox,tech house,True
https://www.1001tracklists.com/tracklist/14ju62st/carl-cox-techniques-day1-carl-cox-and-luigi-madonna-gazi-music-hall-athens-greece-2019-09-21.html,Carlcox,tech house,True
https://www.1001tracklists.com/tracklist/21dpg961/carl-cox-opulent-temple-night-at-playground-burning-man-united-states-2019-09-11.html,Carlcox,tech house,True
https://www.1001tracklists.com/tracklist/2gfw1cxt/carl-cox-resistance-week-7-privilege-ibiza-spain-2019-09-03.html,Carlcox,tech house,True
https://www.1001tracklists.com/tracklist/1ynkx9z1/carl-cox-disco-knights-burning-man-united-states-2019-08-27.html,Carlcox,tech house,True
https://www.1001tracklists.com/tracklist/nq3841k/carl-cox-steel-yard-presents-intec-creamfields-beatport-live-united-kingdom-2019-08-24.html,Carlcox,tech house,True
https://www.1001tracklists.com/tracklist/tc3c0gt/carl-cox-joseph-capriati-resistance-week-5-privilege-ibiza-spain-2019-08-20.html,Carlcox,tech house,True
https://www.1001tracklists.com/tracklist/2rruqpz9/carl-cox-dance-or-die-ushuaia-ibiza-spain-2019-08-13.html,Carlcox,tech house,True
https://www.1001tracklists.com/tracklist/1uvy24mt/carl-cox-family-piknik-france-2019-08-04.html,Carlcox,tech house,True
https://www.1001tracklists.com/tracklist/1mfk60y1/carl-cox-spiaggia-del-faro-jesolo-italy-2019-08-03.html,Carlcox,tech house,True
https://www.1001tracklists.com/tracklist/1kkwy8wt/carl-cox-resistance-week-2-privilege-ibiza-spain-2019-07-30.html,Carlcox,tech house,True
https://www.1001tracklists.com/tracklist/28uygtt9/carl-cox-carl-cox-invites-space-ibiza-tomorrowland-weekend-2-belgium-2019-07-26.html,Carlcox,tech house,True
https://www.1001tracklists.com/tracklist/1q6xsn99/carl-cox-plaza-major-de-el-poble-espanyol-off-sonar-barcelona-spain-2019-07-21.html,Carlcox,tech house,True
https://www.1001tracklists.com/tracklist/h35w1x9/carl-cox-mainstage-daybreak-session-tomorrowland-weekend-1-belgium-2019-07-19.html,Carlcox,tech house,True
https://www.1001tracklists.com/tracklist/27x3n6r1/carl-cox-resistance-stage-ultra-europe-croatia-2019-07-14.html,Carlcox,tech house,True
https://www.1001tracklists.com/tracklist/100qsxu1/carl-cox-one-night-stand-dc10-ibiza-spain-2019-07-12.html,Carlcox,tech house,True
https://www.1001tracklists.com/tracklist/w4d5sv9/carl-cox-seat-stage-kappa-futurfestival-turin-italy-2019-07-06.html,Carlcox,tech house,True
https://www.1001tracklists.com/tracklist/196uqdgk/carl-cox-mts-dance-arena-exit-festival-serbia-2019-07-04.html,Carlcox,tech house,True
https://www.1001tracklists.com/tracklist/22b8m4z9/carl-cox-maceo-plex-mts-dance-arena-exit-festival-serbia-2019-07-04.html,Carlcox,tech house,True
https://www.1001tracklists.com/tracklist/2b0n4sut/carl-cox-the-rabbit-hole-glastonbury-festival-united-kingdom-2019-06-26.html,Carlcox,tech house,True
https://www.1001tracklists.com/tracklist/1xp6qlvk/carl-cox-pure-new-york-the-brooklyn-mirage-new-york-united-states-2019-06-15.html,Carlcox,tech house,True
https://www.1001tracklists.com/tracklist/1q6sy9u1/pete-tong-carl-cox-essential-selection-2019-06-14.html,Carlcox,tech house,True
https://www.1001tracklists.com/tracklist/2dkytsyk/carl-cox-dj-mag-hq-ibiza-ims-ibiza-spain-2019-05-20.html,Carlcox,tech house,True
https://www.1001tracklists.com/tracklist/14jg0trt/carl-cox-tomorrowland-one-world-radio-invite-mix-2019-05-14.html,Carlcox,tech house,True
https://www.1001tracklists.com/tracklist/2tm40ujk/andi-durrant-carl-cox-clara-da-costa-electrik-playground-burning-man-united-states-2019-04-26.html,Carlcox,tech house,True
https://www.1001tracklists.com/tracklist/21d908vk/carl-cox-the-night-bazaar-sessions-vol.-66-one-night-stand-amnesia-ibiza-spain-2019-04-25.html,Carlcox,tech house,True
https://www.1001tracklists.com/tracklist/2vgrlx69/carl-cox-live-at-pure-perth-australia-2019-04-21.html,Carlcox,tech house,True
https://www.1001tracklists.com/tracklist/2bq8u3v9/carl-cox-space-ibiza-25-dj-mix-2019-04-12.html,Carlcox,tech house,True
https://www.1001tracklists.com/tracklist/1q6lc21k/carl-cox-floor-1-time-warp-germany-2019-04-06.html,Carlcox,tech house,True
https://www.1001tracklists.com/tracklist/10t3f7xt/carl-cox-carl-cox-megastructure-ultra-music-festival-miami-miami-music-week-united-states-2019-03-31.html,Carlcox,tech house,True
https://www.1001tracklists.com/tracklist/187jjvv1/carl-cox-marco-carola-carl-cox-megastructure-ultra-music-festival-miami-miami-music-week-united-states-2019-03-30.html,Carlcox,tech house,True
https://www.1001tracklists.com/tracklist/27wt9wf1/carl-cox-carl-cox-megastructure-ultra-music-festival-miami-miami-music-week-united-states-2019-03-29.html,Carlcox,tech house,True
https://www.1001tracklists.com/tracklist/9ujk9v1/carl-cox-umf-radio-515-2019-03-22.html,Carlcox,tech house,True
https://www.1001tracklists.com/tracklist/2n063vct/carl-cox-beatport-artist-of-the-week-mix-100-2019-03-20.html,Carlcox,tech house,True
https://www.1001tracklists.com/tracklist/zuzz2j1/carl-cox-beats-1-radio-new-years-eve-mix-2018-12-31.html,Carlcox,tech house,True
https://www.1001tracklists.com/tracklist/11qv5bp1/carl-cox-brunch-in-the-park-barcelona-spain-2018-11-13.html,Carlcox,tech house,True
https://www.1001tracklists.com/tracklist/16cd96y9/pete-tong-carl-cox-essential-selection-2018-10-19.html,Carlcox,tech house,True
https://www.1001tracklists.com/tracklist/1r3sy4f9/paul-oakenfold-carl-cox-stonehenge-united-kingdom-2018-09-13.html,Carlcox,tech house,True
https://www.1001tracklists.com/tracklist/114zhhbt/tale-of-us-afterlife-zamna-tulum-mexico-2025-01-06.html,Taleofus,melodic house,True
https://www.1001tracklists.com/tracklist/1bfjpvsk/tale-of-us-afterlife-zamna-tulum-mexico-2025-01-04.html,Taleofus,melodic house,True
https://www.1001tracklists.com/tracklist/2nbg872t/tale-of-us-afterlife-abu-dhabi-united-arab-emirates-2024-12-06.html,Taleofus,melodic house,True
https://www.1001tracklists.com/tracklist/21q47prk/tale-of-us-tomorrowland-pres.-afterlife-ziggo-dome-amsterdam-dance-event-netherlands-2024-10-16.html,Taleofus,melodic house,True
https://www.1001tracklists.com/tracklist/2s17md4k/tale-of-us-mind-against-afterlife-milano-after-party-italy-2024-09-21.html,Taleofus,melodic house,True
https://www.1001tracklists.com/tracklist/2kjgxcr9/tale-of-us-theatre-antique-dorange-france-2024-08-25.html,Taleofus,melodic house,True
https://www.1001tracklists.com/tracklist/1d8cs6ct/tale-of-us-theatre-antique-dorange-france-2024-08-24.html,Taleofus,melodic house,True
https://www.1001tracklists.com/tracklist/2s0x92tt/tale-of-us-freedom-stage-tomorrowland-weekend-2-belgium-2024-07-28.html,Taleofus,melodic house,True
https://www.1001tracklists.com/tracklist/2gqwcs29/tale-of-us-mainstage-tomorrowland-weekend-2-belgium-2024-07-27.html,Taleofus,melodic house,True
https://www.1001tracklists.com/tracklist/1zu0jf81/tale-of-us-freedom-stage-tomorrowland-weekend-1-belgium-2024-07-21.html,Taleofus,melodic house,True
https://www.1001tracklists.com/tracklist/1d7vuwjk/tale-of-us-afterlife-cdmx-mexico-2024-05-25.html,Taleofus,melodic house,True
https://www.1001tracklists.com/tracklist/24grk9dk/tale-of-us-afterlife-guadalajara-mexico-2024-05-17.html,Taleofus,melodic house,True
https://www.1001tracklists.com/tracklist/y8jc23k/tale-of-us-afterlife-miami-miami-marine-stadium-miami-music-week-united-states-2024-03-20.html,Taleofus,melodic house,True
https://www.1001tracklists.com/tracklist/2lfsr381/tale-of-us-afterlife-sao-paulo-brazil-2024-02-24.html,Taleofus,melodic house,True
https://www.1001tracklists.com/tracklist/fhu2sqk/tale-of-us-afterlife-lima-peru-2024-02-10.html,Taleofus,melodic house,True
https://www.1001tracklists.com/tracklist/15rwhv8t/tale-of-us-afterlife-zamna-tulum-mexico-2024-01-06.html,Taleofus,melodic house,True
https://www.1001tracklists.com/tracklist/wdftkn9/tale-of-us-afterlife-zamna-tulum-mexico-2024-01-04.html,Taleofus,melodic house,True
https://www.1001tracklists.com/tracklist/cmz3g79/tale-of-us-afterlife-santiago-chile-2023-12-31.html,Taleofus,melodic house,True
https://www.1001tracklists.com/tracklist/m28g5z9/tale-of-us-soho-garden-dubai-united-arab-emirates-2023-12-09.html,Taleofus,melodic house,True
https://www.1001tracklists.com/tracklist/1v3h5vy1/tale-of-us-afterlife-los-angeles-united-states-2023-10-14.html,Taleofus,melodic house,True
https://www.1001tracklists.com/tracklist/2ldjufrk/tale-of-us-afterlife-los-angeles-united-states-2023-10-13.html,Taleofus,melodic house,True
https://www.1001tracklists.com/tracklist/tlgfs01/tale-of-us-afterlife-hi-ibiza-spain-2023-09-21.html,Taleofus,melodic house,True
https://www.1001tracklists.com/tracklist/110tlp2k/tale-of-us-afterlife-the-brooklyn-mirage-new-york-united-states-2023-09-10.html,Taleofus,melodic house,True
https://www.1001tracklists.com/tracklist/2jjnm2zk/tale-of-us-theatre-antique-dorange-france-2023-08-26.html,Taleofus,melodic house,True
https://www.1001tracklists.com/tracklist/dk34w99/tale-of-us-afterlife-hi-ibiza-spain-2023-08-17.html,Taleofus,melodic house,True
https://www.1001tracklists.com/tracklist/14rvnb7t/tale-of-us-rise-stage-loveland-festival-netherlands-2023-08-13.html,Taleofus,melodic house,True
https://www.1001tracklists.com/tracklist/1gznruw1/tale-of-us-galaxy-stage-untold-festival-romania-2023-08-05.html,Taleofus,melodic house,True
https://www.1001tracklists.com/tracklist/1d66hfv1/tale-of-us-mainstage-tomorrowland-weekend-2-belgium-2023-07-29.html,Taleofus,melodic house,True
https://www.1001tracklists.com/tracklist/2fr1qbw9/tale-of-us-afterlife-freedom-stage-tomorrowland-weekend-1-belgium-2023-07-22.html,Taleofus,melodic house,True
https://www.1001tracklists.com/tracklist/110jtpvt/cassian-tale-of-us-afterlife-hi-ibiza-spain-2023-07-06.html,Taleofus,melodic house,True
https://www.1001tracklists.com/tracklist/vfn1r99/tale-of-us-jager-stage-kappa-futurfestival-turin-italy-2023-07-02.html,Taleofus,melodic house,True
https://www.1001tracklists.com/tracklist/1zrx36z9/tale-of-us-futur-stage-kappa-futurfestival-turin-italy-2023-06-30.html,Taleofus,melodic house,True
https://www.1001tracklists.com/tracklist/17k0tqst/tale-of-us-saga-festival-romania-2023-06-25.html,Taleofus,melodic house,True
https://www.1001tracklists.com/tracklist/291vxcb9/tale-of-us-afterlife-off-week-barcelona-parc-del-forum-barcelona-spain-2023-06-16.html,Taleofus,melodic house,True
https://www.1001tracklists.com/tracklist/2fqvnzd9/tale-of-us-one-world-radio-club-ibiza-2023-06-15.html,Taleofus,melodic house,True
https://www.1001tracklists.com/tracklist/2n7pp9b1/tale-of-us-afterlife-cincuentenario-stadium-medellin-2023-05-13.html,Taleofus,melodic house,True
https://www.1001tracklists.com/tracklist/2wmjp8g1/tale-of-us-afterlife-parque-bicentenario-mexico-city-mexico-2023-05-06.html,Taleofus,melodic house,True
https://www.1001tracklists.com/tracklist/16lx5671/tale-of-us-sahara-coachella-festival-weekend-2-united-states-2023-04-22.html,Taleofus,melodic house,True
https://www.1001tracklists.com/tracklist/uhgdhg9/tale-of-us-sahara-coachella-festival-weekend-1-united-states-2023-04-15.html,Taleofus,melodic house,True
https://www.1001tracklists.com/tracklist/2vps582t/tale-of-us-afterlife-mandarine-park-buenos-aires-argentina-2023-04-07.html,Taleofus,melodic house,True
https://www.1001tracklists.com/tracklist/clm47yk/tale-of-us-afterlife-mandarine-park-buenos-aires-argentina-2023-04-06.html,Taleofus,melodic house,True
https://www.1001tracklists.com/tracklist/2682f4mt/tale-of-us-resistance-megastructure-ultra-music-festival-miami-united-states-2023-03-26.html,Taleofus,melodic house,True
https://www.1001tracklists.com/tracklist/k5bb67t/tale-of-us-afterlife-factory-town-miami-music-week-united-states-2023-03-22.html,Taleofus,melodic house,True
https://www.1001tracklists.com/tracklist/2dsmurk1/tale-of-us-afterlife-arca-sao-paulo-brazil-2023-03-11.html,Taleofus,melodic house,True
https://www.1001tracklists.com/tracklist/20p50jx1/tale-of-us-afterlife-spain-2023-03-04.html,Taleofus,melodic house,True
https://www.1001tracklists.com/tracklist/2kfkz7v9/tale-of-us-circuitgrounds-edc-mexico-2023-02-26.html,Taleofus,melodic house,True
https://www.1001tracklists.com/tracklist/1rbynjbk/tale-of-us-tomorrowland-adscendo-a-digital-introduction-belgium-2023-01-28.html,Taleofus,melodic house,True
https://www.1001tracklists.com/tracklist/2lc3w2dk/tale-of-us-afterlife-zamna-tulum-mexico-2023-01-04.html,Taleofus,melodic house,True
https://www.1001tracklists.com/tracklist/1d51d2r9/tale-of-us-printworks-london-united-kingdom-2022-11-27.html,Taleofus,melodic house,True
https://www.1001tracklists.com/tracklist/nvztt69/tale-of-us-afterlife-printworks-london-united-kingdom-2022-11-26.html,Taleofus,melodic house,True
https://www.1001tracklists.com/tracklist/16l75rh9/tale-of-us-afterlife-printworks-london-united-kingdom-2022-11-25.html,Taleofus,melodic house,True
https://www.1001tracklists.com/tracklist/1d4xnjkt/tale-of-us-afterlife-lebanon-2022-10-29.html,Taleofus,melodic house,True
https://www.1001tracklists.com/tracklist/19ch7rw1/tale-of-us-awakenings-x-afterlife-ziggo-dome-amsterdam-dance-event-2022-10-22.html,Taleofus,melodic house,True
https://www.1001tracklists.com/tracklist/z3p4sf1/tale-of-us-soho-garden-dubai-united-arab-emirates-2022-10-15.html,Taleofus,melodic house,True
https://www.1001tracklists.com/tracklist/14qf0b39/tale-of-us-afterlife-closing-party-hi-ibiza-spain-2022-09-29.html,Taleofus,melodic house,True
https://www.1001tracklists.com/tracklist/mxxj8mt/tale-of-us-maceo-plex-afterlife-closing-party-ushuaia-ibiza-spain-2022-09-29.html,Taleofus,melodic house,True
https://www.1001tracklists.com/tracklist/1gy2hrwk/tale-of-us-afterlife-the-brooklyn-mirage-new-york-united-states-2022-09-10.html,Taleofus,melodic house,True
https://www.1001tracklists.com/tracklist/2n64usbt/tale-of-us-umf-radio-694-2022-08-27.html,Taleofus,melodic house,True
https://www.1001tracklists.com/tracklist/15mxxwnk/tale-of-us-afterlife-theatre-antique-dorange-france-2022-08-20.html,Taleofus,melodic house,True
https://www.1001tracklists.com/tracklist/2vng009t/tale-of-us-rise-stage-loveland-festival-netherlands-2022-08-14.html,Taleofus,melodic house,True
https://www.1001tracklists.com/tracklist/ff019pk/tale-of-us-galaxy-stage-untold-festival-romania-2022-08-07.html,Taleofus,melodic house,True
https://www.1001tracklists.com/tracklist/vd18kft/tale-of-us-camelphat-afterlife-we-are-fstvl-united-kingdom-2022-08-06.html,Taleofus,melodic house,True
https://www.1001tracklists.com/tracklist/ug7ls31/tale-of-us-afterlife-we-are-fstvl-united-kingdom-2022-08-06.html,Taleofus,melodic house,True
https://www.1001tracklists.com/tracklist/2suzncs9/tale-of-us-afterlife-hi-ibiza-spain-2022-08-04.html,Taleofus,melodic house,True
https://www.1001tracklists.com/tracklist/1jtg6z79/tale-of-us-area-v-awakenings-festival-netherlands-2022-07-31.html,Taleofus,melodic house,True
https://www.1001tracklists.com/tracklist/2wl4n3p9/tale-of-us-atmosphere-stage-tomorrowland-weekend-3-belgium-2022-07-30.html,Taleofus,melodic house,True
https://www.1001tracklists.com/tracklist/2qz92rgt/tale-of-us-mainstage-tomorrowland-weekend-2-belgium-2022-07-23.html,Taleofus,melodic house,True
https://www.1001tracklists.com/tracklist/1zq5t4dt/tale-of-us-atmosphere-stage-tomorrowland-weekend-1-belgium-2022-07-16.html,Taleofus,melodic house,True
https://www.1001tracklists.com/tracklist/2rwzplt1/tale-of-us-amphitheater-pula-pula-music-week-croatia-2022-07-03.html,Taleofus,melodic house,True
https://www.1001tracklists.com/tracklist/17h7qwsk/tale-of-us-futur-stage-kappa-futurfestival-turin-italy-2022-07-02.html,Taleofus,melodic house,True
https://www.1001tracklists.com/tracklist/1r9tfg29/tale-of-us-off-week-festival-off-week-barcelona-parc-del-forum-barcelona-spain-2022-06-17.html,Taleofus,melodic house,True
https://www.1001tracklists.com/tracklist/2826l5dt/tale-of-us-distrikt-4-labyrinth-club-extrema-outdoor-belgium-2022-06-03.html,Taleofus,melodic house,True
https://www.1001tracklists.com/tracklist/27435ppt/tale-of-us-awakenings-festival-easter-edition-netherlands-2022-04-16.html,Taleofus,melodic house,True
https://www.1001tracklists.com/tracklist/1qcmmwk1/tale-of-us-modernity-stage-caprices-festival-switzerland-2022-04-08.html,Taleofus,melodic house,True
https://www.1001tracklists.com/tracklist/18dhuhvt/tale-of-us-resistance-stage-ultra-music-festival-miami-united-states-2022-03-26.html,Taleofus,melodic house,True
https://www.1001tracklists.com/tracklist/1qcl8tn1/tale-of-us-mandarine-park-buenos-aires-argentina-2022-03-19.html,Taleofus,melodic house,True
https://www.1001tracklists.com/tracklist/2rwc1pm1/tale-of-us-afterlife-arca-sao-paulo-brazil-2022-03-12.html,Taleofus,melodic house,True
https://www.1001tracklists.com/tracklist/1wvq3w7t/tale-of-us-dixon-afterlife-afterparty-zamna-tulum-mexico-2022-01-05.html,Taleofus,melodic house,True
https://www.1001tracklists.com/tracklist/21jq0s8t/tale-of-us-afterlife-zamna-tulum-mexico-2022-01-04.html,Taleofus,melodic house,True
https://www.1001tracklists.com/tracklist/12szbkp1/tale-of-us-afterlife-printworks-london-united-kingdom-2021-11-27.html,Taleofus,melodic house,True
https://www.1001tracklists.com/tracklist/1vxrcwh9/tale-of-us-input-high-fidelity-dance-club-barcelona-spain-2021-11-15.html,Taleofus,melodic house,True
https://www.1001tracklists.com/tracklist/1c52lpx1/tale-of-us-m82-kiev-ukraine-2021-11-06.html,Taleofus,melodic house,True
https://www.1001tracklists.com/tracklist/l0cvyct/tale-of-us-time-warp-germany-2021-10-30.html,Taleofus,melodic house,True
https://www.1001tracklists.com/tracklist/w83cd09/tale-of-us-awakenings-x-afterlife-gashouder-amsterdam-dance-event-netherlands-2021-10-15.html,Taleofus,melodic house,True
https://www.1001tracklists.com/tracklist/w7zn9gt/tale-of-us-innellea-club-space-miami-united-states-2021-09-19.html,Taleofus,melodic house,True
https://www.1001tracklists.com/tracklist/j4j7ys9/tale-of-us-galaxy-stage-untold-festival-romania-2021-09-12.html,Taleofus,melodic house,True
https://www.1001tracklists.com/tracklist/2qxf05z9/tale-of-us-bonbonne-beach-egypt-2021-08-27.html,Taleofus,melodic house,True
https://www.1001tracklists.com/tracklist/1lm2mmd9/tale-of-us-afterlife-theatre-antique-dorange-france-2021-08-21.html,Taleofus,melodic house,True
https://www.1001tracklists.com/tracklist/12sd70b9/tale-of-us-atomium-open-air-arena5-brussels-belgium-2021-08-08.html,Taleofus,melodic house,True
https://www.1001tracklists.com/tracklist/2pzdf9g9/tale-of-us-atmosphere-stage-tomorrowland-around-the-world-2021-07-17.html,Taleofus,melodic house,True
https://www.1001tracklists.com/tracklist/kzt5g0t/tale-of-us-ibiza-beach-club-odessa-ukraine-2021-05-29.html,Taleofus,melodic house,True
https://www.1001tracklists.com/tracklist/2dmfv4uk/tale-of-us-atmosphere-stage-tomorrowland-around-the-world-2020-07-25.html,Taleofus,melodic house,True
https://www.1001tracklists.com/tracklist/10u8qw71/tale-of-us-unity-live-spain-2020-04-22.html,Taleofus,melodic house,True
https://www.1001tracklists.com/tracklist/246shpjk/dennis-ruyer-tale-of-us-dance-department-755-2020-04-17.html,Taleofus,melodic house,True
https://www.1001tracklists.com/tracklist/14kdm7b1/tale-of-us-afterlife-voyage-020-unity-compilation-mix-2020-04-03.html,Taleofus,melodic house,True
https://www.1001tracklists.com/tracklist/1c1w25c1/tale-of-us-afterlife-zamna-tulum-mexico-2020-01-08.html,Taleofus,melodic house,True
https://www.1001tracklists.com/tracklist/db534j1/tale-of-us-afterlife-printworks-london-united-kingdom-2019-11-30.html,Taleofus,melodic house,True
https://www.1001tracklists.com/tracklist/2cnmzck1/tale-of-us-cedar-street-courtyard-austin-united-states-2019-10-12.html,Taleofus,melodic house,True
https://www.1001tracklists.com/tracklist/qlk055t/tale-of-us-afterlife-hi-ibiza-spain-2019-08-01.html,Taleofus,melodic house,True
https://www.1001tracklists.com/tracklist/23845ppk/tale-of-us-area-x-awakenings-festival-netherlands-2019-06-30.html,Taleofus,melodic house,True
https://www.1001tracklists.com/tracklist/2fhuwxw1/tale-of-us-tomorrowland-one-world-radio-daybreak-sessions-afterlife-takeover-2019-06-17.html,Taleofus,melodic house,True
https://www.1001tracklists.com/tracklist/261f9nzk/maceo-plex-tale-of-us-mainstage-junction-2-festival-united-kingdom-2019-06-08.html,Taleofus,melodic house,True
https://www.1001tracklists.com/tracklist/v6j4gjt/tale-of-us-mainstage-junction-2-festival-united-kingdom-2019-06-08.html,Taleofus,melodic house,True
https://www.1001tracklists.com/tracklist/195hy76k/tale-of-us-pyramid-stage-movement-electronic-music-festival-detroit-united-states-2019-05-27.html,Taleofus,melodic house,True
https://www.1001tracklists.com/tracklist/kwgu1u9/tale-of-us-odyssey-ibiza-opening-ushuaia-ibiza-spain-2019-05-18.html,Taleofus,melodic house,True
https://www.1001tracklists.com/tracklist/f79yjnk/tale-of-us-yuma-tent-coachella-festival-weekend-2-united-states-2019-04-20.html,Taleofus,melodic house,True
https://www.1001tracklists.com/tracklist/2dkv3zfk/tale-of-us-club-space-miami-music-week-united-states-2019-03-30.html,Taleofus,melodic house,True
https://www.1001tracklists.com/tracklist/bfjkcm1/tale-of-us-afterlife-voyage-013-2018-12-21.html,Taleofus,melodic house,True
https://www.1001tracklists.com/tracklist/2q61t8l1/tale-of-us-resistance-ultra-music-festival-mexico-2018-10-14.html,Taleofus,melodic house,True
https://www.1001tracklists.com/tracklist/1ftm44zk/tale-of-us-opera-stage-street-parade-zurich-switzerland-2018-08-11.html,Taleofus,melodic house,True
https://www.1001tracklists.com/tracklist/2qswwkqt/tale-of-us-one-mix-2018-08-10.html,Taleofus,melodic house,True
https://www.1001tracklists.com/tracklist/10s9kdr1/tale-of-us-grand-theft-auto-online-after-hours-nightclub-set-2018-07-31.html,Taleofus,melodic house,True
https://www.1001tracklists.com/tracklist/mx7yr61/tale-of-us-garden-of-madness-tomorrowland-weekend-2-belgium-2018-07-28.html,Taleofus,melodic house,True
https://www.1001tracklists.com/tracklist/1uux0zjk/tale-of-us-mts-dance-arena-exit-festival-serbia-2018-07-16.html,Taleofus,melodic house,True
https://www.1001tracklists.com/tracklist/w36g2ct/tale-of-us-charles-de-gaulle-airport-paris-france-cercle-2018-07-02.html,Taleofus,melodic house,True
https://www.1001tracklists.com/tracklist/2vflgunk/tale-of-us-time-warp-germany-2018-04-07.html,Taleofus,melodic house,True
https://www.1001tracklists.com/tracklist/xxwyypk/tale-of-us-gianpula-village-2017-07-23.html,Taleofus,melodic house,True
https://www.1001tracklists.com/tracklist/2j76uwy1/tale-of-us-vista-afterlife-opening-privilege-ibiza-spain-2017-07-19.html,Taleofus,melodic house,True
https://www.1001tracklists.com/tracklist/t8rqv4t/maceo-plex-tale-of-us-ims-ibiza-dalt-vila-spain-be-at-tv-2017-05-26.html,Taleofus,melodic house,True
https://www.1001tracklists.com/tracklist/20dbc7q1/tale-of-us-time-warp-germany-2017-04-01.html,Taleofus,melodic house,True
https://www.1001tracklists.com/tracklist/10r12cb1/tale-of-us-carl-cox-arena-ultra-music-festival-miami-miami-music-week-united-states-2017-03-25.html,Taleofus,melodic house,True
https://www.1001tracklists.com/tracklist/18546z71/tale-of-us-afterlife-voyage-001-2016-11-09.html,Taleofus,melodic house,True
https://www.1001tracklists.com/tracklist/zstuq61/tale-of-us-space-closing-fiesta-umf-stage-space-ibiza-spain-2016-10-02.html,Taleofus,melodic house,True
https://www.1001tracklists.com/tracklist/2ff1p90k/tale-of-us-afterlife-week-9-space-ibiza-spain-2016-09-01.html,Taleofus,melodic house,True
https://www.1001tracklists.com/tracklist/2l2630t9/tale-of-us-grand-finale-ims-ibiza-dalt-vila-spain-2016-05-27.html,Taleofus,melodic house,True
https://www.1001tracklists.com/tracklist/2vcts3c9/tale-of-us-the-boom-room-2016-05-16.html,Taleofus,melodic house,True
https://www.1001tracklists.com/tracklist/2h89gm1t/tale-of-us-time-warp-maimarkthalle-mannheim-germany-2016-04-02.html,Taleofus,melodic house,True
https://www.1001tracklists.com/tracklist/2w9g4dvk/tale-of-us-a-tale-of-us-january-2016-01-01.html,Taleofus,melodic house,True
https://www.1001tracklists.com/tracklist/93tlfrk/tale-of-us-5-years-of-boiler-room-2015-11-05.html,Taleofus,melodic house,True
https://www.1001tracklists.com/tracklist/8cprcmt/tale-of-us-dc10-ibiza-spain-2015-06-22.html,Taleofus,melodic house,True
https://www.1001tracklists.com/tracklist/6hpf6c1/tale-of-us-bbc-radio-1-essential-mix-2015-01-23.html,Taleofus,melodic house,True
https://www.1001tracklists.com/tracklist/2mfbfumk/tale-of-us-cannibals-tea-party-escape-all-hallows-eve-nos-events-center-san-bernardino-united-states-2014-11-01.html,Taleofus,melodic house,True
https://www.1001tracklists.com/tracklist/8230q91/tale-of-us-enter.sake-week-13-space-ibiza-spain-2014-09-25.html,Taleofus,melodic house,True
https://www.1001tracklists.com/tracklist/3dxuq4k/tale-of-us-enter.terrace-space-ibiza-spain-2014-07-03.html,Taleofus,melodic house,True
https://www.1001tracklists.com/tracklist/44psf49/tale-of-us-time-warp-argentina-buenos-aires-2014-05-31.html,Taleofus,melodic house,True
https://www.1001tracklists.com/tracklist/6l49knk/tale-of-us-groove-podcast-30-2014-05-21.html,Taleofus,melodic house,True
https://www.1001tracklists.com/tracklist/52c5t7k/tale-of-us-time-warp-20-years-anniversary-maimarkthalle-mannheim-germany-2014-04-05.html,Taleofus,melodic house,True
https://www.1001tracklists.com/tracklist/5g75v9t/tale-of-us-aiguille-du-midi-chamonix-france-2014-03-07.html,Taleofus,melodic house,True
https://www.1001tracklists.com/tracklist/8fgxh31/tale-of-us-life-and-death-mamitas-beach-club-playa-del-carmen-mexico-the-bpm-festival-mexico-be-at-tv-2014-01-07.html,Taleofus,melodic house,True
https://www.1001tracklists.com/tracklist/2gptpht/pete-tong-sick-individuals-harry-romero-tale-of-us-essential-selection-2013-12-13.html,Taleofus,melodic house,True
https://www.1001tracklists.com/tracklist/8mbcfp9/tale-of-us-enter-arena-creamfields-buenos-aires-buenos-aires-argentina-2013-11-09.html,Taleofus,melodic house,True
https://www.1001tracklists.com/tracklist/521bt51/tale-of-us-enter.terrace-week-09-space-ibiza-spain-2013-08-29.html,Taleofus,melodic house,True
https://www.1001tracklists.com/tracklist/8z430dt/tale-of-us-enter-pre-party-delano-beach-club-ibiza-spain-2013-08-29.html,Taleofus,melodic house,True
https://www.1001tracklists.com/tracklist/6ulkwqt/tale-of-us-enter.terrace-week-6-space-ibiza-spain-2013-08-08.html,Taleofus,melodic house,True
https://www.1001tracklists.com/tracklist/5fsxfut/tale-of-us-flying-circus-6-years-anniversary-arenele-romane-bucharest-romania-2013-06-07.html,Taleofus,melodic house,True
https://www.1001tracklists.com/tracklist/6rg0sh1/tale-of-us-boiler-room-2013-05-11.html,Taleofus,melodic house,True
https://www.1001tracklists.com/tracklist/7y33wkt/tale-of-us-thugfucker-life-and-death-electric-pickle-miami-winter-music-conference-2013-03-22.html,Taleofus,melodic house,True
https://www.1001tracklists.com/tracklist/94u97t1/tale-of-us-rebel-warehouse-rome-italy-2013-03-01.html,Taleofus,melodic house,True
https://www.1001tracklists.com/tracklist/7p1kf6t/tale-of-us-coco-maya-beach-the-bpm-festival-mexico-2013-01-07.html,Taleofus,melodic house,True
https://www.1001tracklists.com/tracklist/49pszk1/tale-of-us-romy-s.-podcast-026-2012-11-02.html,Taleofus,melodic house,True
https://www.1001tracklists.com/tracklist/8t5zw7t/tale-of-us-pulse-radio-podcast-073-nordstern-basel-switzerland-2012-02-24.html,Taleofus,melodic house,True
https://www.1001tracklists.com/tracklist/37wgu1/tale-of-us-pier-bucci-neue-heimat-westwerk-leipzig-germany-2011-12-09.html,Taleofus,melodic house,True
https://www.1001tracklists.com/tracklist/437uk1/tale-of-us-resident-advisor-podcast-283-2011-10-31.html,Taleofus,melodic house,True
https://www.1001tracklists.com/tracklist/vnjg61/tale-of-us-fly-bermuda-podcast-2011-10-24.html,Taleofus,melodic house,True
https://www.1001tracklists.com/tracklist/qk6cu1/tale-of-us-life-and-death-podcast-number-two-2010-12-31.html,Taleofus,melodic house,True
https://www.1001tracklists.com/tracklist/su06h0t/anyma-marlon-hoffstadt-do-lab-stage-coachella-festival-weekend-1-united-states-2026-04-12.html,Anyma,melodic house,True
https://www.1001tracklists.com/tracklist/1083x709/anyma-kineticfield-edc-mexico-2026-02-22.html,Anyma,melodic house,True
https://www.1001tracklists.com/tracklist/2ndmvlh9/anyma-big-beast-mdlbeast-soundstorm-saudi-arabia-2025-12-12.html,Anyma,melodic house,True
https://www.1001tracklists.com/tracklist/13yt1sg9/anyma-marquee-las-vegas-united-states-2025-11-22.html,Anyma,melodic house,True
https://www.1001tracklists.com/tracklist/2ux12hu9/anyma-chrissy-costanza-teya-g.e.m.-league-of-legends-worlds-opening-ceremony-china-2025-11-09.html,Anyma,melodic house,True
https://www.1001tracklists.com/tracklist/1157rbq9/anyma-ushuaia-dubai-united-arab-emirates-2025-10-31.html,Anyma,melodic house,True
https://www.1001tracklists.com/tracklist/l89jgw9/anyma-circoloco-dc10-ibiza-spain-2025-10-13.html,Anyma,melodic house,True
https://www.1001tracklists.com/tracklist/130rjf9t/anyma-closing-party-unvrs-ibiza-spain-2025-10-12.html,Anyma,melodic house,True
https://www.1001tracklists.com/tracklist/1lvcjp09/anyma-quantum-genesys-genesys-aslashv-show-the-great-pyramids-of-giza-egypt-2025-10-10.html,Anyma,melodic house,True
https://www.1001tracklists.com/tracklist/rv2yvk1/anyma-quantum-genesys-quantum-dj-set-the-great-pyramids-of-giza-egypt-2025-10-10.html,Anyma,melodic house,True
https://www.1001tracklists.com/tracklist/2jnx06lk/anyma-formula-1-grand-prix-azerbaijan-2025-09-19.html,Anyma,melodic house,True
https://www.1001tracklists.com/tracklist/2tyvk9vk/anyma-solomun-plus1-pacha-ibiza-spain-2025-09-07.html,Anyma,melodic house,True
https://www.1001tracklists.com/tracklist/1071bqtt/anyma-unvrs-ibiza-spain-2025-08-26.html,Anyma,melodic house,True
https://www.1001tracklists.com/tracklist/1mswhubk/anyma-dom-dolla-unvrs-ibiza-spain-2025-08-26.html,Anyma,melodic house,True
https://www.1001tracklists.com/tracklist/2uwlcrct/anyma-apex-stage-creamfields-north-united-kingdom-2025-08-24.html,Anyma,melodic house,True
https://www.1001tracklists.com/tracklist/vl0d9k1/anyma-mainstage-zurich-openair-switzerland-2025-08-23.html,Anyma,melodic house,True
https://www.1001tracklists.com/tracklist/122mw3lt/anyma-rock-en-seine-festival-france-2025-08-22.html,Anyma,melodic house,True
https://www.1001tracklists.com/tracklist/26dwmust/anyma-unvrs-ibiza-spain-2025-08-19.html,Anyma,melodic house,True
https://www.1001tracklists.com/tracklist/1bgtz419/anyma-lovestream-festival-slovakia-2025-08-17.html,Anyma,melodic house,True
https://www.1001tracklists.com/tracklist/n3jwxt9/anyma-unvrs-ibiza-spain-2025-08-12.html,Anyma,melodic house,True
https://www.1001tracklists.com/tracklist/1cdlr851/anyma-argy-unvrs-ibiza-spain-2025-08-12.html,Anyma,melodic house,True
https://www.1001tracklists.com/tracklist/17pckqv9/anyma-mainstage-untold-festival-romania-2025-08-10.html,Anyma,melodic house,True
https://www.1001tracklists.com/tracklist/p19wuxt/anyma-mainstage-sziget-festival-hungary-2025-08-09.html,Anyma,melodic house,True
https://www.1001tracklists.com/tracklist/1bgs99d9/anyma-sonne-mond-sterne-festival-germany-2025-08-08.html,Anyma,melodic house,True
https://www.1001tracklists.com/tracklist/jd8wg5t/anyma-travis-scott-unvrs-ibiza-spain-2025-08-05.html,Anyma,melodic house,True
https://www.1001tracklists.com/tracklist/2lj7cbt1/anyma-sunny-hill-festival-kosovo-2025-08-03.html,Anyma,melodic house,True
https://www.1001tracklists.com/tracklist/16rj8zn9/anyma-zamna-festival-nice-france-2025-08-01.html,Anyma,melodic house,True
https://www.1001tracklists.com/tracklist/kb15xkk/anyma-unvrs-ibiza-spain-2025-07-29.html,Anyma,melodic house,True
https://www.1001tracklists.com/tracklist/2q7dffw9/anyma-mainstage-tomorrowland-weekend-2-belgium-2025-07-26.html,Anyma,melodic house,True
https://www.1001tracklists.com/tracklist/1v737sp9/anyma-innellea-colyn-unvrs-ibiza-spain-2025-07-22.html,Anyma,melodic house,True
https://www.1001tracklists.com/tracklist/qwty661/anyma-unvrs-ibiza-spain-2025-07-22.html,Anyma,melodic house,True
https://www.1001tracklists.com/tracklist/2dxbhn2t/anyma-twiga-porto-cervo-italy-2025-07-19.html,Anyma,melodic house,True
https://www.1001tracklists.com/tracklist/13y0sjd1/anyma-mainstage-tomorrowland-weekend-1-belgium-2025-07-19.html,Anyma,melodic house,True
https://www.1001tracklists.com/tracklist/2q7bjsh9/anyma-mind-against-unvrs-ibiza-spain-2025-07-15.html,Anyma,melodic house,True
https://www.1001tracklists.com/tracklist/25gwd9jt/anyma-unvrs-ibiza-spain-2025-07-15.html,Anyma,melodic house,True
https://www.1001tracklists.com/tracklist/1f8027rt/anyma-nos-alive-festival-portugal-2025-07-11.html,Anyma,melodic house,True
https://www.1001tracklists.com/tracklist/1y0fqtx1/anyma-adriatique-unvrs-ibiza-spain-2025-07-08.html,Anyma,melodic house,True
https://www.1001tracklists.com/tracklist/tq4f7ft/anyma-unvrs-ibiza-spain-2025-07-08.html,Anyma,melodic house,True
https://www.1001tracklists.com/tracklist/2c1ncw41/anyma-futur-stage-kappa-futurfestival-turin-italy-2025-07-04.html,Anyma,melodic house,True
https://www.1001tracklists.com/tracklist/1msgzbhk/anyma-world-stage-world-dj-festival-south-korea-2025-06-15.html,Anyma,melodic house,True
https://www.1001tracklists.com/tracklist/2jnbq5nt/anyma-afterlife-barcelona-spain-2025-06-13.html,Anyma,melodic house,True
https://www.1001tracklists.com/tracklist/pypls7k/anyma-44-festival-afterparty-gotec-club-karlsruhe-germany-2025-05-24.html,Anyma,melodic house,True
https://www.1001tracklists.com/tracklist/287zu0tt/anyma-twiga-monte-carlo-monaco-2025-05-23.html,Anyma,melodic house,True
https://www.1001tracklists.com/tracklist/ybv7wc9/anyma-atomium-open-air-brussels-belgium-2025-05-17.html,Anyma,melodic house,True
https://www.1001tracklists.com/tracklist/1d9rbsc1/anyma-kasst-crobar-buenos-aires-argentina-2025-04-19.html,Anyma,melodic house,True
https://www.1001tracklists.com/tracklist/umhjj1t/anyma-mainstage-ultra-buenos-aires-argentina-2025-04-19.html,Anyma,melodic house,True
https://www.1001tracklists.com/tracklist/ybnt631/anyma-desert-night-zenyara-united-states-2025-04-12.html,Anyma,melodic house,True
https://www.1001tracklists.com/tracklist/tpkru7t/anyma-club-space-miami-united-states-2025-03-29.html,Anyma,melodic house,True
https://www.1001tracklists.com/tracklist/2uvpnyz9/anyma-circoloco-lima-peru-2025-03-22.html,Anyma,melodic house,True
https://www.1001tracklists.com/tracklist/279qu0y9/anyma-the-end-of-genesys-sphere-las-vegas-united-states-2025-03-02.html,Anyma,melodic house,True
https://www.1001tracklists.com/tracklist/um69gnt/anyma-the-end-of-genesys-sphere-las-vegas-united-states-2025-03-01.html,Anyma,melodic house,True
https://www.1001tracklists.com/tracklist/279qhqvt/anyma-the-end-of-genesys-sphere-las-vegas-united-states-2025-02-28.html,Anyma,melodic house,True
https://www.1001tracklists.com/tracklist/2gs3qu3k/anyma-the-end-of-genesys-sphere-las-vegas-united-states-2025-02-27.html,Anyma,melodic house,True
https://www.1001tracklists.com/tracklist/2cyjbhyt/anyma-gmo-sonic-japan-2025-01-25.html,Anyma,melodic house,True
https://www.1001tracklists.com/tracklist/1jy5cqmt/anyma-the-end-of-genesys-sphere-las-vegas-united-states-2025-01-11.html,Anyma,melodic house,True
https://www.1001tracklists.com/tracklist/2950s919/anyma-the-end-of-genesys-sphere-las-vegas-united-states-2025-01-10.html,Anyma,melodic house,True
https://www.1001tracklists.com/tracklist/23l611s1/anyma-afterlife-zamna-tulum-mexico-2025-01-06.html,Anyma,melodic house,True
https://www.1001tracklists.com/tracklist/9uf5tf9/anyma-the-end-of-genesys-sphere-las-vegas-united-states-2025-01-01.html,Anyma,melodic house,True
https://www.1001tracklists.com/tracklist/1tbbgzg9/tiesto-anyma-new-years-eve-liv-las-vegas-united-states-2025-01-01.html,Anyma,melodic house,True
https://www.1001tracklists.com/tracklist/yb1unx9/anyma-the-end-of-genesys-sphere-las-vegas-united-states-2024-12-31.html,Anyma,melodic house,True
https://www.1001tracklists.com/tracklist/294yqub1/anyma-xs-nightclub-las-vegas-united-states-2024-12-30.html,Anyma,melodic house,True
https://www.1001tracklists.com/tracklist/23l4mzct/anyma-the-end-of-genesys-sphere-las-vegas-united-states-2024-12-30.html,Anyma,melodic house,True
https://www.1001tracklists.com/tracklist/2wqtmm7k/anyma-the-end-of-genesys-sphere-las-vegas-united-states-2024-12-29.html,Anyma,melodic house,True
https://www.1001tracklists.com/tracklist/2lgyvzmk/anyma-the-end-of-genesys-sphere-las-vegas-united-states-2024-12-28.html,Anyma,melodic house,True
https://www.1001tracklists.com/tracklist/15sgbmxk/anyma-the-end-of-genesys-sphere-las-vegas-united-states-2024-12-27.html,Anyma,melodic house,True
https://www.1001tracklists.com/tracklist/hf3j6v1/anyma-djakarta-warehouse-project-indonesia-2024-12-15.html,Anyma,melodic house,True
https://www.1001tracklists.com/tracklist/1w3lcqwt/anyma-808-festival-thailand-2024-12-08.html,Anyma,melodic house,True
https://www.1001tracklists.com/tracklist/hf1pkwk/anyma-afterlife-abu-dhabi-united-arab-emirates-2024-12-06.html,Anyma,melodic house,True
https://www.1001tracklists.com/tracklist/2vst9kx1/anyma-cassian-pica-melbourne-australia-2024-11-23.html,Anyma,melodic house,True
https://www.1001tracklists.com/tracklist/1xz37jut/anyma-genesys-flemington-racecourse-melbourne-australia-2024-11-23.html,Anyma,melodic house,True
https://www.1001tracklists.com/tracklist/1130jvl1/anyma-afterlife-ziggo-dome-amsterdam-dance-event-netherlands-2024-10-16.html,Anyma,melodic house,True
https://www.1001tracklists.com/tracklist/286m4jp9/anyma-genesys-atakoy-marina-arena-istanbul-turkey-2024-09-28.html,Anyma,melodic house,True
https://www.1001tracklists.com/tracklist/1cbq2bt1/anyma-afterlife-milano-italy-2024-09-21.html,Anyma,melodic house,True
https://www.1001tracklists.com/tracklist/1scw3yxt/anyma-afterlife-madrid-spain-2024-09-14.html,Anyma,melodic house,True
https://www.1001tracklists.com/tracklist/m3rjj41/anyma-lancome-shanghai-china-2024-09-05.html,Anyma,melodic house,True
https://www.1001tracklists.com/tracklist/2bzv507k/anyma-robot-heart-burning-man-united-states-2024-08-29.html,Anyma,melodic house,True
https://www.1001tracklists.com/tracklist/brgpcck/anyma-theatre-antique-dorange-france-2024-08-25.html,Anyma,melodic house,True
https://www.1001tracklists.com/tracklist/wfl3p49/anyma-freedom-stage-tomorrowland-weekend-2-belgium-2024-07-28.html,Anyma,melodic house,True
https://www.1001tracklists.com/tracklist/2p7gulgt/anyma-mainstage-tomorrowland-weekend-1-belgium-2024-07-20.html,Anyma,melodic house,True
https://www.1001tracklists.com/tracklist/tn17w49/anyma-voyager-stage-kappa-futurfestival-turin-italy-2024-07-05.html,Anyma,melodic house,True
https://www.1001tracklists.com/tracklist/2jl8jg29/anyma-afterlife-barcelona-spain-2024-06-15.html,Anyma,melodic house,True
https://www.1001tracklists.com/tracklist/16p4bn4t/anyma-circoloco-dc10-ibiza-spain-2024-06-10.html,Anyma,melodic house,True
https://www.1001tracklists.com/tracklist/1f5p7d01/anyma-afterlife-cdmx-mexico-2024-05-25.html,Anyma,melodic house,True
https://www.1001tracklists.com/tracklist/2duwsm41/anyma-afterlife-guadalajara-mexico-2024-05-17.html,Anyma,melodic house,True
https://www.1001tracklists.com/tracklist/2sy7yzq9/anyma-vac-vision-colour-music-festival-china-2024-05-03.html,Anyma,melodic house,True
https://www.1001tracklists.com/tracklist/pwgf5fk/anyma-genesys-opening-party-ushuaia-ibiza-spain-2024-04-27.html,Anyma,melodic house,True
https://www.1001tracklists.com/tracklist/1yvrhn01/anyma-genesys-ii-continuous-mix-2024-04-24.html,Anyma,melodic house,True
https://www.1001tracklists.com/tracklist/2vrm0ftt/anyma-sahara-coachella-festival-weekend-2-united-states-2024-04-21.html,Anyma,melodic house,True
https://www.1001tracklists.com/tracklist/1h12hvj9/eric-prydz-anyma-quasar-coachella-festival-weekend-2-united-states-2024-04-20.html,Anyma,melodic house,True
https://www.1001tracklists.com/tracklist/1f5g3tst/anyma-sahara-coachella-festival-weekend-1-united-states-2024-04-14.html,Anyma,melodic house,True
https://www.1001tracklists.com/tracklist/1c9un47t/anyma-afterlife-paris-la-defense-arena-2024-04-13.html,Anyma,melodic house,True
https://www.1001tracklists.com/tracklist/2mc677ut/anyma-afterlife-miami-marine-stadium-miami-music-week-united-states-2024-03-20.html,Anyma,melodic house,True
https://www.1001tracklists.com/tracklist/2mc54z51/anyma-bvlgari-seoul-south-korea-2024-03-14.html,Anyma,melodic house,True
https://www.1001tracklists.com/tracklist/19fyl4dk/anyma-afterlife-sao-paulo-brazil-2024-02-24.html,Anyma,melodic house,True
https://www.1001tracklists.com/tracklist/1t8jlzst/anyma-afterlife-lima-peru-2024-02-10.html,Anyma,melodic house,True
https://www.1001tracklists.com/tracklist/2fs3sjn1/anyma-afterlife-medellin-colombia-2024-02-03.html,Anyma,melodic house,True
https://www.1001tracklists.com/tracklist/20qr1n89/anyma-afterlife-tulum-mexico-2024-01-04.html,Anyma,melodic house,True
https://www.1001tracklists.com/tracklist/23j3c1p9/anyma-afterlife-santiago-chile-2023-12-31.html,Anyma,melodic house,True
https://www.1001tracklists.com/tracklist/1t7vmr9t/anyma-afterlife-los-angeles-united-states-2023-10-14.html,Anyma,melodic house,True
https://www.1001tracklists.com/tracklist/14s08v5k/anyma-afterlife-the-brooklyn-mirage-new-york-united-states-2023-09-09.html,Anyma,melodic house,True
https://www.1001tracklists.com/tracklist/1pj64z4k/anyma-freedom-stage-tomorrowland-weekend-1-belgium-2023-07-22.html,Anyma,melodic house,True
https://www.1001tracklists.com/tracklist/2tu4jkfk/anyma-afterlife-genesys-cincuentenario-stadium-medellin-colombia-2023-05-13.html,Anyma,melodic house,True
https://www.1001tracklists.com/tracklist/29zh5hm9/anyma-genesys-afterlife-parque-bicentenario-mexico-city-mexico-2023-05-06.html,Anyma,melodic house,True
https://www.1001tracklists.com/tracklist/1g192z69/anyma-genesys-afterlife-mandarine-park-buenos-aires-argentina-2023-04-08.html,Anyma,melodic house,True
https://www.1001tracklists.com/tracklist/2vpglvdt/anyma-afterlife-arca-sao-paulo-brazil-2023-03-11.html,Anyma,melodic house,True
https://www.1001tracklists.com/tracklist/1f2uyvd9/anyma-afterlife-genesys-printworks-london-united-kingdom-2022-11-25.html,Anyma,melodic house,True
https://www.1001tracklists.com/tracklist/2whwcbw1/anyma-rufus-du-sols-rose-ave-radio-013-2021-06-26.html,Anyma,melodic house,True
https://www.1001tracklists.com/tracklist/1w6j3l0k/massano-brunch-electronik-malaga-spain-2026-04-11.html,Massano,melodic house,True
https://www.1001tracklists.com/tracklist/13zkc6d1/massano-resistance-megastructure-ultra-music-festival-miami-united-states-2026-03-27.html,Massano,melodic house,True
https://www.1001tracklists.com/tracklist/25jcdl7t/massano-illusions-hangar-mar-serbia-2026-03-14.html,Massano,melodic house,True
https://www.1001tracklists.com/tracklist/19l4dpf1/massano-stereobloom-edc-mexico-2026-02-20.html,Massano,melodic house,True
https://www.1001tracklists.com/tracklist/1v8c5jck/massano-resistance-stage-ultra-buenos-aires-argentina-2026-02-15.html,Massano,melodic house,True
https://www.1001tracklists.com/tracklist/2s47zlh9/massano-ame-club-valinhos-brazil-2026-02-14.html,Massano,melodic house,True
https://www.1001tracklists.com/tracklist/1f994hf1/massano-jaigarh-fort-india-2026-02-11.html,Massano,melodic house,True
https://www.1001tracklists.com/tracklist/23nbs6tk/massano-zamna-tulum-mexico-2026-01-02.html,Massano,melodic house,True
https://www.1001tracklists.com/tracklist/n4d1jqt/massano-best-of-simulate-2025-2025-12-31.html,Massano,melodic house,True
https://www.1001tracklists.com/tracklist/2fw3cwm1/massano-sonara-festival-morocco-2025-12-27.html,Massano,melodic house,True
https://www.1001tracklists.com/tracklist/yd2usdk/massano-westside-pavilion-kolkata-india-2025-12-12.html,Massano,melodic house,True
https://www.1001tracklists.com/tracklist/2gtsss31/massano-drumcode-808-festival-thailand-2025-12-06.html,Massano,melodic house,True
https://www.1001tracklists.com/tracklist/2b4s6r9t/massano-wave-club-taipei-taiwan-2025-12-05.html,Massano,melodic house,True
https://www.1001tracklists.com/tracklist/1x3g8dxk/massano-laroc-club-sao-paulo-brazil-2025-11-22.html,Massano,melodic house,True
https://www.1001tracklists.com/tracklist/2dy1fjgt/massano-pop-up-the-bow-buenos-aires-argentina-2025-11-15.html,Massano,melodic house,True
https://www.1001tracklists.com/tracklist/115bn7c9/massano-simulate-buenos-aires-mandarine-park-buenos-aires-argentina-2025-11-14.html,Massano,melodic house,True
https://www.1001tracklists.com/tracklist/crv0j21/massano-chris-avantgarde-espacio-riesco-santiago-chile-2025-11-08.html,Massano,melodic house,True
https://www.1001tracklists.com/tracklist/m6863gk/massano-quito-exhibition-center-ecuador-2025-11-07.html,Massano,melodic house,True
https://www.1001tracklists.com/tracklist/15u4y3v1/massano-hive-dxb-soho-garden-dubai-united-arab-emirates-2025-10-11.html,Massano,melodic house,True
https://www.1001tracklists.com/tracklist/27bws0m9/massano-resistance-stage-ultra-music-festival-korea-south-korea-2025-09-20.html,Massano,melodic house,True
https://www.1001tracklists.com/tracklist/1kxf220t/massano-cermodern-ankara-turkey-2025-09-13.html,Massano,melodic house,True
https://www.1001tracklists.com/tracklist/1sftyggk/stephan-bodzin-massano-rise-stage-loveland-festival-netherlands-2025-08-10.html,Massano,melodic house,True
https://www.1001tracklists.com/tracklist/19jyprbt/massano-opera-stage-street-parade-zurich-switzerland-2025-08-09.html,Massano,melodic house,True
https://www.1001tracklists.com/tracklist/1tck1n7k/massano-crystal-garden-stage-tomorrowland-weekend-2-belgium-2025-07-25.html,Massano,melodic house,True
https://www.1001tracklists.com/tracklist/106rzmjk/massano-voyager-stage-kappa-futurfestival-turin-italy-2025-07-05.html,Massano,melodic house,True
https://www.1001tracklists.com/tracklist/l7q4f2t/massano-stora-sundby-castle-sweden-2025-06-28.html,Massano,melodic house,True
https://www.1001tracklists.com/tracklist/1qkyx4j1/massano-galactic-circus-unvrs-ibiza-spain-2025-06-27.html,Massano,melodic house,True
https://www.1001tracklists.com/tracklist/1tcbcdsk/massano-club-space-miami-united-states-2025-06-21.html,Massano,melodic house,True
https://www.1001tracklists.com/tracklist/1qkwr399/massano-grand-quai-du-port-de-montreal-canada-2025-06-14.html,Massano,melodic house,True
https://www.1001tracklists.com/tracklist/1lupqbbk/massano-knockdown-center-new-york-united-states-2025-06-13.html,Massano,melodic house,True
https://www.1001tracklists.com/tracklist/1qkvf1lt/massano-oca-stage-so-track-boa-festival-brazil-2025-06-06.html,Massano,melodic house,True
https://www.1001tracklists.com/tracklist/n34ctv9/massano-ribblehead-viaduct-united-kingdom-2025-06-05.html,Massano,melodic house,True
https://www.1001tracklists.com/tracklist/1224bnnk/massano-flexanima-maximum-uniq-acikhava-istanbul-turkey-2025-05-24.html,Massano,melodic house,True
https://www.1001tracklists.com/tracklist/24jnbjgt/massano-natural-full-album-mix-2025-04-28.html,Massano,melodic house,True
https://www.1001tracklists.com/tracklist/1kwkbufk/mind-against-massano-yuma-coachella-festival-weekend-2-united-states-2025-04-19.html,Massano,melodic house,True
https://www.1001tracklists.com/tracklist/pysupft/massano-chris-avantgarde-umf-radio-830-2025-04-05.html,Massano,melodic house,True
https://www.1001tracklists.com/tracklist/l74jg6t/armin-van-buuren-massano-dance-department-2025-03-29.html,Massano,melodic house,True
https://www.1001tracklists.com/tracklist/1qkfkxwt/massano-chris-avantgarde-resistance-the-cove-ultra-music-festival-miami-united-states-2025-03-29.html,Massano,melodic house,True
https://www.1001tracklists.com/tracklist/2dwcd4mt/massano-drumcode-radio-757-savaya-bali-indonesia-2024-12-07-2025-01-31.html,Massano,melodic house,True
https://www.1001tracklists.com/tracklist/16s44rd9/massano-mute-mar-del-plata-argentina-2025-01-25.html,Massano,melodic house,True
https://www.1001tracklists.com/tracklist/1bfp0t2k/massano-afterlife-zamna-tulum-mexico-2025-01-06.html,Massano,melodic house,True
https://www.1001tracklists.com/tracklist/2fu1fbj9/massano-the-end-of-genesys-sphere-las-vegas-united-states-2024-12-31.html,Massano,melodic house,True
https://www.1001tracklists.com/tracklist/16pss859/massano-storm-electronic-music-festival-china-2024-10-02.html,Massano,melodic house,True
https://www.1001tracklists.com/tracklist/1scw9sh9/massano-resistance-after-party-womb-tokyo-japan-2024-09-15.html,Massano,melodic house,True
https://www.1001tracklists.com/tracklist/m3t5mc1/massano-resistance-stage-ultra-music-festival-japan-2024-09-15.html,Massano,melodic house,True
https://www.1001tracklists.com/tracklist/112mjn79/chris-avantgarde-massano-afterlife-hi-ibiza-spain-2024-08-01.html,Massano,melodic house,True
https://www.1001tracklists.com/tracklist/13wlqnb1/massano-crystal-garden-stage-tomorrowland-weekend-2-belgium-2024-07-27.html,Massano,melodic house,True
https://www.1001tracklists.com/tracklist/2hnqfn41/massano-umf-radio-794-2024-07-27.html,Massano,melodic house,True
https://www.1001tracklists.com/tracklist/1xygmmnt/massano-resistance-stage-ultra-europe-croatia-2024-07-14.html,Massano,melodic house,True
https://www.1001tracklists.com/tracklist/hd39s7k/massano-nsd-mainstage-so-track-boa-festival-sao-paulo-brazil-2024-06-15.html,Massano,melodic house,True
https://www.1001tracklists.com/tracklist/2b1kldpk/massano-drumcode-radio-721-2024-05-28.html,Massano,melodic house,True
https://www.1001tracklists.com/tracklist/rs91p71/massano-afterlife-cdmx-mexico-2024-05-25.html,Massano,melodic house,True
https://www.1001tracklists.com/tracklist/1kvcmcs1/massano-upperground-atlas-arena-poland-2024-05-11.html,Massano,melodic house,True
https://www.1001tracklists.com/tracklist/2hnj47t9/massano-resistance-stage-ultra-music-festival-peru-2024-04-20.html,Massano,melodic house,True
https://www.1001tracklists.com/tracklist/1jwjml3k/massano-chris-avantgarde-resistance-the-cove-ultra-music-festival-miami-united-states-2024-03-22.html,Massano,melodic house,True
https://www.1001tracklists.com/tracklist/1t95017k/massano-mute-mar-del-plata-argentina-2024-01-27.html,Massano,melodic house,True
https://www.1001tracklists.com/tracklist/xb730g1/massano-fngrs-crssd-wall-stage-proper-nye-united-states-2023-12-31.html,Massano,melodic house,True
https://www.1001tracklists.com/tracklist/1jvxlb0k/massano-zerotokyo-japan-2023-12-08.html,Massano,melodic house,True
https://www.1001tracklists.com/tracklist/10421jlt/massano-frequency-arena-maipu-mendonza-argentina-2023-11-19.html,Massano,melodic house,True
https://www.1001tracklists.com/tracklist/2sy0vq89/massano-ame-club-valinhos-brazil-2023-11-11.html,Massano,melodic house,True
https://www.1001tracklists.com/tracklist/14s23sx9/massano-radio-1s-essential-mix-2023-09-23.html,Massano,melodic house,True
https://www.1001tracklists.com/tracklist/tlfpud1/massano-umf-radio-749-2023-09-20.html,Massano,melodic house,True
https://www.1001tracklists.com/tracklist/15plwc9k/massano-crystal-garden-stage-tomorrowland-weekend-2-belgium-2023-07-30.html,Massano,melodic house,True
https://www.1001tracklists.com/tracklist/mz7plc9/massano-resistance-stage-ultra-europe-croatia-2023-07-08.html,Massano,melodic house,True
https://www.1001tracklists.com/tracklist/2s40tg71/massano-saintwhoo-music-art-festival-switzerland-2023-05-28.html,Massano,melodic house,True
https://www.1001tracklists.com/tracklist/nwspf51/massano-time-warp-brasil-brazil-2023-05-07.html,Massano,melodic house,True
https://www.1001tracklists.com/tracklist/clmgc69/massano-bolu-sight-sound-sessions-017-turkey-2023-04-14.html,Massano,melodic house,True
https://www.1001tracklists.com/tracklist/cls5f5t/massano-afterlife-mandarine-park-buenos-aires-argentina-2023-04-07.html,Massano,melodic house,True
https://www.1001tracklists.com/tracklist/1ju96j19/massano-one-world-radio-the-20-of-2023-2023-01-16.html,Massano,melodic house,True
https://www.1001tracklists.com/tracklist/29yyrhl9/massano-afterlife-zamna-tulum-mexico-2023-01-04.html,Massano,melodic house,True
https://www.1001tracklists.com/tracklist/1qcvh5kk/massano-make-a-dance-tim-hox-effemar-the-future-four-018-one-world-radio-2022-05-24.html,Massano,melodic house,True
https://www.1001tracklists.com/tracklist/1hugn3k1/massano-afterlife-zamna-tulum-mexico-2022-01-04.html,Massano,melodic house,True
https://www.1001tracklists.com/tracklist/2n4r07n1/oostil-massano-the-element-mt-aether-the-project-budapest-madam-urban-music-hall-hungary-2021-12-30.html,Massano,melodic house,True
https://www.1001tracklists.com/tracklist/jdt89v9/massano-melodic-district-podcast-series-4-2021-01-12.html,Massano,melodic house,True
https://www.1001tracklists.com/tracklist/1t48l2tt/massano-melodic-deep-x-mind-matter-liverpool-united-kingdom-2020-12-03.html,Massano,melodic house,True
https://www.1001tracklists.com/tracklist/1xxp77kt/massano-mind-matter-the-next-wave-2020-08-08.html,Massano,melodic house,True
https://www.1001tracklists.com/tracklist/p21qwpk/monolink-the-beauty-of-it-all-holzmarkt-berlin-germany-2025-12-10.html,Monolink,melodic house,True
https://www.1001tracklists.com/tracklist/2pbqqpkt/monolink-the-beauty-of-it-all-tour-melkweg-amsterdam-dance-event-netherlands-2025-10-22.html,Monolink,melodic house,True
https://www.1001tracklists.com/tracklist/2s3ll001/monolink-arrival-stage-playground-burning-man-united-states-2025-09-29.html,Monolink,melodic house,True
https://www.1001tracklists.com/tracklist/1306mxf1/monolink-cercle-odyssey-paris-france-2025-06-01.html,Monolink,melodic house,True
https://www.1001tracklists.com/tracklist/1ppgucy1/monolink-junkyard-stage-lightning-in-a-bottle-festival-united-states-2025-05-23.html,Monolink,melodic house,True
https://www.1001tracklists.com/tracklist/hddr2u1/monolink-opera-stage-street-parade-zurich-switzerland-2024-08-10.html,Monolink,melodic house,True
https://www.1001tracklists.com/tracklist/1pj93w81/monolink-icon-festival-stage-smale-park-cincinnati-united-states-2023-08-09.html,Monolink,melodic house,True
https://www.1001tracklists.com/tracklist/1u4sfbfk/monolink-gobi-tent-coachella-festival-weekend-2-united-states-2023-04-22.html,Monolink,melodic house,True
https://www.1001tracklists.com/tracklist/22jyf1f1/monolink-gobi-coachella-festival-weekend-1-united-states-2023-04-15.html,Monolink,melodic house,True
https://www.1001tracklists.com/tracklist/2jj3chmt/monolink-volkswagen-arena-istanbul-turkey-2022-11-26.html,Monolink,melodic house,True
https://www.1001tracklists.com/tracklist/2n6g23j9/monolink-triple-j-mix-up-2022-10-29.html,Monolink,melodic house,True
https://www.1001tracklists.com/tracklist/16kyvvp9/monolink-playalchemist-pyramid-burning-man-united-states-2022-09-03.html,Monolink,melodic house,True
https://www.1001tracklists.com/tracklist/k4jzsnt/monolink-mayan-warrior-burning-man-united-states-2022-09-02.html,Monolink,melodic house,True
https://www.1001tracklists.com/tracklist/2dvcv9f9/monolink-deer-jade-maxa-xaman-burning-man-united-states-2022-09-01.html,Monolink,melodic house,True
https://www.1001tracklists.com/tracklist/bms46j1/monolink-spotify-dj-mix-2022-08-24.html,Monolink,melodic house,True
https://www.1001tracklists.com/tracklist/h8gt9q1/monolink-mts-dance-arena-exit-festival-serbia-2022-07-10.html,Monolink,melodic house,True
https://www.1001tracklists.com/tracklist/28zvxj29/monolink-mandarine-park-buenos-aires-argentina-2022-05-17.html,Monolink,melodic house,True
https://www.1001tracklists.com/tracklist/zywpum9/monolink-gaathafushi-island-maldives-cercle-2021-07-26.html,Monolink,melodic house,True
https://www.1001tracklists.com/tracklist/2whtfym1/monolink-siriusxm-guest-room-mix-2021-06-11.html,Monolink,melodic house,True
https://www.1001tracklists.com/tracklist/1dzcydpk/monolink-rufus-du-sols-rose-ave-radio-010-2021-03-20.html,Monolink,melodic house,True
https://www.1001tracklists.com/tracklist/1hsn2gj1/monolink-beatport-live-monolink-and-friends-2021-02-24.html,Monolink,melodic house,True
https://www.1001tracklists.com/tracklist/2cqdwxl9/monolink-siriusxm-day-life-radio-nye-2021-01-01.html,Monolink,melodic house,True
https://www.1001tracklists.com/tracklist/g77xzd9/monolink-melody-hunters-live-001-2020-10-01.html,Monolink,melodic house,True
https://www.1001tracklists.com/tracklist/270kw61t/monolink-berlin-tv-tower-germany-beatport-live-2020-07-09.html,Monolink,melodic house,True
https://www.1001tracklists.com/tracklist/2fj90mz9/monolink-the-anjunadeep-edition-279-2019-11-21.html,Monolink,melodic house,True
https://www.1001tracklists.com/tracklist/u89plct/monolink-1live-dj-session-2019-02-02.html,Monolink,melodic house,True
https://www.1001tracklists.com/tracklist/1wrknk21/monolink-mayan-warrior-burning-man-united-states-2018-09-01.html,Monolink,melodic house,True
https://www.1001tracklists.com/tracklist/d8t0sp9/monolink-the-boom-room-221-2018-09-01.html,Monolink,melodic house,True
https://www.1001tracklists.com/tracklist/2gfk1f7k/monolink-sonnendeck-fusion-festival-germany-2018-06-30.html,Monolink,melodic house,True
https://www.1001tracklists.com/tracklist/1q5mpps1/monolink-deep-house-london-mixtape-215-2018-06-12.html,Monolink,melodic house,True
https://www.1001tracklists.com/tracklist/1jnfntc9/monolink-mixmag-the-lab-los-angeles-united-states-2018-05-11.html,Monolink,melodic house,True
https://www.1001tracklists.com/tracklist/245gnurt/monolink-tanzwuste-fusion-festival-germany-2015-07-07.html,Monolink,melodic house,True
https://www.1001tracklists.com/tracklist/2uwrpur9/monolink-querfeld-stage-fusion-festival-germany-2014-06-29.html,Monolink,melodic house,True
https://www.1001tracklists.com/tracklist/m70j3y1/ben-bohmer-perrys-stage-lollapalooza-chile-2026-03-13.html,Benbohmer,melodic house,True
https://www.1001tracklists.com/tracklist/2d0dmt8k/ben-bohmer-apple-music-mixes-fitness-gym-december-2025-2025-12-11.html,Benbohmer,melodic house,True
https://www.1001tracklists.com/tracklist/2vuuq1vt/ben-bohmer-zerotokyo-japan-2025-11-08.html,Benbohmer,melodic house,True
https://www.1001tracklists.com/tracklist/2b41t8b9/ben-bohmer-krizikova-fontana-prague-czech-republic-2025-08-10.html,Benbohmer,melodic house,True
https://www.1001tracklists.com/tracklist/kb1xt71/ben-bohmer-the-dome-at-grand-central-hall-liverpool-2025-08-02.html,Benbohmer,melodic house,True
https://www.1001tracklists.com/tracklist/2s30zb4k/ben-bohmer-finsbury-park-london-united-kingdom-2025-08-01.html,Benbohmer,melodic house,True
https://www.1001tracklists.com/tracklist/20ttlqq9/ben-bohmer-festival-dei-due-mondi-spoleto-italy-2025-07-02.html,Benbohmer,melodic house,True
https://www.1001tracklists.com/tracklist/flhsj1t/ben-bohmer-cercle-odyssey-paris-france-2025-05-31.html,Benbohmer,melodic house,True
https://www.1001tracklists.com/tracklist/1jyrtuf1/ben-bohmer-sahara-coachella-festival-weekend-2-united-states-2025-04-20.html,Benbohmer,melodic house,True
https://www.1001tracklists.com/tracklist/17nqtss9/ben-bohmer-the-warfield-san-francisco-united-states-2025-04-17.html,Benbohmer,melodic house,True
https://www.1001tracklists.com/tracklist/1tbxhrx9/ben-bohmer-sahara-coachella-festival-weekend-1-united-states-2025-04-13.html,Benbohmer,melodic house,True
https://www.1001tracklists.com/tracklist/cplqj6t/ben-bohmer-bacardi-stage-lollapalooza-united-states-2024-08-04.html,Benbohmer,melodic house,True
https://www.1001tracklists.com/tracklist/pwx99s1/ben-bohmer-krizikova-fountain-prague-2024-07-21.html,Benbohmer,melodic house,True
https://www.1001tracklists.com/tracklist/rsl4rpk/ben-bohmer-madison-square-garden-new-york-united-states-2024-06-21.html,Benbohmer,melodic house,True
https://www.1001tracklists.com/tracklist/l5s1vs1/ben-bohmer-sonarclub-sonar-festival-spain-2024-06-14.html,Benbohmer,melodic house,True
https://www.1001tracklists.com/tracklist/1g3g4s2t/ben-bohmer-radius-stage-foundation-v10-pne-centre-grounds-canada-2024-05-18.html,Benbohmer,melodic house,True
https://www.1001tracklists.com/tracklist/2cx73qt9/ben-bohmer-al-fresco-picnic-musical-argentina-2024-04-28.html,Benbohmer,melodic house,True
https://www.1001tracklists.com/tracklist/1h0j7bft/ben-bohmer-ninja-tune-presents-downtempo-2024-01-12.html,Benbohmer,melodic house,True
https://www.1001tracklists.com/tracklist/12wr8c79/ben-bohmer-radius-chicago-united-states-2023-10-07.html,Benbohmer,melodic house,True
https://www.1001tracklists.com/tracklist/1v3lkxy9/ben-bohmer-shrine-expo-hall-los-angeles-united-states-2023-09-15.html,Benbohmer,melodic house,True
https://www.1001tracklists.com/tracklist/k5p85gt/ben-bohmer-forbidden-fruit-festival-ireland-2023-06-03.html,Benbohmer,melodic house,True
https://www.1001tracklists.com/tracklist/1rcfxyg1/ben-bohmer-estragon-bologna-italy-2023-03-22.html,Benbohmer,melodic house,True
https://www.1001tracklists.com/tracklist/14qjd1ct/ben-bohmer-o2-academy-brixton-united-kingdom-2022-10-28.html,Benbohmer,melodic house,True
https://www.1001tracklists.com/tracklist/nvm2581/ben-bohmer-new-dance-order-stage-rock-in-rio-brazil-2022-09-08.html,Benbohmer,melodic house,True
https://www.1001tracklists.com/tracklist/1xuvm94k/ben-bohmer-apple-music-mixes-early-hours-2022-08-26.html,Benbohmer,melodic house,True
https://www.1001tracklists.com/tracklist/2gm40zgt/ben-bohmer-group-therapy-weekender-the-gorge-amphitheater-george-united-states-2022-07-24.html,Benbohmer,melodic house,True
https://www.1001tracklists.com/tracklist/1kr2pmxt/ben-bohmer-cova-santa-ibiza-spain-2022-07-04.html,Benbohmer,melodic house,True
https://www.1001tracklists.com/tracklist/14pnjm01/ben-bohmer-skyline-festival-united-states-2022-05-28.html,Benbohmer,melodic house,True
https://www.1001tracklists.com/tracklist/1vyr64gt/ben-bohmer-neongarden-edc-las-vegas-united-states-2022-05-20.html,Benbohmer,melodic house,True
https://www.1001tracklists.com/tracklist/2vmuclxt/ben-bohmer-brooklyn-steel-new-york-city-united-states-2022-04-23.html,Benbohmer,melodic house,True
https://www.1001tracklists.com/tracklist/2740chy1/ben-bohmer-1live-dj-session-2022-04-02.html,Benbohmer,melodic house,True
https://www.1001tracklists.com/tracklist/26c45ut1/ben-bohmer-concord-music-hall-chicago-united-states-2022-03-26.html,Benbohmer,melodic house,True
https://www.1001tracklists.com/tracklist/my79rvt/ben-bohmer-roundhouse-london-united-kingdom-2022-02-18.html,Benbohmer,melodic house,True
https://www.1001tracklists.com/tracklist/1wvthvb9/ben-bohmer-rob-moose-the-apparitions-continuous-mix-2022-01-28.html,Benbohmer,melodic house,True
https://www.1001tracklists.com/tracklist/265cwwn9/pete-tong-ben-bohmer-essential-selection-2021-11-12.html,Benbohmer,melodic house,True
https://www.1001tracklists.com/tracklist/2qxrh9mk/ben-bohmer-europes-biggest-dance-show-radio-fritz-2021-10-29.html,Benbohmer,melodic house,True
https://www.1001tracklists.com/tracklist/tgp8yd9/ben-bohmer-radio-1s-essential-mix-2021-10-08.html,Benbohmer,melodic house,True
https://www.1001tracklists.com/tracklist/1u1pum81/ben-bohmer-konig-galerie-berlin-germany-2021-09-26.html,Benbohmer,melodic house,True
https://www.1001tracklists.com/tracklist/29w9yyt9/above-and-beyond-ben-bohmer-group-therapy-radio-453-2021-09-24.html,Benbohmer,melodic house,True
https://www.1001tracklists.com/tracklist/1xsswsgk/ben-bohmer-anjunadeep-open-air-the-drumsheds-london-united-kingdom-2021-09-05.html,Benbohmer,melodic house,True
https://www.1001tracklists.com/tracklist/2gjpvvbk/ben-bohmer-kliemannsland-germany-2021-05-30.html,Benbohmer,melodic house,True
https://www.1001tracklists.com/tracklist/1u11n9mk/ben-bohmer-pmhall-kyiv-ukraine-2021-05-21.html,Benbohmer,melodic house,True
https://www.1001tracklists.com/tracklist/2cr4f4vk/ben-bohmer-sputnik-club-2021-04-24.html,Benbohmer,melodic house,True
https://www.1001tracklists.com/tracklist/2dnq8tb1/ben-bohmer-triple-j-mix-up-2021-03-27.html,Benbohmer,melodic house,True
https://www.1001tracklists.com/tracklist/2k8m3j59/ben-bohmer-hot-air-balloon-over-cappadocia-turkey-cercle-2020-08-31.html,Benbohmer,melodic house,True
https://www.1001tracklists.com/tracklist/2jbt0d29/dennis-ruyer-ben-bohmer-dance-department-774-2020-08-27.html,Benbohmer,melodic house,True
https://www.1001tracklists.com/tracklist/rjjxn59/ben-bohmer-home-dj-session-germany-2020-06-17.html,Benbohmer,melodic house,True
https://www.1001tracklists.com/tracklist/2nyyc21k/ben-bohmer-rev-ultra-lounge-minneapolis-united-states-2020-02-16.html,Benbohmer,melodic house,True
https://www.1001tracklists.com/tracklist/2bqy4whk/ben-bohmer-anjunadeep-printworks-london-united-kingdom-2019-12-14.html,Benbohmer,melodic house,True
https://www.1001tracklists.com/tracklist/1vu1mgn9/ben-bohmer-breathing-official-album-continuous-mix-2019-11-22.html,Benbohmer,melodic house,True
https://www.1001tracklists.com/tracklist/2hcwgrqk/above-and-beyond-ben-bohmer-group-therapy-radio-356-2019-11-22.html,Benbohmer,melodic house,True
https://www.1001tracklists.com/tracklist/1kl3hj6t/ben-bohmer-anjunadeep-open-air-prague-czech-republic-2019-10-13.html,Benbohmer,melodic house,True
https://www.1001tracklists.com/tracklist/2fj24su9/ben-bohmer-pryda-arena-electric-zoo-united-states-2019-08-31.html,Benbohmer,melodic house,True
https://www.1001tracklists.com/tracklist/1lhrlhvt/ben-bohmer-anjunadeep-open-air-london-united-kingdom-beatport-live-2019-08-11.html,Benbohmer,melodic house,True
https://www.1001tracklists.com/tracklist/10tgy2p9/ben-bohmer-group-therapy-weekender-the-gorge-amphitheater-george-united-states-2019-07-28.html,Benbohmer,melodic house,True
https://www.1001tracklists.com/tracklist/2tlglsf9/ben-bohmer-abgt-300-asiaworld-expo-hong-kong-2018-09-29.html,Benbohmer,melodic house,True
https://www.1001tracklists.com/tracklist/d8l6r41/ben-bohmer-the-anjunadeep-edition-208-2018-07-05.html,Benbohmer,melodic house,True
https://www.1001tracklists.com/tracklist/nnhyvk9/ben-bohmer-anjunakitchen-london-united-kingdom-2018-03-16.html,Benbohmer,melodic house,True
https://www.1001tracklists.com/tracklist/1dv8wqft/above-and-beyond-ben-bohmer-group-therapy-radio-270-2018-02-16.html,Benbohmer,melodic house,True
https://www.1001tracklists.com/tracklist/28t0k3r9/ben-bohmer-the-anjunadeep-edition-171-2017-10-12.html,Benbohmer,melodic house,True
https://www.1001tracklists.com/tracklist/2quc761k/ben-bohmer-distortion-festival-kopenhagen-2017-06-03.html,Benbohmer,melodic house,True
https://www.1001tracklists.com/tracklist/2wdqbwyt/ben-bohmer-one-day-festival-2014-06-21.html,Benbohmer,melodic house,True
https://www.1001tracklists.com/tracklist/ydkrwy9/rufus-du-sol-mercado-livre-arena-pacaembu-sao-paulo-brazil-2026-02-27.html,Rufusdusol,melodic house,True
https://www.1001tracklists.com/tracklist/kcc5vf1/arodes-rufus-du-sol-arcana-experience-festival-at-lomas-del-malbec-mendoza-argentina-2026-02-21.html,Rufusdusol,melodic house,True
https://www.1001tracklists.com/tracklist/115wx44t/manzone-strong-rufus-du-sol-manzone-strong-pres.-connected-radio-158-2026-01-24.html,Rufusdusol,melodic house,True
https://www.1001tracklists.com/tracklist/17q7jfqt/rufus-du-sol-new-years-eve-xs-nightclub-las-vegas-united-states-2026-01-01.html,Rufusdusol,melodic house,True
https://www.1001tracklists.com/tracklist/vlnh0x9/rufus-du-sol-inhale-slash-exhale-world-tour-rod-laver-arena-melbourne-australia-2025-11-15.html,Rufusdusol,melodic house,True
https://www.1001tracklists.com/tracklist/2km5lmvt/rufus-du-sol-inhale-slash-exhale-world-tour-rod-laver-arena-melbourne-australia-2025-11-14.html,Rufusdusol,melodic house,True
https://www.1001tracklists.com/tracklist/2mg3kfgk/rufus-du-sol-inhale-slash-exhale-world-tour-rose-bowl-stadium-pasadena-united-states-2025-08-16.html,Rufusdusol,melodic house,True
https://www.1001tracklists.com/tracklist/2fvcb1uk/rufus-du-sol-inhale-slash-exhale-world-tour-shoreline-amphitheatre-united-states-2025-08-14.html,Rufusdusol,melodic house,True
https://www.1001tracklists.com/tracklist/2c1vms1k/rufus-du-sol-inhale-slash-exhale-world-tour-utah-first-credit-union-amphitheatre-united-states-2025-08-10.html,Rufusdusol,melodic house,True
https://www.1001tracklists.com/tracklist/19jz4d2t/rufus-du-sol-inhale-slash-exhale-world-tour-dicks-sporting-goods-park-commerce-city-united-states-2025-08-09.html,Rufusdusol,melodic house,True
https://www.1001tracklists.com/tracklist/1j1l3hyt/rufus-du-sol-inhale-slash-exhale-world-tour-pine-knob-music-theatre-clarkston-united-states-2025-08-05.html,Rufusdusol,melodic house,True
https://www.1001tracklists.com/tracklist/1nql3gn1/rufus-du-sol-inhale-slash-exhale-world-tour-ruoff-music-center-noblesville-united-states-2025-08-03.html,Rufusdusol,melodic house,True
https://www.1001tracklists.com/tracklist/19jxh5y1/rufus-du-sol-t-mobile-lollapalooza-united-states-chicago-2025-08-02.html,Rufusdusol,melodic house,True
https://www.1001tracklists.com/tracklist/2kldum4k/rufus-du-sol-inhale-slash-exhale-world-tour-rbc-amphitheatre-toronto-canada-2025-07-30.html,Rufusdusol,melodic house,True
https://www.1001tracklists.com/tracklist/cr72c59/rufus-du-sol-inhale-slash-exhale-world-tour-rbc-amphitheatre-toronto-canada-2025-07-29.html,Rufusdusol,melodic house,True
https://www.1001tracklists.com/tracklist/2lj6r681/rufus-du-sol-inhale-slash-exhale-world-tour-xfinity-center-mansfield-united-states-2025-07-27.html,Rufusdusol,melodic house,True
https://www.1001tracklists.com/tracklist/1ql3hnz9/rufus-du-sol-inhale-slash-exhale-world-tour-sports-illustrated-stadium-harrison-united-states-2025-07-25.html,Rufusdusol,melodic house,True
https://www.1001tracklists.com/tracklist/1u96xuy9/rufus-du-sol-montreux-jazz-festival-switzerland-2025-06-30.html,Rufusdusol,melodic house,True
https://www.1001tracklists.com/tracklist/2uvy7pzt/rufus-du-sol-inhale-slash-exhale-world-tour-q2-stadium-austin-united-states-2025-04-26.html,Rufusdusol,melodic house,True
https://www.1001tracklists.com/tracklist/2uvr2c41/rufus-du-sol-estereo-picnic-bogota-colombia-2025-03-30.html,Rufusdusol,melodic house,True
https://www.1001tracklists.com/tracklist/20t8ugk9/rufus-du-sol-samsung-galaxy-stage-lollapalooza-brazil-2025-03-28.html,Rufusdusol,melodic house,True
https://www.1001tracklists.com/tracklist/dn9x6v9/rufus-du-sol-qualistage-rio-de-janeiro-brazil-2025-03-26.html,Rufusdusol,melodic house,True
https://www.1001tracklists.com/tracklist/2kkp6kt1/rufus-du-sol-lollapalooza-argentina-2025-03-23.html,Rufusdusol,melodic house,True
https://www.1001tracklists.com/tracklist/1d9kt0v1/rufus-du-sol-banco-de-chile-stage-lollapalooza-chile-2025-03-21.html,Rufusdusol,melodic house,True
https://www.1001tracklists.com/tracklist/1v6pb4wt/rufus-du-sol-inhale-slash-exhale-world-tour-costa21-lima-peru-2025-03-19.html,Rufusdusol,melodic house,True
https://www.1001tracklists.com/tracklist/1kwbudj1/rufus-du-sol-amazon-stage-vive-latino-festival-estadio-gnp-seguros-mexico-2025-03-17.html,Rufusdusol,melodic house,True
https://www.1001tracklists.com/tracklist/12zhfpgk/rufus-du-sol-estadio-3-de-marzo-guadalajara-mexico-2025-03-12.html,Rufusdusol,melodic house,True
https://www.1001tracklists.com/tracklist/20snvg9k/rufus-du-sol-apple-music-mixes-nye-2025-2024-12-18.html,Rufusdusol,melodic house,True
https://www.1001tracklists.com/tracklist/1xyp9bjk/rufus-du-sol-mayan-warrior-burning-man-united-states-2024-08-30.html,Rufusdusol,melodic house,True
https://www.1001tracklists.com/tracklist/1hzfx501/rufus-du-sol-mixmag-the-lab-london-united-kingdom-2024-08-01.html,Rufusdusol,melodic house,True
https://www.1001tracklists.com/tracklist/2q52s2bt/rufus-du-sol-junkyard-stage-lightning-in-a-bottle-festival-united-states-2024-05-26.html,Rufusdusol,melodic house,True
https://www.1001tracklists.com/tracklist/2khs81sk/rufus-du-sol-quasar-coachella-festival-weekend-2-united-states-2024-04-19.html,Rufusdusol,melodic house,True
https://www.1001tracklists.com/tracklist/2855u1n1/rufus-du-sol-valley-stage-beyond-the-valley-australia-2023-12-29.html,Rufusdusol,melodic house,True
https://www.1001tracklists.com/tracklist/1qgpfnw1/rufus-du-sol-miami-race-week-xs-nightclub-las-vegas-united-states-2023-11-19.html,Rufusdusol,melodic house,True
https://www.1001tracklists.com/tracklist/1hy0lzr9/rufus-du-sol-zamna-hipodromo-de-las-americas-mexico-city-mexico-2023-10-27.html,Rufusdusol,melodic house,True
https://www.1001tracklists.com/tracklist/2kgnv3vk/rufus-du-sol-official-life-is-beautiful-after-party-xs-nightclub-las-vegas-united-states-2023-09-22.html,Rufusdusol,melodic house,True
https://www.1001tracklists.com/tracklist/hbdh6r9/rufus-du-sol-icon-festival-stage-smale-park-cincinnati-united-states-2023-08-09.html,Rufusdusol,melodic house,True
https://www.1001tracklists.com/tracklist/l3vrbf1/rufus-du-sol-riviere-stage-osheaga-festival-canada-2023-08-04.html,Rufusdusol,melodic house,True
https://www.1001tracklists.com/tracklist/13tzghd9/rufus-du-sol-rose-ave-radio-022-2023-07-25.html,Rufusdusol,melodic house,True
https://www.1001tracklists.com/tracklist/2r0wxx6t/rufus-du-sol-sundream-baja-mexico-2023-05-13.html,Rufusdusol,melodic house,True
https://www.1001tracklists.com/tracklist/nwrd3vt/rufus-du-sol-palacio-de-los-deportes-mexico-city-mexico-2023-04-30.html,Rufusdusol,melodic house,True
https://www.1001tracklists.com/tracklist/puk1pdk/rufus-du-sol-festival-vaiven-mexico-2023-04-29.html,Rufusdusol,melodic house,True
https://www.1001tracklists.com/tracklist/qs4ncl1/rufus-du-sol-rose-ave-radio-2023-03-23.html,Rufusdusol,melodic house,True
https://www.1001tracklists.com/tracklist/17jwtu01/rufus-du-sol-rose-avenue-club-space-miami-united-states-2023-03-21.html,Rufusdusol,melodic house,True
https://www.1001tracklists.com/tracklist/1hwph1jt/rufus-du-sol-rose-ave-radio-021-2023-02-25.html,Rufusdusol,melodic house,True
https://www.1001tracklists.com/tracklist/21lgtb51/rufus-du-sol-sydney-harbour-australia-beatport-live-2022-11-20.html,Rufusdusol,melodic house,True
https://www.1001tracklists.com/tracklist/z3txm11/rufus-du-sol-triple-j-mix-up-2022-10-29.html,Rufusdusol,melodic house,True
https://www.1001tracklists.com/tracklist/rp7fhlt/rufus-du-sol-surrender-tour-orlando-amphitheater-united-states-2022-10-22.html,Rufusdusol,melodic house,True
https://www.1001tracklists.com/tracklist/15n4qwz9/rufus-du-sol-rose-ave-radio-019-2022-09-29.html,Rufusdusol,melodic house,True
https://www.1001tracklists.com/tracklist/1phblspk/rufus-du-sol-lowlands-festival-netherlands-2022-08-21.html,Rufusdusol,melodic house,True
https://www.1001tracklists.com/tracklist/1njfpt0t/rufus-du-sol-rose-ave-radio-018-2022-06-25.html,Rufusdusol,melodic house,True
https://www.1001tracklists.com/tracklist/ufwwnuk/rufus-du-sol-forest-hills-stadium-new-york-city-united-states-2022-06-11.html,Rufusdusol,melodic house,True
https://www.1001tracklists.com/tracklist/1d5bys6k/rufus-du-sol-sundream-tulum-mexico-2022-03-12.html,Rufusdusol,melodic house,True
https://www.1001tracklists.com/tracklist/2kcmz2q1/rufus-du-sol-rose-ave-radio-017-2022-02-26.html,Rufusdusol,melodic house,True
https://www.1001tracklists.com/tracklist/1nhfhj8t/rufus-du-sol-the-cityfox-odyssey-avant-gardner-new-york-united-states-2021-12-31.html,Rufusdusol,melodic house,True
https://www.1001tracklists.com/tracklist/16j6hp99/rufus-du-sol-rose-ave-radio-016-2021-12-01.html,Rufusdusol,melodic house,True
https://www.1001tracklists.com/tracklist/mw38679/rufus-du-sol-banc-of-california-stadium-los-angeles-united-states-2021-11-14.html,Rufusdusol,melodic house,True
https://www.1001tracklists.com/tracklist/22g1sf7t/rufus-du-sol-club-space-miami-united-states-beatport-live-2021-10-24.html,Rufusdusol,melodic house,True
https://www.1001tracklists.com/tracklist/vb6j2n1/rufus-du-sol-rose-ave-radio-015-2021-09-25.html,Rufusdusol,melodic house,True
https://www.1001tracklists.com/tracklist/1c4n0xmk/pete-tong-burns-rfs-du-sol-essential-selection-2021-08-13.html,Rufusdusol,melodic house,True
https://www.1001tracklists.com/tracklist/ud5w6v1/rufus-du-sol-red-rocks-amphitheatre-united-states-2021-08-11.html,Rufusdusol,melodic house,True
https://www.1001tracklists.com/tracklist/ch7pmu9/rufus-du-sol-rose-ave-radio-014-2021-07-24.html,Rufusdusol,melodic house,True
https://www.1001tracklists.com/tracklist/2whw9v0t/rufus-du-sol-rose-ave-radio-013-2021-06-26.html,Rufusdusol,melodic house,True
https://www.1001tracklists.com/tracklist/cgzf7vk/rufus-du-sol-siriusxm-dance-again-virtual-festival-2021-05-29.html,Rufusdusol,melodic house,True
https://www.1001tracklists.com/tracklist/22f6l9ht/rufus-du-sol-rose-ave-radio-012-2021-05-22.html,Rufusdusol,melodic house,True
https://www.1001tracklists.com/tracklist/pqk2nd1/rufus-du-sol-rose-ave-radio-011-2021-04-24.html,Rufusdusol,melodic house,True
https://www.1001tracklists.com/tracklist/2m58m269/rufus-du-sol-rose-ave-radio-010-2021-03-20.html,Rufusdusol,melodic house,True
https://www.1001tracklists.com/tracklist/2srxrjt1/rufus-du-sol-rose-ave-radio-009-2021-02-20.html,Rufusdusol,melodic house,True
https://www.1001tracklists.com/tracklist/1zm0vcvk/rufus-du-sol-rose-ave-radio-008-2021-01-16.html,Rufusdusol,melodic house,True
https://www.1001tracklists.com/tracklist/255r8n3k/rufus-du-sol-apple-music-nye-2021-dj-mix-2020-12-23.html,Rufusdusol,melodic house,True
https://www.1001tracklists.com/tracklist/2ghkx249/rufus-du-sol-rose-ave-radio-007-2020-11-14.html,Rufusdusol,melodic house,True
https://www.1001tracklists.com/tracklist/1pbqzb91/rufus-du-sol-rose-ave-radio-006-2020-10-10.html,Rufusdusol,melodic house,True
https://www.1001tracklists.com/tracklist/2tnv3ht9/rufus-du-sol-rose-ave-radio-005-2020-09-05.html,Rufusdusol,melodic house,True
https://www.1001tracklists.com/tracklist/2n20uub9/rufus-du-sol-electric-zoo-siriusxm-weekend-takeover-2020-09-04.html,Rufusdusol,melodic house,True
https://www.1001tracklists.com/tracklist/1vv1nmb9/rufus-du-sol-rose-ave-radio-004-2020-08-08.html,Rufusdusol,melodic house,True
https://www.1001tracklists.com/tracklist/2m3zyh1t/rufus-du-sol-rose-ave-radio-003-2020-07-11.html,Rufusdusol,melodic house,True
https://www.1001tracklists.com/tracklist/1pb9htq1/rufus-du-sol-radio.com-presents-party-in-place-2020-07-03.html,Rufusdusol,melodic house,True
https://www.1001tracklists.com/tracklist/10uhv101/rufus-du-sol-rose-ave-radio-002-2020-06-06.html,Rufusdusol,melodic house,True
https://www.1001tracklists.com/tracklist/2rsps1d9/rufus-du-sol-rose-ave-radio-001-2020-05-07.html,Rufusdusol,melodic house,True
https://www.1001tracklists.com/tracklist/2dlvq141/rufus-du-sol-beatport-live-reconnect-2020-03-27.html,Rufusdusol,melodic house,True
https://www.1001tracklists.com/tracklist/1r5cbp01/rufus-du-sol-okeechobee-music-festival-united-states-2020-03-05.html,Rufusdusol,melodic house,True
https://www.1001tracklists.com/tracklist/2hd7f5l9/rufus-du-sol-joshua-tree-national-park-united-states-2020-03-04.html,Rufusdusol,melodic house,True
https://www.1001tracklists.com/tracklist/bgtcjh1/rufus-du-sol-igloofest-montreal-canada-2020-01-31.html,Rufusdusol,melodic house,True
https://www.1001tracklists.com/tracklist/1t0k9hy9/rufus-du-sol-opulent-temple-burning-man-united-states-2019-09-01.html,Rufusdusol,melodic house,True
https://www.1001tracklists.com/tracklist/1fv1u4m9/rufus-du-sol-robot-heart-burning-man-united-states-2019-08-30.html,Rufusdusol,melodic house,True
https://www.1001tracklists.com/tracklist/195r8v0k/rufus-du-sol-keinemusik-radio-show-2019-08-16.html,Rufusdusol,melodic house,True
https://www.1001tracklists.com/tracklist/2dl5nlx1/rufus-du-sol-bud-light-stage-lollapalooza-united-states-2019-08-01.html,Rufusdusol,melodic house,True
https://www.1001tracklists.com/tracklist/1wrfxz3t/rufus-du-sol-triple-j-mix-up-2019-06-29.html,Rufusdusol,melodic house,True
https://www.1001tracklists.com/tracklist/16cyg0w9/rufus-du-sol-outdoor-theatre-coachella-festival-united-states-2019-04-12.html,Rufusdusol,melodic house,True
https://www.1001tracklists.com/tracklist/1q656g2t/rufus-du-sol-bbc-radio-1-essential-mix-2018-12-01.html,Rufusdusol,melodic house,True
https://www.1001tracklists.com/tracklist/11q6dywk/rufus-du-sol-mixmag-cover-mix-2018-08-20.html,Rufusdusol,melodic house,True
https://www.1001tracklists.com/tracklist/2cygh3l9/rufus-du-sol-decadence-colorado-united-states-2017-12-31.html,Rufusdusol,melodic house,True
https://www.1001tracklists.com/tracklist/ulwzv6t/rufus-du-sol-decadence-arizona-united-states-2017-12-30.html,Rufusdusol,melodic house,True
https://www.1001tracklists.com/tracklist/1n9cc2fk/rufus-du-sol-austin-city-limits-music-festival-united-states-2017-10-07.html,Rufusdusol,melodic house,True
https://www.1001tracklists.com/tracklist/2gcnqux9/rufus-du-sol-favela-bar-lightning-in-a-bottle-festival-united-states-2017-08-02.html,Rufusdusol,melodic house,True
https://www.1001tracklists.com/tracklist/1cwubmc9/rufus-du-sol-anjunadeep-stage-spring-awakening-music-festival-united-states-2017-06-10.html,Rufusdusol,melodic house,True
https://www.1001tracklists.com/tracklist/1byygc49/rufus-du-sol-do-lab-coachella-festival-weekend-2-united-states-2017-04-23.html,Rufusdusol,melodic house,True
https://www.1001tracklists.com/tracklist/2nv856jk/rufus-du-sol-do-lab-2016-06-09.html,Rufusdusol,melodic house,True
https://www.1001tracklists.com/tracklist/6ff55z1/rufus-du-sol-dvision-radio-035-2015-11-27.html,Rufusdusol,melodic house,True
https://www.1001tracklists.com/tracklist/2r14zhdt/rufus-du-sol-triple-j-mix-up-rufus-and-friends-takeover-2015-08-01.html,Rufusdusol,melodic house,True
https://www.1001tracklists.com/tracklist/1byuk779/rufus-du-sol-ripe-guest-mix-2013-05-07.html,Rufusdusol,melodic house,True
https://www.1001tracklists.com/tracklist/2m9yd811/rufus-du-sol-triple-j-mix-up-2011-08-13.html,Rufusdusol,melodic house,True
https://www.1001tracklists.com/tracklist/1g7gm599/sultan-plus-shepard-dialekt-radio-322-2026-04-12.html,Sultanplusshepard,melodic house,True
https://www.1001tracklists.com/tracklist/20vg9bd1/sultan-plus-shepard-dialekt-radio-321-2026-04-02.html,Sultanplusshepard,melodic house,True
https://www.1001tracklists.com/tracklist/q0hzb5t/sultan-plus-shepard-communicate-plus-continuous-mix-2026-03-26.html,Sultanplusshepard,melodic house,True
https://www.1001tracklists.com/tracklist/2hs7svf9/sultan-plus-shepard-dialekt-radio-320-2026-03-26.html,Sultanplusshepard,melodic house,True
https://www.1001tracklists.com/tracklist/1f9jtg8t/sultan-plus-shepard-dialekt-radio-319-2026-03-20.html,Sultanplusshepard,melodic house,True
https://www.1001tracklists.com/tracklist/25jbqxvk/sultan-plus-shepard-dialekt-radio-318-2026-03-13.html,Sultanplusshepard,melodic house,True
https://www.1001tracklists.com/tracklist/2vvk7lrk/sultan-plus-shepard-dialekt-radio-317-2026-03-05.html,Sultanplusshepard,melodic house,True
https://www.1001tracklists.com/tracklist/m6xg64t/sultan-plus-shepard-dialekt-radio-316-2026-02-27.html,Sultanplusshepard,melodic house,True
https://www.1001tracklists.com/tracklist/2d0vvhqt/sultan-plus-shepard-stereobloom-edc-mexico-2026-02-20.html,Sultanplusshepard,melodic house,True
https://www.1001tracklists.com/tracklist/2tzux2yk/sultan-plus-shepard-dialekt-radio-315-2026-02-18.html,Sultanplusshepard,melodic house,True
https://www.1001tracklists.com/tracklist/kc7450k/sultan-plus-shepard-dialekt-radio-314-2026-02-12.html,Sultanplusshepard,melodic house,True
https://www.1001tracklists.com/tracklist/21swtn89/sultan-plus-shepard-dialekt-radio-313-2026-02-05.html,Sultanplusshepard,melodic house,True
https://www.1001tracklists.com/tracklist/1dcdu8wt/sultan-plus-shepard-dialekt-radio-312-2026-01-29.html,Sultanplusshepard,melodic house,True
https://www.1001tracklists.com/tracklist/rvqtd71/sultan-plus-shepard-dialekt-radio-311-2026-01-22.html,Sultanplusshepard,melodic house,True
https://www.1001tracklists.com/tracklist/18n3n191/sultan-plus-shepard-dialekt-radio-310-2026-01-15.html,Sultanplusshepard,melodic house,True
https://www.1001tracklists.com/tracklist/15upkcv1/sultan-plus-shepard-dialekt-radio-309-2026-01-09.html,Sultanplusshepard,melodic house,True
https://www.1001tracklists.com/tracklist/23n9xbg9/sultan-plus-shepard-dialekt-radio-308-2026-01-02.html,Sultanplusshepard,melodic house,True
https://www.1001tracklists.com/tracklist/yd5lmx9/sultan-plus-shepard-dialekt-radio-307-best-of-2025-2025-12-26.html,Sultanplusshepard,melodic house,True
https://www.1001tracklists.com/tracklist/2mgvpcm9/sultan-plus-shepard-dialekt-radio-306-2025-12-19.html,Sultanplusshepard,melodic house,True
https://www.1001tracklists.com/tracklist/2s3un1u1/sultan-plus-shepard-dialekt-radio-305-2025-12-13.html,Sultanplusshepard,melodic house,True
https://www.1001tracklists.com/tracklist/xg7wp0k/sultan-plus-shepard-dialekt-radio-304-2025-12-06.html,Sultanplusshepard,melodic house,True
https://www.1001tracklists.com/tracklist/n45rtn9/sultan-plus-shepard-dialekt-radio-303-2025-11-28.html,Sultanplusshepard,melodic house,True
https://www.1001tracklists.com/tracklist/2891qd0t/sultan-plus-shepard-dialekt-radio-302-2025-11-19.html,Sultanplusshepard,melodic house,True
https://www.1001tracklists.com/tracklist/p2bp5tt/sultan-plus-shepard-tsunami-stage-seismic-dance-event-8.0-the-concourse-project-austin-united-states-2025-11-15.html,Sultanplusshepard,melodic house,True
https://www.1001tracklists.com/tracklist/15ubxhvt/sultan-plus-shepard-dialekt-radio-301-2025-11-15.html,Sultanplusshepard,melodic house,True
https://www.1001tracklists.com/tracklist/1232yj3k/sultan-plus-shepard-dialekt-radio-300-larimer-lounge-united-states-2025-10-22-2025-11-09.html,Sultanplusshepard,melodic house,True
https://www.1001tracklists.com/tracklist/m66f83t/sultan-plus-shepard-dialekt-radio-299-t-2025-10-30.html,Sultanplusshepard,melodic house,True
https://www.1001tracklists.com/tracklist/2pb4996k/sultan-plus-shepard-dialekt-radio-299-k-2025-10-25.html,Sultanplusshepard,melodic house,True
https://www.1001tracklists.com/tracklist/122yz3y1/sultan-plus-shepard-dialekt-radio-299-e-2025-10-18.html,Sultanplusshepard,melodic house,True
https://www.1001tracklists.com/tracklist/kbhlls9/sultan-plus-shepard-dialekt-radio-299-l-2025-10-12.html,Sultanplusshepard,melodic house,True
https://www.1001tracklists.com/tracklist/19k9vy79/sultan-plus-shepard-dialekt-radio-299-a-2025-10-06.html,Sultanplusshepard,melodic house,True
https://www.1001tracklists.com/tracklist/2t15ru21/sultan-plus-shepard-dialekt-radio-299-i-2025-09-28.html,Sultanplusshepard,melodic house,True
https://www.1001tracklists.com/tracklist/288q8b51/sultan-plus-shepard-dialekt-radio-299-d-2025-09-21.html,Sultanplusshepard,melodic house,True
https://www.1001tracklists.com/tracklist/2dxp6tk1/sultan-plus-shepard-dialekt-radio-299-2025-09-14.html,Sultanplusshepard,melodic house,True
https://www.1001tracklists.com/tracklist/21rzdtu1/sultan-plus-shepard-dialekt-radio-298-2025-09-05.html,Sultanplusshepard,melodic house,True
https://www.1001tracklists.com/tracklist/1yykdpft/sultan-plus-shepard-dialekt-radio-297-2025-08-31.html,Sultanplusshepard,melodic house,True
https://www.1001tracklists.com/tracklist/1zw9t4j1/sultan-plus-shepard-dialekt-radio-296-2025-08-24.html,Sultanplusshepard,melodic house,True
https://www.1001tracklists.com/tracklist/pz536yk/sultan-plus-shepard-dialekt-radio-295-2025-08-17.html,Sultanplusshepard,melodic house,True
https://www.1001tracklists.com/tracklist/1f85l8kt/sultan-plus-shepard-dialekt-radio-294-2025-08-10.html,Sultanplusshepard,melodic house,True
https://www.1001tracklists.com/tracklist/2gt059v9/sultan-plus-shepard-dialekt-radio-293-2025-08-01.html,Sultanplusshepard,melodic house,True
https://www.1001tracklists.com/tracklist/gjmnns1/sultan-plus-shepard-dialekt-radio-292-2025-07-27.html,Sultanplusshepard,melodic house,True
https://www.1001tracklists.com/tracklist/15tn8fr1/sultan-plus-shepard-dialekt-radio-291-2025-07-20.html,Sultanplusshepard,melodic house,True
https://www.1001tracklists.com/tracklist/1w4v4mrk/sultan-plus-shepard-dialekt-radio-290-2025-07-13.html,Sultanplusshepard,melodic house,True
https://www.1001tracklists.com/tracklist/1kwzgkj1/sultan-plus-shepard-dialekt-radio-289-2025-07-06.html,Sultanplusshepard,melodic house,True
https://www.1001tracklists.com/tracklist/2tyg41k1/sultan-plus-shepard-dialekt-radio-288-2025-06-29.html,Sultanplusshepard,melodic house,True
https://www.1001tracklists.com/tracklist/20trhk91/sultan-plus-shepard-dialekt-radio-287-2025-06-22.html,Sultanplusshepard,melodic house,True
https://www.1001tracklists.com/tracklist/whdwy9t/sultan-plus-shepard-dialekt-radio-286-2025-06-13.html,Sultanplusshepard,melodic house,True
https://www.1001tracklists.com/tracklist/n34z8wt/sultan-plus-shepard-dialekt-radio-285-2025-06-08.html,Sultanplusshepard,melodic house,True
https://www.1001tracklists.com/tracklist/9v94u19/sultan-plus-shepard-dialekt-radio-284-2025-06-01.html,Sultanplusshepard,melodic house,True
https://www.1001tracklists.com/tracklist/1x2cq4k1/sultan-plus-shepard-dialekt-radio-283-2025-05-23.html,Sultanplusshepard,melodic house,True
https://www.1001tracklists.com/tracklist/l7fmqjt/sultan-plus-shepard-dialekt-radio-282-2025-05-18.html,Sultanplusshepard,melodic house,True
https://www.1001tracklists.com/tracklist/2t0cmgdk/sultan-plus-shepard-dialekt-radio-281-2025-05-11.html,Sultanplusshepard,melodic house,True
https://www.1001tracklists.com/tracklist/m54sh2t/sultan-plus-shepard-dialekt-radio-280-2025-05-04.html,Sultanplusshepard,melodic house,True
https://www.1001tracklists.com/tracklist/cqqd2hk/sultan-plus-shepard-communicate-continuous-mix-2025-04-29.html,Sultanplusshepard,melodic house,True
https://www.1001tracklists.com/tracklist/1v6mhqt1/sultan-plus-shepard-dialekt-radio-279-2025-04-28.html,Sultanplusshepard,melodic house,True
https://www.1001tracklists.com/tracklist/gj1tu4t/sultan-plus-shepard-dialekt-radio-278-2025-04-20.html,Sultanplusshepard,melodic house,True
https://www.1001tracklists.com/tracklist/9v032kt/sultan-plus-shepard-dialekt-radio-277-2025-04-13.html,Sultanplusshepard,melodic house,True
https://www.1001tracklists.com/tracklist/12zmvx6t/sultan-plus-shepard-dialekt-radio-276-2025-04-06.html,Sultanplusshepard,melodic house,True
https://www.1001tracklists.com/tracklist/bt39sr9/sultan-plus-shepard-this-never-happened-radio-april-2025-04-03.html,Sultanplusshepard,melodic house,True
https://www.1001tracklists.com/tracklist/dnblmfk/sultan-plus-shepard-dialekt-radio-275-2025-03-31.html,Sultanplusshepard,melodic house,True
https://www.1001tracklists.com/tracklist/1rh61gn1/sultan-plus-shepard-dialekt-radio-274-2025-03-23.html,Sultanplusshepard,melodic house,True
https://www.1001tracklists.com/tracklist/2c0zgyv9/sultan-plus-shepard-dialekt-radio-273-2025-03-14.html,Sultanplusshepard,melodic house,True
https://www.1001tracklists.com/tracklist/2fuc6b49/sultan-plus-shepard-dialekt-radio-272-2025-03-07.html,Sultanplusshepard,melodic house,True
https://www.1001tracklists.com/tracklist/12zdsltk/sultan-plus-shepard-dialekt-radio-271-2025-02-26.html,Sultanplusshepard,melodic house,True
https://www.1001tracklists.com/tracklist/2kl8updk/sultan-plus-shepard-new-city-gas-montreal-canada-2025-02-22.html,Sultanplusshepard,melodic house,True
https://www.1001tracklists.com/tracklist/2wr38b4k/sultan-plus-shepard-dialekt-radio-270-2025-02-20.html,Sultanplusshepard,melodic house,True
https://www.1001tracklists.com/tracklist/2hpv7pdk/sultan-plus-shepard-dialekt-radio-269-2025-02-16.html,Sultanplusshepard,melodic house,True
https://www.1001tracklists.com/tracklist/105wmgf1/sultan-plus-shepard-dialekt-radio-268-2025-02-09.html,Sultanplusshepard,melodic house,True
https://www.1001tracklists.com/tracklist/n2fjfkt/sultan-plus-shepard-dialekt-radio-267-2025-02-02.html,Sultanplusshepard,melodic house,True
https://www.1001tracklists.com/tracklist/1f71dcu9/sultan-plus-shepard-dialekt-radio-266-2025-01-26.html,Sultanplusshepard,melodic house,True
https://www.1001tracklists.com/tracklist/1w3uwn9k/sultan-plus-shepard-dialekt-radio-265-2025-01-19.html,Sultanplusshepard,melodic house,True
https://www.1001tracklists.com/tracklist/12z4bwx9/sultan-plus-shepard-dialekt-radio-264-2025-01-12.html,Sultanplusshepard,melodic house,True
https://www.1001tracklists.com/tracklist/13wwspz9/sultan-plus-shepard-dialekt-radio-263-2025-01-05.html,Sultanplusshepard,melodic house,True
https://www.1001tracklists.com/tracklist/2lh00z6k/lane-8-sultan-plus-shepard-fngrs-crssd-field-stage-proper-nyd-petco-park-san-diego-united-states-2025-01-01.html,Sultanplusshepard,melodic house,True
https://www.1001tracklists.com/tracklist/2s1t3trk/sultan-plus-shepard-dialekt-radio-262-2024-12-29.html,Sultanplusshepard,melodic house,True
https://www.1001tracklists.com/tracklist/y9zt661/sultan-plus-shepard-dialekt-radio-261-2024-12-22.html,Sultanplusshepard,melodic house,True
https://www.1001tracklists.com/tracklist/2kk298nk/sultan-plus-shepard-dialekt-radio-260-2024-12-15.html,Sultanplusshepard,melodic house,True
https://www.1001tracklists.com/tracklist/21qdd0t9/sultan-plus-shepard-dialekt-radio-259-2024-12-08.html,Sultanplusshepard,melodic house,True
https://www.1001tracklists.com/tracklist/1np3r0pk/sultan-plus-shepard-dialekt-radio-258-2024-12-01.html,Sultanplusshepard,melodic house,True
https://www.1001tracklists.com/tracklist/2s1lb9st/sultan-plus-shepard-dialekt-radio-257-2024-11-24.html,Sultanplusshepard,melodic house,True
https://www.1001tracklists.com/tracklist/m454cdk/sultan-plus-shepard-dialekt-radio-256-2024-11-17.html,Sultanplusshepard,melodic house,True
https://www.1001tracklists.com/tracklist/15s5929k/sultan-plus-shepard-dialekt-radio-255-2024-11-10.html,Sultanplusshepard,melodic house,True
https://www.1001tracklists.com/tracklist/1plsh621/sultan-plus-shepard-dialekt-radio-254-2024-11-03.html,Sultanplusshepard,melodic house,True
https://www.1001tracklists.com/tracklist/13whf699/sultan-plus-shepard-dialekt-radio-253-2024-10-27.html,Sultanplusshepard,melodic house,True
https://www.1001tracklists.com/tracklist/2r3l8k31/sultan-plus-shepard-dialekt-radio-252-2024-10-20.html,Sultanplusshepard,melodic house,True
https://www.1001tracklists.com/tracklist/sqstfd1/sultan-plus-shepard-dialekt-radio-251-2024-10-13.html,Sultanplusshepard,melodic house,True
https://www.1001tracklists.com/tracklist/12ylh419/sultan-plus-shepard-zeskullz-presents-296-2024-10-10.html,Sultanplusshepard,melodic house,True
https://www.1001tracklists.com/tracklist/9twjts1/sultan-plus-shepard-dialekt-radio-250-2024-10-06.html,Sultanplusshepard,melodic house,True
https://www.1001tracklists.com/tracklist/20s5vluk/sultan-plus-shepard-dialekt-radio-249-2024-09-29.html,Sultanplusshepard,melodic house,True
https://www.1001tracklists.com/tracklist/21pycwy9/sultan-plus-shepard-dialekt-radio-248-2024-09-22.html,Sultanplusshepard,melodic house,True
https://www.1001tracklists.com/tracklist/26bxfc1k/sultan-plus-shepard-dialekt-radio-247-2024-09-15.html,Sultanplusshepard,melodic house,True
https://www.1001tracklists.com/tracklist/1x0vdsd9/sultan-plus-shepard-dialekt-radio-246-2024-09-08.html,Sultanplusshepard,melodic house,True
https://www.1001tracklists.com/tracklist/2jlpdwb1/sultan-plus-shepard-dialekt-radio-245-2024-09-01.html,Sultanplusshepard,melodic house,True
https://www.1001tracklists.com/tracklist/1xylstct/sultan-plus-shepard-dialekt-radio-244-2024-08-25.html,Sultanplusshepard,melodic house,True
https://www.1001tracklists.com/tracklist/y98sss9/sultan-plus-shepard-dialekt-radio-243-2024-08-18.html,Sultanplusshepard,melodic house,True
https://www.1001tracklists.com/tracklist/n1fg7p9/sultan-plus-shepard-dialekt-radio-242-2024-08-11.html,Sultanplusshepard,melodic house,True
https://www.1001tracklists.com/tracklist/278j6lsk/sultan-plus-shepard-dialekt-radio-241-2024-08-04.html,Sultanplusshepard,melodic house,True
https://www.1001tracklists.com/tracklist/15rluyj9/sultan-plus-shepard-dialekt-radio-240-2024-07-28.html,Sultanplusshepard,melodic house,True
https://www.1001tracklists.com/tracklist/1v50441t/sultan-plus-shepard-dialekt-radio-239-2024-07-21.html,Sultanplusshepard,melodic house,True
https://www.1001tracklists.com/tracklist/1pl4v8b1/sultan-plus-shepard-dialekt-radio-238-2024-07-14.html,Sultanplusshepard,melodic house,True
https://www.1001tracklists.com/tracklist/nz14nz9/sultan-plus-shepard-dialekt-radio-237-2024-07-07.html,Sultanplusshepard,melodic house,True
https://www.1001tracklists.com/tracklist/pwtnjg9/sultan-plus-shepard-dialekt-radio-236-2024-06-30.html,Sultanplusshepard,melodic house,True
https://www.1001tracklists.com/tracklist/l5ly8dt/sultan-plus-shepard-dialekt-radio-235-2024-06-24.html,Sultanplusshepard,melodic house,True
https://www.1001tracklists.com/tracklist/2fsvm9tt/sultan-plus-shepard-dialekt-radio-234-2024-06-16.html,Sultanplusshepard,melodic house,True
https://www.1001tracklists.com/tracklist/2hnfqw6k/sultan-plus-shepard-dialekt-radio-233-2024-06-09.html,Sultanplusshepard,melodic house,True
https://www.1001tracklists.com/tracklist/21pcdbl1/sultan-plus-shepard-dialekt-radio-232-2024-06-02.html,Sultanplusshepard,melodic house,True
https://www.1001tracklists.com/tracklist/1lshbql9/sultan-plus-shepard-dialekt-radio-231-2024-05-26.html,Sultanplusshepard,melodic house,True
https://www.1001tracklists.com/tracklist/12003j99/sultan-plus-shepard-dialekt-radio-230-2024-05-20.html,Sultanplusshepard,melodic house,True
https://www.1001tracklists.com/tracklist/y8s2svt/sultan-plus-shepard-dialekt-radio-229-2024-05-12.html,Sultanplusshepard,melodic house,True
https://www.1001tracklists.com/tracklist/1t8zgjl9/sultan-plus-shepard-dialekt-radio-228-2024-05-05.html,Sultanplusshepard,melodic house,True
https://www.1001tracklists.com/tracklist/1d7qx0s9/sultan-plus-shepard-dialekt-radio-227-2024-04-29.html,Sultanplusshepard,melodic house,True
https://www.1001tracklists.com/tracklist/1mq303p1/sultan-plus-shepard-dialekt-radio-226-2024-04-21.html,Sultanplusshepard,melodic house,True
https://www.1001tracklists.com/tracklist/1sc25ft1/sultan-plus-shepard-dialekt-radio-225-2024-04-12.html,Sultanplusshepard,melodic house,True
https://www.1001tracklists.com/tracklist/2hn2wtzk/sultan-plus-shepard-dialekt-radio-224-2024-04-07.html,Sultanplusshepard,melodic house,True
https://www.1001tracklists.com/tracklist/19g4tk81/sultan-plus-shepard-dialekt-radio-223-2024-03-31.html,Sultanplusshepard,melodic house,True
https://www.1001tracklists.com/tracklist/1pkk8xc1/sultan-plus-shepard-dialekt-radio-222-2024-03-24.html,Sultanplusshepard,melodic house,True
https://www.1001tracklists.com/tracklist/rrujhh9/sultan-plus-shepard-dialekt-radio-221-2024-03-17.html,Sultanplusshepard,melodic house,True
https://www.1001tracklists.com/tracklist/2b13sb61/sultan-plus-shepard-dialekt-radio-220-2024-03-10.html,Sultanplusshepard,melodic house,True
https://www.1001tracklists.com/tracklist/hck156k/sultan-plus-shepard-dialekt-radio-219-2024-03-03.html,Sultanplusshepard,melodic house,True
https://www.1001tracklists.com/tracklist/1ls08461/above-beyond-sultan-plus-shepard-group-therapy-radio-568-2024-03-01.html,Sultanplusshepard,melodic house,True
https://www.1001tracklists.com/tracklist/1v46bp0k/sultan-plus-shepard-dialekt-radio-218-2024-02-25.html,Sultanplusshepard,melodic house,True
https://www.1001tracklists.com/tracklist/k71n4x9/sultan-plus-shepard-dialekt-radio-217-2024-02-18.html,Sultanplusshepard,melodic house,True
https://www.1001tracklists.com/tracklist/13v1mxmt/sultan-plus-shepard-dialekt-radio-216-2024-02-12.html,Sultanplusshepard,melodic house,True
https://www.1001tracklists.com/tracklist/wdlu49t/sultan-plus-shepard-dialekt-radio-215-2024-02-05.html,Sultanplusshepard,melodic house,True
https://www.1001tracklists.com/tracklist/k6xbrgk/sultan-plus-shepard-dialekt-radio-214-2024-01-28.html,Sultanplusshepard,melodic house,True
https://www.1001tracklists.com/tracklist/sp9hvt1/sultan-plus-shepard-dialekt-radio-213-2024-01-21.html,Sultanplusshepard,melodic house,True
https://www.1001tracklists.com/tracklist/2ut8dpq9/sultan-plus-shepard-neon-deluz-night-owl-radio-440-2024-01-19.html,Sultanplusshepard,melodic house,True
https://www.1001tracklists.com/tracklist/15qhwmdt/sultan-plus-shepard-dialekt-radio-212-2024-01-14.html,Sultanplusshepard,melodic house,True
https://www.1001tracklists.com/tracklist/269kcrn1/sultan-plus-shepard-dialekt-radio-211-2024-01-07.html,Sultanplusshepard,melodic house,True
https://www.1001tracklists.com/tracklist/cmzwnvt/sultan-plus-shepard-fngrs-crssd-wall-stage-proper-nyeslashnyd-united-states-2024-01-01.html,Sultanplusshepard,melodic house,True
https://www.1001tracklists.com/tracklist/1mpglwbt/sultan-plus-shepard-dialekt-radio-210-best-of-2023-2023-12-31.html,Sultanplusshepard,melodic house,True
https://www.1001tracklists.com/tracklist/ujs4p89/sultan-plus-shepard-dialekt-radio-209-2023-12-24.html,Sultanplusshepard,melodic house,True
https://www.1001tracklists.com/tracklist/27776x49/sultan-plus-shepard-dialekt-radio-208-2023-12-17.html,Sultanplusshepard,melodic house,True
https://www.1001tracklists.com/tracklist/1bcb6b11/sultan-plus-shepard-dialekt-radio-207-2023-12-10.html,Sultanplusshepard,melodic house,True
https://www.1001tracklists.com/tracklist/11189hhk/sultan-plus-shepard-dialekt-radio-206-2023-12-03.html,Sultanplusshepard,melodic house,True
https://www.1001tracklists.com/tracklist/1wz9f9sk/sultan-plus-shepard-dialekt-radio-205-2023-11-26.html,Sultanplusshepard,melodic house,True
https://www.1001tracklists.com/tracklist/284w9y5t/sultan-plus-shepard-dialekt-radio-204-2023-11-19.html,Sultanplusshepard,melodic house,True
https://www.1001tracklists.com/tracklist/1hxzfsb9/sultan-plus-shepard-dialekt-radio-203-2023-11-12.html,Sultanplusshepard,melodic house,True
https://www.1001tracklists.com/tracklist/1yut036k/sultan-plus-shepard-dialekt-radio-202-2023-11-05.html,Sultanplusshepard,melodic house,True
https://www.1001tracklists.com/tracklist/1u5rd9ck/sultan-plus-shepard-dialekt-radio-201-2023-10-29.html,Sultanplusshepard,melodic house,True
https://www.1001tracklists.com/tracklist/qt6mgpk/sultan-plus-shepard-dialekt-radio-200-2023-10-22.html,Sultanplusshepard,melodic house,True
https://www.1001tracklists.com/tracklist/2kgqyc79/sultan-plus-shepard-dialekt-radio-199-2023-10-15.html,Sultanplusshepard,melodic house,True
https://www.1001tracklists.com/tracklist/2gp99ztk/sultan-plus-shepard-zeskullz-presents-244-2023-10-12.html,Sultanplusshepard,melodic house,True
https://www.1001tracklists.com/tracklist/2mb90nmk/sultan-plus-shepard-dialekt-radio-198-2023-10-08.html,Sultanplusshepard,melodic house,True
https://www.1001tracklists.com/tracklist/j8h2jt1/sultan-plus-shepard-dialekt-radio-197-2023-10-01.html,Sultanplusshepard,melodic house,True
https://www.1001tracklists.com/tracklist/k67b0pk/sultan-plus-shepard-dialekt-radio-196-2023-09-24.html,Sultanplusshepard,melodic house,True
https://www.1001tracklists.com/tracklist/2gp4hq9k/sultan-plus-shepard-dialekt-radio-195-2023-09-17.html,Sultanplusshepard,melodic house,True
https://www.1001tracklists.com/tracklist/2n7xcj71/sultan-plus-shepard-dialekt-radio-194-2023-09-10.html,Sultanplusshepard,melodic house,True
https://www.1001tracklists.com/tracklist/9rqb92k/sultan-plus-shepard-dialekt-radio-193-2023-09-03.html,Sultanplusshepard,melodic house,True
https://www.1001tracklists.com/tracklist/1u5fwwd1/sultan-plus-shepard-the-canopy-north-coast-music-festival-united-states-2023-09-02.html,Sultanplusshepard,melodic house,True
https://www.1001tracklists.com/tracklist/1kt54jh9/sultan-plus-shepard-dialekt-radio-192-2023-08-27.html,Sultanplusshepard,melodic house,True
https://www.1001tracklists.com/tracklist/1nlk24xt/sultan-plus-shepard-dialekt-radio-191-2023-08-20.html,Sultanplusshepard,melodic house,True
https://www.1001tracklists.com/tracklist/1qg3f1qk/sultan-plus-shepard-dialekt-radio-190-2023-08-13.html,Sultanplusshepard,melodic house,True
https://www.1001tracklists.com/tracklist/1jv8d9r9/sultan-plus-shepard-dialekt-radio-189-2023-08-07.html,Sultanplusshepard,melodic house,True
https://www.1001tracklists.com/tracklist/rqkrkp9/sultan-plus-shepard-dialekt-radio-188-2023-07-30.html,Sultanplusshepard,melodic house,True
https://www.1001tracklists.com/tracklist/y74hqw9/sultan-plus-shepard-dialekt-radio-187-2023-07-24.html,Sultanplusshepard,melodic house,True
https://www.1001tracklists.com/tracklist/x99r57t/sultan-plus-shepard-dialekt-radio-186-2023-07-16.html,Sultanplusshepard,melodic house,True
https://www.1001tracklists.com/tracklist/2fqzn3rt/sultan-plus-shepard-dialekt-radio-185-2023-07-09.html,Sultanplusshepard,melodic house,True
https://www.1001tracklists.com/tracklist/2bxkfy01/sultan-plus-shepard-dialekt-radio-184-2023-07-02.html,Sultanplusshepard,melodic house,True
https://www.1001tracklists.com/tracklist/22k96pyk/sultan-plus-shepard-dialekt-radio-183-2023-06-25.html,Sultanplusshepard,melodic house,True
https://www.1001tracklists.com/tracklist/gdbc029/sultan-plus-shepard-dialekt-radio-182-2023-06-18.html,Sultanplusshepard,melodic house,True
https://www.1001tracklists.com/tracklist/1nl5tyl1/sultan-plus-shepard-dialekt-radio-181-2023-06-11.html,Sultanplusshepard,melodic house,True
https://www.1001tracklists.com/tracklist/17jx6xxk/sultan-plus-shepard-dialekt-radio-180-2023-06-05.html,Sultanplusshepard,melodic house,True
https://www.1001tracklists.com/tracklist/2gnlph79/sultan-plus-shepard-dialekt-radio-179-2023-05-29.html,Sultanplusshepard,melodic house,True
https://www.1001tracklists.com/tracklist/2jj5rzvk/sultan-plus-shepard-quantumvalley-edc-las-vegas-united-states-2023-05-21.html,Sultanplusshepard,melodic house,True
https://www.1001tracklists.com/tracklist/2jj4ut99/sultan-plus-shepard-dialekt-radio-178-2023-05-21.html,Sultanplusshepard,melodic house,True
https://www.1001tracklists.com/tracklist/1f3nf31k/sultan-plus-shepard-dialekt-radio-177-2023-05-15.html,Sultanplusshepard,melodic house,True
https://www.1001tracklists.com/tracklist/13tljjb1/sultan-plus-shepard-dialekt-radio-176-2023-05-07.html,Sultanplusshepard,melodic house,True
https://www.1001tracklists.com/tracklist/2hl84881/sultan-plus-shepard-dialekt-radio-175-2023-05-01.html,Sultanplusshepard,melodic house,True
https://www.1001tracklists.com/tracklist/clnuxyk/sultan-plus-shepard-dialekt-radio-174-2023-04-24.html,Sultanplusshepard,melodic house,True
https://www.1001tracklists.com/tracklist/20pc5gp9/sultan-plus-shepard-dialekt-radio-173-2023-04-16.html,Sultanplusshepard,melodic house,True
https://www.1001tracklists.com/tracklist/vf7y8v9/sultan-plus-shepard-q-nightclub-seattle-united-states-2023-04-13.html,Sultanplusshepard,melodic house,True
https://www.1001tracklists.com/tracklist/19d8by0t/sultan-plus-shepard-dialekt-radio-172-2023-04-09.html,Sultanplusshepard,melodic house,True
https://www.1001tracklists.com/tracklist/l35kx7k/sultan-plus-shepard-dialekt-radio-171-2023-04-02.html,Sultanplusshepard,melodic house,True
https://www.1001tracklists.com/tracklist/2ttxbxsk/sultan-plus-shepard-dialekt-radio-170-2023-03-26.html,Sultanplusshepard,melodic house,True
https://www.1001tracklists.com/tracklist/j7hwh91/sultan-plus-shepard-dialekt-radio-169-2023-03-19.html,Sultanplusshepard,melodic house,True
https://www.1001tracklists.com/tracklist/20p62kst/sultan-plus-shepard-dialekt-radio-168-2023-03-13.html,Sultanplusshepard,melodic house,True
https://www.1001tracklists.com/tracklist/2gn5ytkt/sultan-plus-shepard-dialekt-radio-167-2023-03-05.html,Sultanplusshepard,melodic house,True
https://www.1001tracklists.com/tracklist/15nw55sk/sultan-plus-shepard-sound-bar-chicago-united-states-2023-03-03.html,Sultanplusshepard,melodic house,True
https://www.1001tracklists.com/tracklist/1d5gym0t/sultan-plus-shepard-dialekt-radio-166-2023-02-26.html,Sultanplusshepard,melodic house,True
https://www.1001tracklists.com/tracklist/1t6q83k9/sultan-plus-shepard-malibu-ranch-united-states-2023-02-25.html,Sultanplusshepard,melodic house,True
https://www.1001tracklists.com/tracklist/2p4scdp1/above-and-beyond-sultan-plus-shepard-group-therapy-radio-517-2023-02-24.html,Sultanplusshepard,melodic house,True
https://www.1001tracklists.com/tracklist/29z3gbr1/sultan-plus-shepard-dialekt-radio-165-2023-02-19.html,Sultanplusshepard,melodic house,True
https://www.1001tracklists.com/tracklist/k54fc8t/sultan-plus-shepard-dialekt-radio-164-2023-02-13.html,Sultanplusshepard,melodic house,True
https://www.1001tracklists.com/tracklist/2hkvg72t/sultan-plus-shepard-dialekt-radio-163-2023-02-05.html,Sultanplusshepard,melodic house,True
https://www.1001tracklists.com/tracklist/2bwtply9/sultan-plus-shepard-dialekt-radio-162-2023-01-27.html,Sultanplusshepard,melodic house,True
https://www.1001tracklists.com/tracklist/2vp6ymz1/sultan-plus-shepard-dialekt-radio-161-2023-01-22.html,Sultanplusshepard,melodic house,True
https://www.1001tracklists.com/tracklist/pu0cwbt/sultan-plus-shepard-dialekt-radio-160-2023-01-15.html,Sultanplusshepard,melodic house,True
https://www.1001tracklists.com/tracklist/18g0vhw1/sultan-plus-shepard-dialekt-radio-159-2023-01-08.html,Sultanplusshepard,melodic house,True
https://www.1001tracklists.com/tracklist/l2rmyr9/sultan-plus-shepard-dialekt-radio-158-best-of-2022-2023-01-01.html,Sultanplusshepard,melodic house,True
https://www.1001tracklists.com/tracklist/j733lb9/sultan-plus-shepard-dialekt-radio-157-2022-12-25.html,Sultanplusshepard,melodic house,True
https://www.1001tracklists.com/tracklist/259t6bzk/sultan-plus-shepard-dialekt-radio-156-2022-12-16.html,Sultanplusshepard,melodic house,True
https://www.1001tracklists.com/tracklist/1xvbtql9/sultan-plus-shepard-dialekt-radio-155-2022-12-09.html,Sultanplusshepard,melodic house,True
https://www.1001tracklists.com/tracklist/2bwk9gvt/sultan-plus-shepard-dialekt-radio-154-2022-12-02.html,Sultanplusshepard,melodic house,True
https://www.1001tracklists.com/tracklist/2lbxry0t/sultan-plus-shepard-dialekt-radio-153-2022-11-25.html,Sultanplusshepard,melodic house,True
https://www.1001tracklists.com/tracklist/101llx9t/sultan-plus-shepard-the-void-stage-dreamstate-socal-nos-events-center-san-bernardino-united-states-2022-11-18.html,Sultanplusshepard,melodic house,True
https://www.1001tracklists.com/tracklist/dhr3yc9/sultan-plus-shepard-dialekt-radio-152-2022-11-18.html,Sultanplusshepard,melodic house,True
https://www.1001tracklists.com/tracklist/9q95lmk/sultan-plus-shepard-dialekt-radio-151-2022-11-11.html,Sultanplusshepard,melodic house,True
https://www.1001tracklists.com/tracklist/20nlvyt1/sultan-plus-shepard-dialekt-radio-150-2022-11-04.html,Sultanplusshepard,melodic house,True
https://www.1001tracklists.com/tracklist/1vzkfzgt/sultan-plus-shepard-dialekt-radio-149-2022-10-28.html,Sultanplusshepard,melodic house,True
https://www.1001tracklists.com/tracklist/1lphrg2t/sultan-plus-shepard-dialekt-radio-148-2022-10-21.html,Sultanplusshepard,melodic house,True
https://www.1001tracklists.com/tracklist/1v1pnd6k/sultan-plus-shepard-dialekt-radio-147-2022-10-14.html,Sultanplusshepard,melodic house,True
https://www.1001tracklists.com/tracklist/2fppvq3t/sultan-plus-shepard-dialekt-radio-146-2022-10-07.html,Sultanplusshepard,melodic house,True
https://www.1001tracklists.com/tracklist/wb5hpq1/sultan-plus-shepard-this-never-happened-radio-14-2022-10-06.html,Sultanplusshepard,melodic house,True
https://www.1001tracklists.com/tracklist/ptjb1yk/sultan-plus-shepard-dialekt-radio-145-2022-09-30.html,Sultanplusshepard,melodic house,True
https://www.1001tracklists.com/tracklist/1lpc2x51/sultan-plus-shepard-dialekt-radio-144-2022-09-23.html,Sultanplusshepard,melodic house,True
https://www.1001tracklists.com/tracklist/1vzbryuk/sultan-plus-shepard-dialekt-radio-143-2022-09-16.html,Sultanplusshepard,melodic house,True
https://www.1001tracklists.com/tracklist/1b91pggk/sultan-plus-shepard-dialekt-radio-142-2022-09-09.html,Sultanplusshepard,melodic house,True
https://www.1001tracklists.com/tracklist/x9jcc91/sultan-plus-shepard-zeskullzs-record-club-187-2022-09-08.html,Sultanplusshepard,melodic house,True
https://www.1001tracklists.com/tracklist/1b90k69k/sultan-plus-shepard-ben-miller-night-owl-radio-368-2022-09-02.html,Sultanplusshepard,melodic house,True
https://www.1001tracklists.com/tracklist/2uqrcn51/sultan-plus-shepard-dialekt-radio-141-2022-09-02.html,Sultanplusshepard,melodic house,True
https://www.1001tracklists.com/tracklist/ff3c89k/sultan-plus-shepard-dialekt-radio-140-2022-08-26.html,Sultanplusshepard,melodic house,True
https://www.1001tracklists.com/tracklist/10yx7m49/sultan-plus-shepard-dialekt-radio-139-2022-08-19.html,Sultanplusshepard,melodic house,True
https://www.1001tracklists.com/tracklist/21kyg3z1/sultan-plus-shepard-dialekt-radio-138-2022-08-12.html,Sultanplusshepard,melodic house,True
https://www.1001tracklists.com/tracklist/1jth6qv9/sultan-plus-shepard-dialekt-radio-137-2022-08-05.html,Sultanplusshepard,melodic house,True
https://www.1001tracklists.com/tracklist/1xup64q1/sultan-plus-shepard-dialekt-radio-136-2022-07-29.html,Sultanplusshepard,melodic house,True
https://www.1001tracklists.com/tracklist/18f58kz1/sultan-plus-shepard-dialekt-radio-135-2022-07-22.html,Sultanplusshepard,melodic house,True
https://www.1001tracklists.com/tracklist/1zq5muh9/sultan-plus-shepard-dialekt-radio-134-2022-07-15.html,Sultanplusshepard,melodic house,True
https://www.1001tracklists.com/tracklist/2drcr0ft/sultan-plus-shepard-dialekt-radio-133-2022-07-08.html,Sultanplusshepard,melodic house,True
https://www.1001tracklists.com/tracklist/qqtb27k/sultan-plus-shepard-dialekt-radio-132-2022-07-01.html,Sultanplusshepard,melodic house,True
https://www.1001tracklists.com/tracklist/21kp0001/sultan-plus-shepard-dialekt-radio-131-2022-06-24.html,Sultanplusshepard,melodic house,True
https://www.1001tracklists.com/tracklist/23f712b9/sultan-plus-shepard-dialekt-radio-130-2022-06-17.html,Sultanplusshepard,melodic house,True
https://www.1001tracklists.com/tracklist/20mspwfk/sultan-plus-shepard-dialekt-radio-129-2022-06-10.html,Sultanplusshepard,melodic house,True
https://www.1001tracklists.com/tracklist/15mgx9rk/sultan-plus-shepard-dialekt-radio-128-2022-06-03.html,Sultanplusshepard,melodic house,True
https://www.1001tracklists.com/tracklist/2dr45kvt/sultan-plus-shepard-dialekt-radio-127-2022-05-27.html,Sultanplusshepard,melodic house,True
https://www.1001tracklists.com/tracklist/1f1vku81/madeon-sultan-plus-shepard-pasquale-rotella-night-owl-radio-353-2022-05-20.html,Sultanplusshepard,melodic house,True
https://www.1001tracklists.com/tracklist/29xpx2w9/sultan-plus-shepard-dialekt-radio-126-2022-05-20.html,Sultanplusshepard,melodic house,True
https://www.1001tracklists.com/tracklist/1c65c1mk/sultan-plus-shepard-dialekt-radio-125-2022-05-13.html,Sultanplusshepard,melodic house,True
https://www.1001tracklists.com/tracklist/22h5ybyk/sultan-plus-shepard-dialekt-radio-124-2022-05-06.html,Sultanplusshepard,melodic house,True
https://www.1001tracklists.com/tracklist/2ct5d281/sultan-plus-shepard-dialekt-radio-123-2022-04-29.html,Sultanplusshepard,melodic house,True
https://www.1001tracklists.com/tracklist/2l9rvh69/sultan-plus-shepard-dialekt-radio-122-2022-04-22.html,Sultanplusshepard,melodic house,True
https://www.1001tracklists.com/tracklist/l1c5j5k/sultan-plus-shepard-dialekt-radio-121-2022-04-15.html,Sultanplusshepard,melodic house,True
https://www.1001tracklists.com/tracklist/k3j8g01/sultan-plus-shepard-dialekt-radio-120-2022-04-08.html,Sultanplusshepard,melodic house,True
https://www.1001tracklists.com/tracklist/mww0sk1/sultan-plus-shepard-dialekt-radio-119-2022-04-01.html,Sultanplusshepard,melodic house,True
https://www.1001tracklists.com/tracklist/17gq050t/sultan-plus-shepard-dialekt-radio-118-2022-03-25.html,Sultanplusshepard,melodic house,True
https://www.1001tracklists.com/tracklist/z2fh1kk/sultan-plus-shepard-dialekt-radio-117-2022-03-18.html,Sultanplusshepard,melodic house,True
https://www.1001tracklists.com/tracklist/1u2q1v81/sultan-plus-shepard-piet-van-noord-electronic-devotion-152-2022-03-14.html,Sultanplusshepard,melodic house,True
https://www.1001tracklists.com/tracklist/fd4btj9/sultan-plus-shepard-dialekt-radio-116-2022-03-11.html,Sultanplusshepard,melodic house,True
https://www.1001tracklists.com/tracklist/1nhtb6g1/sultan-plus-shepard-dialekt-radio-115-2022-03-04.html,Sultanplusshepard,melodic house,True
https://www.1001tracklists.com/tracklist/skpr8x1/sultan-plus-shepard-dialekt-radio-114-2022-02-24.html,Sultanplusshepard,melodic house,True
https://www.1001tracklists.com/tracklist/1huq71y9/sultan-plus-shepard-dialekt-radio-113-2022-02-18.html,Sultanplusshepard,melodic house,True
https://www.1001tracklists.com/tracklist/2p2rsvs1/sultan-plus-shepard-dialekt-radio-112-2022-02-11.html,Sultanplusshepard,melodic house,True
https://www.1001tracklists.com/tracklist/rmrw9v9/sultan-plus-shepard-dialekt-radio-111-2022-02-04.html,Sultanplusshepard,melodic house,True
https://www.1001tracklists.com/tracklist/1fyyprz9/sultan-plus-shepard-dialekt-radio-110-2022-01-28.html,Sultanplusshepard,melodic house,True
https://www.1001tracklists.com/tracklist/rmp9s81/sultan-plus-shepard-dialekt-radio-109-2022-01-21.html,Sultanplusshepard,melodic house,True
https://www.1001tracklists.com/tracklist/2qy5t8w9/sultan-plus-shepard-dialekt-radio-108-2022-01-14.html,Sultanplusshepard,melodic house,True
https://www.1001tracklists.com/tracklist/k2yz019/sultan-plus-shepard-dialekt-radio-107-2022-01-07.html,Sultanplusshepard,melodic house,True
https://www.1001tracklists.com/tracklist/vbrsr69/sultan-plus-shepard-dialekt-radio-106-best-of-2021-2021-12-31.html,Sultanplusshepard,melodic house,True
https://www.1001tracklists.com/tracklist/9ngrpq9/sultan-plus-shepard-dialekt-radio-105-2021-12-24.html,Sultanplusshepard,melodic house,True
https://www.1001tracklists.com/tracklist/1znykzck/sultan-plus-shepard-dialekt-radio-104-2021-12-17.html,Sultanplusshepard,melodic house,True
https://www.1001tracklists.com/tracklist/2r6psgut/argy-mind-against-resistance-megastructure-ultra-music-festival-miami-united-states-2026-03-29.html,Argy,melodic house,True
https://www.1001tracklists.com/tracklist/1j30nr7k/argy-resistance-m2-miami-miami-music-week-united-states-2026-03-26.html,Argy,melodic house,True
https://www.1001tracklists.com/tracklist/2hs5mpkk/argy-neworld-vsnz-winter-arc-switzerland-2026-03-06.html,Argy,melodic house,True
https://www.1001tracklists.com/tracklist/gkt7jy1/argy-neworld-ushuaia-dubai-united-arab-emirates-2026-02-07.html,Argy,melodic house,True
https://www.1001tracklists.com/tracklist/1ubd2f41/argy-marquee-singapore-2026-01-17.html,Argy,melodic house,True
https://www.1001tracklists.com/tracklist/1cfjzlhk/argy-kineticfield-edc-thailand-2026-01-16.html,Argy,melodic house,True
https://www.1001tracklists.com/tracklist/xgf2ml1/argy-neworld-sunburn-arena-bengaluru-india-2025-12-31.html,Argy,melodic house,True
https://www.1001tracklists.com/tracklist/bu3u1t9/argy-the-dream-stage-dreamstate-socal-queen-mary-waterfront-united-states-2025-11-22.html,Argy,melodic house,True
https://www.1001tracklists.com/tracklist/2t1hbsbk/argy-red-arena-bonusz-electronic-music-festival-hungary-2025-11-15.html,Argy,melodic house,True
https://www.1001tracklists.com/tracklist/2r5s1j5k/argy-the-loft-amsterdam-dance-event-netherlands-2025-10-24.html,Argy,melodic house,True
https://www.1001tracklists.com/tracklist/13yk2dl9/argy-mainstage-tomorrowland-brasil-2025-10-12.html,Argy,melodic house,True
https://www.1001tracklists.com/tracklist/27c0rqk9/argy-banco-de-chile-main-stage-creamfields-chile-2025-10-11.html,Argy,melodic house,True
https://www.1001tracklists.com/tracklist/2hrcwnn9/argy-resistance-the-drumsheds-london-united-kingdom-2025-09-26.html,Argy,melodic house,True
https://www.1001tracklists.com/tracklist/1pnnnq8t/argy-sunset-by-neon-malaysia-2025-09-20.html,Argy,melodic house,True
https://www.1001tracklists.com/tracklist/21s11q69/argy-resistance-stage-ultra-music-festival-japan-2025-09-14.html,Argy,melodic house,True
https://www.1001tracklists.com/tracklist/296dfc31/argy-atakoy-marina-istanbul-turkey-2025-08-30.html,Argy,melodic house,True
https://www.1001tracklists.com/tracklist/15tus379/argy-apex-stage-creamfields-north-united-kingdom-2025-08-23.html,Argy,melodic house,True
https://www.1001tracklists.com/tracklist/1zw7kx6k/argy-unvrs-ibiza-spain-2025-08-12.html,Argy,melodic house,True
https://www.1001tracklists.com/tracklist/2kld0p21/argy-mainstage-tomorrowland-weekend-2-belgium-2025-07-26.html,Argy,melodic house,True
https://www.1001tracklists.com/tracklist/1x2q4jr9/argy-neworld-freedom-stage-tomorrowland-weekend-1-belgium-2025-07-20.html,Argy,melodic house,True
https://www.1001tracklists.com/tracklist/22ql3699/argy-quantumvalley-edc-las-vegas-united-states-2025-05-18.html,Argy,melodic house,True
https://www.1001tracklists.com/tracklist/24js5d39/argy-zouk-nightclub-edc-week-las-vegas-2025-05-16.html,Argy,melodic house,True
https://www.1001tracklists.com/tracklist/1kwjfwnk/argy-siam-songkran-music-festival-thailand-2025-04-14.html,Argy,melodic house,True
https://www.1001tracklists.com/tracklist/24jjhnu9/argy-the-dream-stage-dreamstate-cow-palace-united-states-2025-04-04.html,Argy,melodic house,True
https://www.1001tracklists.com/tracklist/n2r12lk/argy-la-estacion-cordoba-argentina-2025-03-23.html,Argy,melodic house,True
https://www.1001tracklists.com/tracklist/121q6739/argy-phantom-paris-france-2025-03-15.html,Argy,melodic house,True
https://www.1001tracklists.com/tracklist/2txg2tx9/argy-gordo-zamna-tulum-on-the-beach-mexico-2025-01-05.html,Argy,melodic house,True
https://www.1001tracklists.com/tracklist/2q67b2sk/argy-afterlife-zamna-tulum-mexico-2025-01-04.html,Argy,melodic house,True
https://www.1001tracklists.com/tracklist/13wy2gwk/argy-the-end-of-genesys-sphere-las-vegas-united-states-2025-01-01.html,Argy,melodic house,True
https://www.1001tracklists.com/tracklist/105p0hzt/argy-mainstage-sunburn-festival-india-2024-12-29.html,Argy,melodic house,True
https://www.1001tracklists.com/tracklist/1kvqltv1/argy-gordo-mainstage-fairground-festival-hannover-germany-2024-11-30.html,Argy,melodic house,True
https://www.1001tracklists.com/tracklist/gh52m3k/argy-mainstage-dreamfields-festival-mexico-2024-11-17.html,Argy,melodic house,True
https://www.1001tracklists.com/tracklist/2ftqfnm9/argy-off-looloo-sala-urbana-cdmx-mexico-2024-11-15.html,Argy,melodic house,True
https://www.1001tracklists.com/tracklist/1v5nv9rk/pete-tong-mau-p-argy-global-dance-hq-2024-11-15.html,Argy,melodic house,True
https://www.1001tracklists.com/tracklist/1hzydwq9/argy-colyn-mainstage-vac-vision-colour-music-festival-china-2024-11-03.html,Argy,melodic house,True
https://www.1001tracklists.com/tracklist/k8h0cmt/argy-special-stage-vac-vision-colour-music-festival-china-2024-11-02.html,Argy,melodic house,True
https://www.1001tracklists.com/tracklist/16pxc0gk/argy-zerotokyo-japan-2024-11-01.html,Argy,melodic house,True
https://www.1001tracklists.com/tracklist/wg30gtk/argy-joule-osaka-japan-2024-10-31.html,Argy,melodic house,True
https://www.1001tracklists.com/tracklist/1nnnb931/argy-afterlife-orange-theatre-antique-dorange-france-2024-08-25.html,Argy,melodic house,True
https://www.1001tracklists.com/tracklist/1jxnxhs1/argy-beatport-live-miller-mix-world-tour-kazakhfilm-almaty-2024-08-16.html,Argy,melodic house,True
https://www.1001tracklists.com/tracklist/2868t45k/argy-freedom-stage-tomorrowland-weekend-2-belgium-2024-07-28.html,Argy,melodic house,True
https://www.1001tracklists.com/tracklist/1nnby5lk/argy-vintage-culture-mts-dance-arena-exit-festival-serbia-2024-07-12.html,Argy,melodic house,True
https://www.1001tracklists.com/tracklist/1g3mzcsk/argy-kevin-de-vries-afterlife-off-week-barcelona-parc-del-forum-barcelona-spain-2024-06-15.html,Argy,melodic house,True
https://www.1001tracklists.com/tracklist/nyupxrt/argy-m2o-dance-with-us-guest-mix-2024-06-01.html,Argy,melodic house,True
https://www.1001tracklists.com/tracklist/pxtg3xk/argy-zouk-club-singapore-2024-05-03.html,Argy,melodic house,True
https://www.1001tracklists.com/tracklist/pw9kwpk/armin-van-buuren-argy-dance-department-2024-03-30.html,Argy,melodic house,True
https://www.1001tracklists.com/tracklist/1v4g2mlt/argy-resistance-the-cove-ultra-music-festival-miami-united-states-2024-03-22.html,Argy,melodic house,True
https://www.1001tracklists.com/tracklist/1yvktyjt/ben-malone-argy-kiss-nights-2024-03-22.html,Argy,melodic house,True
https://www.1001tracklists.com/tracklist/2lfdl5y1/argy-dj-mag-italy-radioshow-2024-03-20.html,Argy,melodic house,True
https://www.1001tracklists.com/tracklist/1ku9pkp1/argy-jungfraujoch-switzerland-cercle-2024-03-19.html,Argy,melodic house,True
https://www.1001tracklists.com/tracklist/k76jju9/argy-radio-1s-essential-mix-2024-03-16.html,Argy,melodic house,True
https://www.1001tracklists.com/tracklist/21nvvxtk/argy-area-three-a-state-of-trance-festival-ahoy-rotterdam-netherlands-2024-02-24.html,Argy,melodic house,True
https://www.1001tracklists.com/tracklist/z5mrv19/moguai-argy-alle-farben-1live-dj-session-2023-11-25.html,Argy,melodic house,True
https://www.1001tracklists.com/tracklist/292n4kyt/argy-tomorrowland-friendship-mix-2023-11-09.html,Argy,melodic house,True
https://www.1001tracklists.com/tracklist/k66ypdk/makez-anja-schneider-argy-miss-monique-global-dance-hq-european-mix-special-2023-09-22.html,Argy,melodic house,True
https://www.1001tracklists.com/tracklist/2swwtbtt/argy-mainstage-naturklang-the-lagoon-switzerland-2023-08-26.html,Argy,melodic house,True
https://www.1001tracklists.com/tracklist/y6u7389/argy-afterlife-mexico-2023-05-07.html,Argy,melodic house,True
https://www.1001tracklists.com/tracklist/14pb76yt/argy-bbc-radio-1-wind-down-mix-2022-04-02.html,Argy,melodic house,True
https://www.1001tracklists.com/tracklist/2l892xkk/john-digweed-argy-transitions-884-2021-08-06.html,Argy,melodic house,True
https://www.1001tracklists.com/tracklist/4xjlhs9/john-digweed-argy-transitions-575-cafe-mambo-ibiza-spain-2015-09-04.html,Argy,melodic house,True
https://www.1001tracklists.com/tracklist/1f9ch7zk/argy-keinemusik-radio-show-2012-06-22.html,Argy,melodic house,True
https://www.1001tracklists.com/tracklist/gfvb8f9/asys-argy-projekt.tek-filterd-76-2012-05-30.html,Argy,melodic house,True
https://www.1001tracklists.com/tracklist/35qtzrk/copyright-argy-in-the-house-2012-04-23.html,Argy,melodic house,True
https://www.1001tracklists.com/tracklist/2u04kj31/black-coffee-quake-arena-hyderabad-india-2026-04-02.html,Black Coffee,afro house,True
https://www.1001tracklists.com/tracklist/1v86hw8t/black-coffee-zamna-tulum-mexico-2026-01-11.html,Black Coffee,afro house,True
https://www.1001tracklists.com/tracklist/1qlc330k/black-coffee-mayan-warrior-burning-man-united-states-2025-08-26.html,Black Coffee,afro house,True
https://www.1001tracklists.com/tracklist/1db0jcv9/black-coffee-black-coffee-experience-pirenopolis-brazil-2025-04-18.html,Black Coffee,afro house,True
https://www.1001tracklists.com/tracklist/um7rl7k/black-coffee-kunye-huddle-park-golf-recreation-south-africa-2025-03-08.html,Black Coffee,afro house,True
https://www.1001tracklists.com/tracklist/1zv02t91/black-coffee-womb-tokyo-japan-2025-01-10.html,Black Coffee,afro house,True
https://www.1001tracklists.com/tracklist/jbwm4p9/black-coffee-silo-dallas-united-states-2024-11-22.html,Black Coffee,afro house,True
https://www.1001tracklists.com/tracklist/2n9n076k/black-coffee-mochakk-futur-stage-kappa-futurfestival-turin-italy-2024-07-06.html,Black Coffee,afro house,True
https://www.1001tracklists.com/tracklist/1w2p5x21/black-coffee-hi-ibiza-spain-2024-06-22.html,Black Coffee,afro house,True
https://www.1001tracklists.com/tracklist/ny0ff89/black-coffee-body-and-soul-mam-rio-de-janeiro-brazil-2024-01-05.html,Black Coffee,afro house,True
https://www.1001tracklists.com/tracklist/1xx76l49/black-coffee-sunburn-arena-bangaluru-india-2023-12-07.html,Black Coffee,afro house,True
https://www.1001tracklists.com/tracklist/2jk3dx31/black-coffee-rancho-del-agustin-valle-de-bravo-mexico-2023-11-18.html,Black Coffee,afro house,True
https://www.1001tracklists.com/tracklist/1bc1xw3t/mednas-black-coffee-iii-points-weekend-liv-miami-united-states-2023-10-19.html,Black Coffee,afro house,True
https://www.1001tracklists.com/tracklist/276g91w9/black-coffee-atmosphere-stage-tomorrowland-weekend-1-belgium-2023-07-23.html,Black Coffee,afro house,True
https://www.1001tracklists.com/tracklist/smx0lvk/black-coffee-radio-1s-essential-mix-printworks-london-united-kingdom-2023-04-29.html,Black Coffee,afro house,True
https://www.1001tracklists.com/tracklist/qrx9zl1/black-coffee-south-beach-maputo-mozambique-2023-01-28.html,Black Coffee,afro house,True
https://www.1001tracklists.com/tracklist/bn1488t/black-coffee-hipodromo-de-las-americas-mexico-2022-10-30.html,Black Coffee,afro house,True
https://www.1001tracklists.com/tracklist/1u3wf6nk/black-coffee-the-brooklyn-mirage-new-york-united-states-2022-10-16.html,Black Coffee,afro house,True
https://www.1001tracklists.com/tracklist/282mjm3t/black-coffee-hi-ibiza-spain-2022-08-13.html,Black Coffee,afro house,True
https://www.1001tracklists.com/tracklist/2jgd11b9/black-coffee-saga-festival-romania-2022-06-03.html,Black Coffee,afro house,True
https://www.1001tracklists.com/tracklist/24bpqn5k/black-coffee-sahara-coachella-festival-weekend-1-united-states-2022-04-15.html,Black Coffee,afro house,True
https://www.1001tracklists.com/tracklist/1mkpbmdk/black-coffee-zamna-tulum-mexico-2022-01-08.html,Black Coffee,afro house,True
https://www.1001tracklists.com/tracklist/15ll52h1/black-coffee-new-years-week-story-nightclub-miami-united-states-2021-12-30.html,Black Coffee,afro house,True
https://www.1001tracklists.com/tracklist/2kc7um1k/black-coffee-for-my-dear-friend-v-2021-12-22.html,Black Coffee,afro house,True
https://www.1001tracklists.com/tracklist/1jrxu1tk/black-coffee-tsunami-stage-seismic-dance-event-4.0-united-states-2021-11-14.html,Black Coffee,afro house,True
https://www.1001tracklists.com/tracklist/1zpuj8kk/black-coffee-wet-republic-ultra-pool-las-vegas-edc-week-las-vegas-2021-10-24.html,Black Coffee,afro house,True
https://www.1001tracklists.com/tracklist/sjyds7k/black-coffee-neongarden-edc-las-vegas-united-states-2021-10-24.html,Black Coffee,afro house,True
https://www.1001tracklists.com/tracklist/256mu8g1/black-coffee-music-media-dome-moscow-russia-2021-05-21.html,Black Coffee,afro house,True
https://www.1001tracklists.com/tracklist/23c0jx1t/kream-black-coffee-ghetto-house-radio-741-2021-05-15.html,Black Coffee,afro house,True
https://www.1001tracklists.com/tracklist/z0lnl99/black-coffee-radio-show-for-hi-ibiza-2021-2021-04-29.html,Black Coffee,afro house,True
https://www.1001tracklists.com/tracklist/27zrk2rk/black-coffee-disclosure-1live-dj-session-2021-04-03.html,Black Coffee,afro house,True
https://www.1001tracklists.com/tracklist/18bg4wwk/black-coffee-keinemusik-radio-show-2021-04-02.html,Black Coffee,afro house,True
https://www.1001tracklists.com/tracklist/2l7dq7fk/black-coffee-fun-radio-le-before-world-dj-day-special-2021-03-09.html,Black Coffee,afro house,True
https://www.1001tracklists.com/tracklist/16gpjqqt/black-coffee-afro-house-march-mix-2021-2021-03-06.html,Black Coffee,afro house,True
https://www.1001tracklists.com/tracklist/uc6fpvk/black-coffee-sian-eleri-radio-1s-chillest-show-2021-02-28.html,Black Coffee,afro house,True
https://www.1001tracklists.com/tracklist/12rf5bh1/black-coffee-afrojunglist-mix-2021-2021-02-21.html,Black Coffee,afro house,True
https://www.1001tracklists.com/tracklist/2dnj8f21/black-coffee-sputnik-club-2021-02-13.html,Black Coffee,afro house,True
https://www.1001tracklists.com/tracklist/1r6xtsm1/pete-tong-black-coffee-essential-selection-2021-02-05.html,Black Coffee,afro house,True
https://www.1001tracklists.com/tracklist/2ghtwvpt/black-coffee-p7-arena-media-one-hotel-dubai-united-arab-emirates-2020-12-31.html,Black Coffee,afro house,True
https://www.1001tracklists.com/tracklist/lvxwxlt/black-coffee-life-stream-exit-festival-serbia-2020-09-20.html,Black Coffee,afro house,True
https://www.1001tracklists.com/tracklist/bhhvlgt/black-coffee-bbc-radio-1-dance-weekend-2020-07-31.html,Black Coffee,afro house,True
https://www.1001tracklists.com/tracklist/2tnr59qk/black-coffee-scorpios-mykonos-greece-2020-07-21.html,Black Coffee,afro house,True
https://www.1001tracklists.com/tracklist/w5n20q9/black-coffee-bbc-radio-1-essential-mix-ibiza-season-2020-07-04.html,Black Coffee,afro house,True
https://www.1001tracklists.com/tracklist/j22yu49/black-coffee-caiiro-home-brewed-south-africa-2020-06-13.html,Black Coffee,afro house,True
https://www.1001tracklists.com/tracklist/2ggr6s7t/black-coffee-home-brewed-007-finale-south-africa-2020-05-16.html,Black Coffee,afro house,True
https://www.1001tracklists.com/tracklist/2tn9sk01/black-coffee-home-brewed-006-south-africa-2020-05-10.html,Black Coffee,afro house,True
https://www.1001tracklists.com/tracklist/1b4dnpvt/black-coffee-home-brewed-005-south-africa-2020-05-02.html,Black Coffee,afro house,True
https://www.1001tracklists.com/tracklist/1gtbfd89/black-coffee-home-brewed-004-south-africa-2020-04-25.html,Black Coffee,afro house,True
https://www.1001tracklists.com/tracklist/16f2nf7t/black-coffee-home-brewed-003-003-2020-04-18.html,Black Coffee,afro house,True
https://www.1001tracklists.com/tracklist/pnhsw9t/black-coffee-music-is-king-march-2020-03-19.html,Black Coffee,afro house,True
https://www.1001tracklists.com/tracklist/2m3drbhk/black-coffee-deep-afro-2020-2020-03-03.html,Black Coffee,afro house,True
https://www.1001tracklists.com/tracklist/2m3cu4wk/black-coffee-themba-music-is-king-mix-2020-02-24.html,Black Coffee,afro house,True
https://www.1001tracklists.com/tracklist/ql6fzwk/black-coffee-music-is-king-appreciation-mix-2020-2020-02-19.html,Black Coffee,afro house,True
https://www.1001tracklists.com/tracklist/238pymr9/black-coffee-afro-mystical-2020-2020-02-11.html,Black Coffee,afro house,True
https://www.1001tracklists.com/tracklist/246grh91/black-coffee-afro-deep-2020-02-01.html,Black Coffee,afro house,True
https://www.1001tracklists.com/tracklist/29t8sud1/black-coffee-when-sun-goes-down-2020-02-01.html,Black Coffee,afro house,True
https://www.1001tracklists.com/tracklist/j1pp23k/black-coffee-day-zero-festival-ciudad-chemuyil-mexico-2020-01-10.html,Black Coffee,afro house,True
https://www.1001tracklists.com/tracklist/2fjd07kk/black-coffee-africa-is-not-a-jungle-2019-12-24.html,Black Coffee,afro house,True
https://www.1001tracklists.com/tracklist/2pwl78x1/black-coffee-music-is-king-2019-appreciation-mix-2019-12-14.html,Black Coffee,afro house,True
https://www.1001tracklists.com/tracklist/u928tst/black-coffee-all-my-friends-music-festival-row-dtla-los-angeles-united-states-2019-10-20.html,Black Coffee,afro house,True
https://www.1001tracklists.com/tracklist/22blh591/mednas-mednas-madness-2019-10-17.html,Black Coffee,afro house,True
https://www.1001tracklists.com/tracklist/1knrjws9/black-coffee-beach-party-radisson-blu-palace-resort-and-thalasso-djerba-tunisia-2019-08-02.html,Black Coffee,afro house,True
https://www.1001tracklists.com/tracklist/12p15ys9/black-coffee-mainstage-tomorrowland-weekend-1-belgium-2019-07-20.html,Black Coffee,afro house,True
https://www.1001tracklists.com/tracklist/zv2u6jk/black-coffee-bud-light-warehouse-mexico-2019-01-19.html,Black Coffee,afro house,True
https://www.1001tracklists.com/tracklist/tbd7y29/black-coffee-beats-1-radio-new-years-eve-mix-2018-12-31.html,Black Coffee,afro house,True
https://www.1001tracklists.com/tracklist/2rr0xwfk/black-coffee-rinse-fm-2018-11-01.html,Black Coffee,afro house,True
https://www.1001tracklists.com/tracklist/f6r93gk/gabry-venus-black-coffee-hjm-promotion-and-fidelio-milano-present-105-indaklubb-live-2018-10-22.html,Black Coffee,afro house,True
https://www.1001tracklists.com/tracklist/sd7r571/black-coffee-hi-ibiza-spain-2018-08-25.html,Black Coffee,afro house,True
https://www.1001tracklists.com/tracklist/d8rpfy9/tiesto-black-coffee-club-life-594-2018-08-17.html,Black Coffee,afro house,True
https://www.1001tracklists.com/tracklist/h2139p9/black-coffee-organ-of-harmony-stage-tomorrowland-weekend-1-belgium-2018-07-20.html,Black Coffee,afro house,True
https://www.1001tracklists.com/tracklist/nnrxd29/black-coffee-themba-mixmag-the-lab-new-york-united-states-2018-05-18.html,Black Coffee,afro house,True
https://www.1001tracklists.com/tracklist/1uuh11k1/black-coffee-mojave-tent-coachella-festival-united-states-2018-04-13.html,Black Coffee,afro house,True
https://www.1001tracklists.com/tracklist/bdq5frk/monki-black-coffee-virgil-abloh-bbc-radio-1-miami-music-week-united-states-2018-03-23.html,Black Coffee,afro house,True
https://www.1001tracklists.com/tracklist/mql5vyt/black-coffee-chateauform-salle-wagram-france-cercle-2018-01-29.html,Black Coffee,afro house,True
https://www.1001tracklists.com/tracklist/1hnm9y1t/pete-tong-black-coffee-essential-selection-2018-01-12.html,Black Coffee,afro house,True
https://www.1001tracklists.com/tracklist/h1cf6r9/kolsch-black-coffee-radio-1s-residency-2017-11-09.html,Black Coffee,afro house,True
https://www.1001tracklists.com/tracklist/2wbs9xft/black-coffee-dj-mag-hq-ibiza-2017-08-20.html,Black Coffee,afro house,True
https://www.1001tracklists.com/tracklist/1mq1gtk1/black-coffee-da-capo-beats-1-radio-black-coffee-on-beats-1-001-2017-07-28.html,Black Coffee,afro house,True
https://www.1001tracklists.com/tracklist/13skjm81/black-coffee-mixmag-the-lab-miami-miami-music-week-united-states-2017-03-28.html,Black Coffee,afro house,True
https://www.1001tracklists.com/tracklist/f4npbp1/pete-tong-black-coffee-steve-lawler-essential-selection-2016-08-12.html,Black Coffee,afro house,True
https://www.1001tracklists.com/tracklist/248fwqz1/black-coffee-circoloco-radio-001-dc10-ibiza-spain-2016-07-04.html,Black Coffee,afro house,True
https://www.1001tracklists.com/tracklist/1by130k9/black-coffee-yuma-tent-coachella-festival-weekend-2-united-states-2016-04-22.html,Black Coffee,afro house,True
https://www.1001tracklists.com/tracklist/2gbg65m9/black-coffee-resistance-stage-ultra-music-festival-miami-united-states-be-at-tv-2016-03-20.html,Black Coffee,afro house,True
https://www.1001tracklists.com/tracklist/249s4wk/black-coffee-bbc-radio-1-essential-mix-2015-11-21.html,Black Coffee,afro house,True
https://www.1001tracklists.com/tracklist/19hg1v9/annie-mac-black-coffee-dj-haus-uttu-annie-mac-friday-night-2015-11-20.html,Black Coffee,afro house,True
https://www.1001tracklists.com/tracklist/1cw8lqk/pete-tong-black-coffee-essential-selection-2015-03-20.html,Black Coffee,afro house,True
https://www.1001tracklists.com/tracklist/smn94h9/black-coffee-boiler-room-johannesburg-2015-03-05.html,Black Coffee,afro house,True
https://www.1001tracklists.com/tracklist/1zl9upnk/black-coffee-2nd-may-mix-2011-05-02.html,Black Coffee,afro house,True
https://www.1001tracklists.com/tracklist/2b5fgj7k/themba-elemens-of-africa-2026-03-20.html,Themba,afro house,True
https://www.1001tracklists.com/tracklist/26fx3v1k/themba-traxsource-live-567-2026-02-05.html,Themba,afro house,True
https://www.1001tracklists.com/tracklist/2dyuwjk9/themba-26-leake-streets-tunnel-london-united-kingdom-2025-11-01.html,Themba,afro house,True
https://www.1001tracklists.com/tracklist/vl8y751/themba-1001tracklists-exclusive-mix-orange-velodrome-marseille-france-2025-06-21-2025-10-07.html,Themba,afro house,True
https://www.1001tracklists.com/tracklist/1y0vkfz1/themba-bbc-radio-1-dance-presents-armada-music-2025-09-20.html,Themba,afro house,True
https://www.1001tracklists.com/tracklist/2p6f4jf9/themba-on-the-record-205-2024-01-12.html,Themba,afro house,True
https://www.1001tracklists.com/tracklist/2lct0279/themba-bbc-radio-1-wind-down-mix-2023-05-27.html,Themba,afro house,True
https://www.1001tracklists.com/tracklist/1s9251xt/themba-the-brooklyn-mirage-new-york-united-states-2023-03-29.html,Themba,afro house,True
https://www.1001tracklists.com/tracklist/267qmrh1/themba-electronic-groove-podcast-922-2023-01-09.html,Themba,afro house,True
https://www.1001tracklists.com/tracklist/nvzpjh9/themba-m2o-2022-11-26.html,Themba,afro house,True
https://www.1001tracklists.com/tracklist/1yrsvzp1/themba-dj-mag-on-cue-2022-03-31.html,Themba,afro house,True
https://www.1001tracklists.com/tracklist/28191091/themba-circoloco-radio-223-2022-01-03.html,Themba,afro house,True
https://www.1001tracklists.com/tracklist/2q06s911/above-beyond-themba-group-therapy-radio-465-2021-12-17.html,Themba,afro house,True
https://www.1001tracklists.com/tracklist/20llxlf1/themba-1001tracklists-exclusive-mix-2021-11-19.html,Themba,afro house,True
https://www.1001tracklists.com/tracklist/2kc0uytk/themba-armada-in-the-mix-amsterdam-2021-11-18.html,Themba,afro house,True
https://www.1001tracklists.com/tracklist/2cs0662k/themba-anton-bruner-residance-2021-10-09.html,Themba,afro house,True
https://www.1001tracklists.com/tracklist/k2f5s71/themba-radio-1s-essential-mix-2021-10-02.html,Themba,afro house,True
https://www.1001tracklists.com/tracklist/22fxt21k/pete-tong-themba-essential-selection-2021-10-01.html,Themba,afro house,True
https://www.1001tracklists.com/tracklist/1r80pwf9/themba-bbc-radio-1-dance-weekend-2021-08-06.html,Themba,afro house,True
https://www.1001tracklists.com/tracklist/qnd66kt/themba-beatport-live-crosstown-rebels-presents-get-lost-may-day-2021-05-02.html,Themba,afro house,True
https://www.1001tracklists.com/tracklist/1xs264j1/john-digweed-themba-transitions-870-2021-04-30.html,Themba,afro house,True
https://www.1001tracklists.com/tracklist/1d1t9phk/themba-one-world-radio-sunday-morning-playlist-031-2021-04-25.html,Themba,afro house,True
https://www.1001tracklists.com/tracklist/21gtnr2k/themba-bbc-radio-1-dance-presents-armada-music-2021-02-13.html,Themba,afro house,True
https://www.1001tracklists.com/tracklist/197fpf89/themba-abracadabra-virtual-festival-1.0-2020-06-19.html,Themba,afro house,True
https://www.1001tracklists.com/tracklist/28vt0j71/themba-defected-virtual-festival-4.0-2020-04-24.html,Themba,afro house,True
https://www.1001tracklists.com/tracklist/tcrq5d1/themba-beatport-live-reconnect-2020-03-28.html,Themba,afro house,True
https://www.1001tracklists.com/tracklist/15n1rr2k/themba-kaltblut-magazine-mixtape-2020-01-17.html,Themba,afro house,True
https://www.1001tracklists.com/tracklist/1cd96uy9/themba-hi-ibiza-spain-2019-09-28.html,Themba,afro house,True
https://www.1001tracklists.com/tracklist/2hcr6rr9/themba-dj-mag-hq-sessions-2019-09-20.html,Themba,afro house,True
https://www.1001tracklists.com/tracklist/9j54s4k/pete-tong-themba-essential-selection-2019-05-10.html,Themba,afro house,True
https://www.1001tracklists.com/tracklist/bg08bb9/themba-herd-in-miami-2019-04-27.html,Themba,afro house,True
https://www.1001tracklists.com/tracklist/15g3j78t/charlotte-de-witte-chris-liebing-themba-mele-radio-1s-essential-mix-all-gone-pete-tong-miami-pool-party-surfcomber-miami-united-states-2019-03-30.html,Themba,afro house,True
https://www.1001tracklists.com/tracklist/195b5xrt/themba-mele-all-gone-pete-tong-surfcomber-miami-miami-music-week-united-states-2019-03-28.html,Themba,afro house,True
https://www.1001tracklists.com/tracklist/2k6q2b6t/themba-one-mix-2019-02-15.html,Themba,afro house,True
https://www.1001tracklists.com/tracklist/2cmux6lt/themba-herd-in-ibiza-dj-mix-2019-01-25.html,Themba,afro house,True
https://www.1001tracklists.com/tracklist/1cy5j3ck/themba-data-transmission-spotlight-mix-2018-09-28.html,Themba,afro house,True
https://www.1001tracklists.com/tracklist/1tx35ng9/john-digweed-themba-transitions-731-2018-09-03.html,Themba,afro house,True
https://www.1001tracklists.com/tracklist/stzmcq9/enoo-napa-autumn-2026-2026-04-09.html,Enoo Napa,afro house,True
https://www.1001tracklists.com/tracklist/2b3vc8jt/caiiro-da-capo-enoo-napa-1001tracklists-exclusive-mix-outernet-london-united-kingdom-2025-07-08.html,Enoo Napa,afro house,True
https://www.1001tracklists.com/tracklist/2czbqxg9/caiiro-da-capo-enoo-napa-zazu-netherlands-2025-04-19.html,Enoo Napa,afro house,True
https://www.1001tracklists.com/tracklist/1bg4rnw1/enoo-napa-hydraulics-dj-booth-2025-02-12.html,Enoo Napa,afro house,True
https://www.1001tracklists.com/tracklist/n0zlldt/enoo-napa-defected-broadcasting-house-the-basement-defected-hq-london-united-kingdom-2024-05-16.html,Enoo Napa,afro house,True
https://www.1001tracklists.com/tracklist/13v72x79/caiiro-enoo-napa-yalos-x-madorasindahouse-greece-2024-02-07.html,Enoo Napa,afro house,True
https://www.1001tracklists.com/tracklist/k5jdb51/enoo-napa-descendants-x-drums-radio-studio-live-set-2023-03-10.html,Enoo Napa,afro house,True
https://www.1001tracklists.com/tracklist/2q217nu9/enoo-napa-channel-o-mix-live-at-ur-2022-11-03.html,Enoo Napa,afro house,True
https://www.1001tracklists.com/tracklist/2cujy4m9/enoo-napa-africa-rising-festival-het-sieraad-amsterdam-dance-event-netherlands-2022-10-22.html,Enoo Napa,afro house,True
https://www.1001tracklists.com/tracklist/13slhkhk/enoo-napa-selador-sessions-178-2022-10-07.html,Enoo Napa,afro house,True
https://www.1001tracklists.com/tracklist/1kr5t0m1/caiiro-enoo-napa-mixmag-the-lab-johannesburg-south-africa-2022-07-21.html,Enoo Napa,afro house,True
https://www.1001tracklists.com/tracklist/2bvkqn61/enoo-napa-madorasindahouse-003-2022-06-02.html,Enoo Napa,afro house,True
https://www.1001tracklists.com/tracklist/10xhdjv1/enoo-napa-alter-ego-dubai-united-arab-emirates-2021-12-18.html,Enoo Napa,afro house,True
https://www.1001tracklists.com/tracklist/1s66tq2k/enoo-napa-kunye-live-2021-10-21.html,Enoo Napa,afro house,True
https://www.1001tracklists.com/tracklist/1b6usj09/kid-fonque-enoo-napa-selective-styles-250-2021-08-15.html,Enoo Napa,afro house,True
https://www.1001tracklists.com/tracklist/y3bq0b9/enoo-napa-zakanisto-studio-2021-07-26.html,Enoo Napa,afro house,True
https://www.1001tracklists.com/tracklist/2pyxx8u1/enoo-napa-100k-appreciation-mix-2021-05-01.html,Enoo Napa,afro house,True
https://www.1001tracklists.com/tracklist/2qw5kvg9/enoo-napa-deep-in-it-002-2021-01-31.html,Enoo Napa,afro house,True
https://www.1001tracklists.com/tracklist/1d106k99/enoo-napa-deep-around-the-clock-durban-south-africa-2020-12-10.html,Enoo Napa,afro house,True
https://www.1001tracklists.com/tracklist/1vuwukn9/enoo-napa-60k-appreciation-mix-2020-07-01.html,Enoo Napa,afro house,True
https://www.1001tracklists.com/tracklist/2qv0bq89/enoo-napa-the-enoo-experience-2020-05-16.html,Enoo Napa,afro house,True
https://www.1001tracklists.com/tracklist/1vsu2k31/enoo-napa-traxsource-live-193-2018-10-11.html,Enoo Napa,afro house,True
https://www.1001tracklists.com/tracklist/2795wsn9/da-capo-karyendasoul-1001tracklists-exclusive-mix-1001tracklists-the-future-of-dance-room-mate-aitana-hotel-amsterdam-dance-event-netherlands-2024-12-05.html,Da Capo,afro house,True
https://www.1001tracklists.com/tracklist/21qt4wst/da-capo-glass-island-sydney-australia-2024-10-25.html,Da Capo,afro house,True
https://www.1001tracklists.com/tracklist/1202ulfk/da-capo-sondela-the-steel-yard-london-united-kingdom-2024-04-26.html,Da Capo,afro house,True
https://www.1001tracklists.com/tracklist/tgg11hk/da-capo-kunye-live-006-south-africa-2021-08-26.html,Da Capo,afro house,True
https://www.1001tracklists.com/tracklist/bkfxs2k/shimza-da-capo-darque-kunye-live-001-south-africa-2021-07-23.html,Da Capo,afro house,True
https://www.1001tracklists.com/tracklist/13p8kttt/da-capo-deep-in-it-007-2021-03-07.html,Da Capo,afro house,True
https://www.1001tracklists.com/tracklist/1r6hzh8t/da-capo-system-restart-johannesburg-boiler-room-south-africa-2020-11-14.html,Da Capo,afro house,True
https://www.1001tracklists.com/tracklist/1d04r1rk/da-capo-traxsource-live-280-2020-06-11.html,Da Capo,afro house,True
https://www.1001tracklists.com/tracklist/29tryzzt/da-capo-dj-mag-house-party-2020-05-28.html,Da Capo,afro house,True
https://www.1001tracklists.com/tracklist/y126grk/da-capo-lockdown-house-party-channel-o-south-africa-2020-05-23.html,Da Capo,afro house,True
https://www.1001tracklists.com/tracklist/zvjh5x9/da-capo-mixmag-the-lab-johannesburg-south-africa-2019-05-15.html,Da Capo,afro house,True
https://www.1001tracklists.com/tracklist/2lks1j3k/shimza-karma-karma-radio-081-2026-04-13.html,Shimza,afro house,True
https://www.1001tracklists.com/tracklist/rw68vq1/afrojack-shimza-quasar-coachella-festival-weekend-1-united-states-2026-04-11.html,Shimza,afro house,True
https://www.1001tracklists.com/tracklist/1qmnrft1/shimza-karma-karma-radio-080-2026-04-08.html,Shimza,afro house,True
https://www.1001tracklists.com/tracklist/131s5jp9/shimza-falyn-karma-karma-radio-079-2026-03-30.html,Shimza,afro house,True
https://www.1001tracklists.com/tracklist/1mu60mu1/shimza-siriusxm-miami-studios-miami-music-week-united-states-2026-03-27.html,Shimza,afro house,True
https://www.1001tracklists.com/tracklist/16sxpqy1/shimza-karma-karma-radio-078-2026-03-24.html,Shimza,afro house,True
https://www.1001tracklists.com/tracklist/upg5d9t/shimza-karma-karma-radio-077-2026-03-18.html,Shimza,afro house,True
https://www.1001tracklists.com/tracklist/131mvjnt/shimza-oskido-karma-karma-radio-076-2026-03-10.html,Shimza,afro house,True
https://www.1001tracklists.com/tracklist/2lkhsfq1/shimza-karma-karma-radio-075-2026-03-04.html,Shimza,afro house,True
https://www.1001tracklists.com/tracklist/2jpv17j9/shimza-karma-karma-radio-074-2026-02-23.html,Shimza,afro house,True
https://www.1001tracklists.com/tracklist/trh3twt/shimza-karma-karma-radio-073-2026-02-17.html,Shimza,afro house,True
https://www.1001tracklists.com/tracklist/2pbsqx71/shimza-karma-karma-radio-072-2026-02-09.html,Shimza,afro house,True
https://www.1001tracklists.com/tracklist/1v8gfy51/shimza-kabza-de-small-grand-africa-cafe-beach-cape-town-south-africa-2026-02-05.html,Shimza,afro house,True
https://www.1001tracklists.com/tracklist/1j2njjd9/shimza-karma-karma-radio-071-2026-02-03.html,Shimza,afro house,True
https://www.1001tracklists.com/tracklist/2hrvyh0k/shimza-karma-karma-radio-070-2026-01-26.html,Shimza,afro house,True
https://www.1001tracklists.com/tracklist/1ubfd70k/shimza-one-world-radio-the-20-of-2026-2026-01-26.html,Shimza,afro house,True
https://www.1001tracklists.com/tracklist/vm2xvgt/shimza-camden-roundhouse-london-united-kingdom-2026-01-24.html,Shimza,afro house,True
https://www.1001tracklists.com/tracklist/n4hh7gk/shimza-karma-karma-radio-069-2026-01-19.html,Shimza,afro house,True
https://www.1001tracklists.com/tracklist/1lvxkquk/shimza-one-world-radio-the-20-of-2026-2026-01-12.html,Shimza,afro house,True
https://www.1001tracklists.com/tracklist/n4g1gmk/shimza-karma-karma-radio-068-2026-01-11.html,Shimza,afro house,True
https://www.1001tracklists.com/tracklist/2c2ng2zt/shimza-karma-karma-radio-067-2025-12-19.html,Shimza,afro house,True
https://www.1001tracklists.com/tracklist/26fmlglt/shimza-karma-karma-radio-066-club-chinois-ibiza-spain-2025-12-17.html,Shimza,afro house,True
https://www.1001tracklists.com/tracklist/1y1c546k/shimza-karma-karma-radio-065-2025-12-10.html,Shimza,afro house,True
https://www.1001tracklists.com/tracklist/115fy7xt/shimza-karma-karma-radio-064-club-chinois-ibiza-spain-2025-08-08-2025-12-03.html,Shimza,afro house,True
https://www.1001tracklists.com/tracklist/13ytbsk1/shimza-karma-karma-radio-063-2025-11-26.html,Shimza,afro house,True
https://www.1001tracklists.com/tracklist/m69v1t9/shimza-karma-karma-radio-062-2025-11-19.html,Shimza,afro house,True
https://www.1001tracklists.com/tracklist/dpnpkyt/shimza-karma-karma-radio-061-2025-11-12.html,Shimza,afro house,True
https://www.1001tracklists.com/tracklist/1qlqrpvt/shimza-karma-karma-radio-060-2025-11-03.html,Shimza,afro house,True
https://www.1001tracklists.com/tracklist/18mz9knk/shimza-x-ritvales-festival-medellin-colombia-2025-11-01.html,Shimza,afro house,True
https://www.1001tracklists.com/tracklist/fmdm6fk/shimza-m2o-dance-with-us-guestmix-2025-11-01.html,Shimza,afro house,True
https://www.1001tracklists.com/tracklist/btz0rk9/shimza-karma-karma-radio-059-pier-play-santa-monica-united-states-2025-10-04-2025-10-29.html,Shimza,afro house,True
https://www.1001tracklists.com/tracklist/l8wk0jk/shimza-arodes-the-loft-amsterdam-dance-event-netherlands-2025-10-24.html,Shimza,afro house,True
https://www.1001tracklists.com/tracklist/l8cjyck/shimza-slam-amsterdam-dance-event-netherlands-2025-10-24.html,Shimza,afro house,True
https://www.1001tracklists.com/tracklist/25hgx65t/shimza-karma-karma-radio-058-2025-10-20.html,Shimza,afro house,True
https://www.1001tracklists.com/tracklist/jdqdgdt/shimza-dj-mag-italy-radioshow-2025-10-15.html,Shimza,afro house,True
https://www.1001tracklists.com/tracklist/2q7u0zd9/shimza-karma-karma-radio-056-2025-10-05.html,Shimza,afro house,True
https://www.1001tracklists.com/tracklist/ycnsl4k/shimza-karma-karma-radio-055-2025-10-01.html,Shimza,afro house,True
https://www.1001tracklists.com/tracklist/1g67txl1/shimza-karma-karma-radio-054-2025-09-24.html,Shimza,afro house,True
https://www.1001tracklists.com/tracklist/gjxlkm9/shimza-karma-karma-radio-053-2025-09-17.html,Shimza,afro house,True
https://www.1001tracklists.com/tracklist/2czvfrqk/moguai-shimza-topic-1live-dj-session-2025-09-13.html,Shimza,afro house,True
https://www.1001tracklists.com/tracklist/1nqsx9bk/shimza-karma-karma-radio-052-club-chinois-ibiza-spain-2025-08-15-2025-09-10.html,Shimza,afro house,True
https://www.1001tracklists.com/tracklist/1g63ttyk/shimza-karma-karma-radio-051-club-chinois-ibiza-spain-2025-08-15-2025-09-03.html,Shimza,afro house,True
https://www.1001tracklists.com/tracklist/2dxkq6zt/shimza-karma-karma-radio-050-club-chinois-ibiza-spain-2025-08-15-2025-08-27.html,Shimza,afro house,True
https://www.1001tracklists.com/tracklist/xflpqgk/shimza-karma-karma-radio-049-2025-08-18.html,Shimza,afro house,True
https://www.1001tracklists.com/tracklist/2p9q2x59/shimza-karma-karma-radio-048-scorpios-mykonos-part-2-greece-2025-06-22-2025-08-13.html,Shimza,afro house,True
https://www.1001tracklists.com/tracklist/1mt12mm1/shimza-colosseum-stage-sziget-festival-hungary-2025-08-09.html,Shimza,afro house,True
https://www.1001tracklists.com/tracklist/flyxw91/shimza-hot-air-balloon-dj-set-ibiza-spain-2025-08-08.html,Shimza,afro house,True
https://www.1001tracklists.com/tracklist/21rtmry1/shimza-arodes-andrea-oliva-karma-karma-radio-047-playa-soleil-ibiza-spain-2025-05-18-2025-08-06.html,Shimza,afro house,True
https://www.1001tracklists.com/tracklist/26dsfvp9/shimza-karma-karma-radio-046-2025-07-29.html,Shimza,afro house,True
https://www.1001tracklists.com/tracklist/1nqh9vg1/shimza-karma-karma-radio-045-2025-07-22.html,Shimza,afro house,True
https://www.1001tracklists.com/tracklist/hgd2cvk/arodes-shimza-crystal-garden-stage-tomorrowland-weekend-1-belgium-2025-07-18.html,Shimza,afro house,True
https://www.1001tracklists.com/tracklist/27bj6rt1/shimza-desert-valley-stage-parookaville-germany-2025-07-18.html,Shimza,afro house,True
https://www.1001tracklists.com/tracklist/m5kn1zk/shimza-karma-karma-radio-044-2025-07-16.html,Shimza,afro house,True
https://www.1001tracklists.com/tracklist/28883ntt/shimza-karma-karma-radio-043-scorpios-mykonos-part-1-greece-2025-06-22-2025-07-09.html,Shimza,afro house,True
https://www.1001tracklists.com/tracklist/1y0d7k6t/shimza-karma-karma-radio-042-2025-07-01.html,Shimza,afro house,True
https://www.1001tracklists.com/tracklist/vkp11j9/shimza-karma-karma-radio-041-2025-06-25.html,Shimza,afro house,True
https://www.1001tracklists.com/tracklist/1y09mduk/shimza-karma-karma-radio-040-2025-06-18.html,Shimza,afro house,True
https://www.1001tracklists.com/tracklist/24jwj2lk/shimza-karma-karma-radio-039-2025-06-11.html,Shimza,afro house,True
https://www.1001tracklists.com/tracklist/1db5k0h9/shimza-moga-caparica-festival-lisbon-portugal-2025-05-28.html,Shimza,afro house,True
https://www.1001tracklists.com/tracklist/2c1fgb91/shimza-karma-karma-radio-037-2025-05-27.html,Shimza,afro house,True
https://www.1001tracklists.com/tracklist/1lujyqsk/shimza-black-coffee-opening-party-hi-ibiza-spain-2025-05-17.html,Shimza,afro house,True
https://www.1001tracklists.com/tracklist/27b45109/shimza-karma-karma-radio-035-2025-05-13.html,Shimza,afro house,True
https://www.1001tracklists.com/tracklist/xdy5cjt/shimza-karma-karma-radio-033-2025-04-29.html,Shimza,afro house,True
https://www.1001tracklists.com/tracklist/qwcl7g1/shimza-kunye-durban-south-africa-2025-04-27.html,Shimza,afro house,True
https://www.1001tracklists.com/tracklist/1f7kjs7k/shimza-karma-karma-radio-032-2025-04-23.html,Shimza,afro house,True
https://www.1001tracklists.com/tracklist/umk4f61/shimza-be-beach-dubai-united-arab-emirates-2025-04-20.html,Shimza,afro house,True
https://www.1001tracklists.com/tracklist/dnfq30k/shimza-karma-karma-radio-031-2025-04-16.html,Shimza,afro house,True
https://www.1001tracklists.com/tracklist/2kks5gwk/shimza-karma-karma-radio-030-2025-04-09.html,Shimza,afro house,True
https://www.1001tracklists.com/tracklist/m4ykkv9/shimza-karma-karma-radio-029-2025-04-02.html,Shimza,afro house,True
https://www.1001tracklists.com/tracklist/25g8z5kk/shimza-black-coffee-presents-factory-town-miami-united-states-2025-03-29.html,Shimza,afro house,True
https://www.1001tracklists.com/tracklist/xdryp41/shimza-karma-karma-radio-028-cafe-del-mar-phuket-thailand-2025-03-26.html,Shimza,afro house,True
https://www.1001tracklists.com/tracklist/1h2ycdd9/shimza-raise-tokyo-japan-2025-03-19.html,Shimza,afro house,True
https://www.1001tracklists.com/tracklist/ghvrjd1/shimza-karma-karma-radio-027-2025-03-19.html,Shimza,afro house,True
https://www.1001tracklists.com/tracklist/121pl2l9/shimza-karma-karma-radio-026-2025-03-12.html,Shimza,afro house,True
https://www.1001tracklists.com/tracklist/m4thxz9/shimza-karma-karma-radio-025-2025-03-05.html,Shimza,afro house,True
https://www.1001tracklists.com/tracklist/flkmpmk/shimza-arcana-experience-festival-lomas-del-malbec-argentina-2025-03-02.html,Shimza,afro house,True
https://www.1001tracklists.com/tracklist/1f773n2k/shimza-karma-karma-radio-024-2025-02-26.html,Shimza,afro house,True
https://www.1001tracklists.com/tracklist/19hz654t/shimza-karma-karma-radio-023-2025-02-19.html,Shimza,afro house,True
https://www.1001tracklists.com/tracklist/n2hn5jt/shimza-karma-karma-radio-022-2025-02-12.html,Shimza,afro house,True
https://www.1001tracklists.com/tracklist/18l2y7w9/shimza-karma-karma-radio-021-2025-02-04.html,Shimza,afro house,True
https://www.1001tracklists.com/tracklist/wgmsh4k/shimza-karma-karma-radio-020-2025-01-29.html,Shimza,afro house,True
https://www.1001tracklists.com/tracklist/2cyk14l9/shimza-karma-karma-radio-019-2025-01-21.html,Shimza,afro house,True
https://www.1001tracklists.com/tracklist/2wqwqcdk/shimza-karma-karma-radio-018-2025-01-14.html,Shimza,afro house,True
https://www.1001tracklists.com/tracklist/1qk01pvt/shimza-karma-karma-radio-2025-01-07.html,Shimza,afro house,True
https://www.1001tracklists.com/tracklist/2950yn59/shimza-miller-mix-world-tour-old-park-station-johannesburg-2025-01-07.html,Shimza,afro house,True
https://www.1001tracklists.com/tracklist/12zygk4t/shimza-pos-reveillon-fernando-de-noronha-brazil-2025-01-06.html,Shimza,afro house,True
https://www.1001tracklists.com/tracklist/19hq1371/shimza-karma-karma-radio-016-2025-01-01.html,Shimza,afro house,True
https://www.1001tracklists.com/tracklist/1x1htm09/shimza-karma-karma-radio-015-2024-12-25.html,Shimza,afro house,True
https://www.1001tracklists.com/tracklist/2grq0tj9/shimza-karma-karma-radio-014-2024-12-17.html,Shimza,afro house,True
https://www.1001tracklists.com/tracklist/2szgxz0k/shimza-karma-karma-radio-013-2024-12-11.html,Shimza,afro house,True
https://www.1001tracklists.com/tracklist/1211rvnt/shimza-karma-karma-radio-011-2024-11-26.html,Shimza,afro house,True
https://www.1001tracklists.com/tracklist/2r3qr1nk/shimza-karma-karma-radio-009-2024-11-12.html,Shimza,afro house,True
https://www.1001tracklists.com/tracklist/2r3pdjb1/shimza-karma-karma-radio-008-2024-11-05.html,Shimza,afro house,True
https://www.1001tracklists.com/tracklist/y9qb8uk/shimza-radio-1s-residency-2024-10-31.html,Shimza,afro house,True
https://www.1001tracklists.com/tracklist/2q5vqyt9/shimza-karma-karma-radio-007-2024-10-30.html,Shimza,afro house,True
https://www.1001tracklists.com/tracklist/brw358k/shimza-karma-karma-radio-006-2024-10-22.html,Shimza,afro house,True
https://www.1001tracklists.com/tracklist/15s4nyrt/shimza-karma-karma-radio-005-2024-10-14.html,Shimza,afro house,True
https://www.1001tracklists.com/tracklist/qv60s5k/shimza-karma-karma-radio-004-2024-10-09.html,Shimza,afro house,True
https://www.1001tracklists.com/tracklist/k8hu9q9/shimza-karma-karma-radio-002-2024-09-25.html,Shimza,afro house,True
https://www.1001tracklists.com/tracklist/2twtkyd9/shimza-karma-karma-radio-001-2024-09-18.html,Shimza,afro house,True
https://www.1001tracklists.com/tracklist/l7ddfq1/shimza-maxa-burning-man-united-states-2024-08-30.html,Shimza,afro house,True
https://www.1001tracklists.com/tracklist/2fth38m9/shimza-arodes-robot-heart-black-burner-project-burning-man-united-states-2024-08-29.html,Shimza,afro house,True
https://www.1001tracklists.com/tracklist/ss03b9t/shimza-playground-burning-man-united-states-2024-08-28.html,Shimza,afro house,True
https://www.1001tracklists.com/tracklist/278m0grt/shimza-global-residency-033-2024-08-21.html,Shimza,afro house,True
https://www.1001tracklists.com/tracklist/2lg03th1/shimza-global-residency-026-2024-07-03.html,Shimza,afro house,True
https://www.1001tracklists.com/tracklist/vhn7nw1/shimza-cercle-citadelle-de-sisteron-france-2024-07-02.html,Shimza,afro house,True
https://www.1001tracklists.com/tracklist/n14651t/shimza-global-residency-24-2024-06-19.html,Shimza,afro house,True
https://www.1001tracklists.com/tracklist/2r2uh6t9/shimza-global-residency-022-2024-06-05.html,Shimza,afro house,True
https://www.1001tracklists.com/tracklist/1xz6pt51/shimza-boiler-room-x-ballantines-true-music-10-johannesburg-2024-05-11.html,Shimza,afro house,True
https://www.1001tracklists.com/tracklist/2s0n4sb1/shimza-global-residency-018-2024-05-08.html,Shimza,afro house,True
https://www.1001tracklists.com/tracklist/111zqf9t/shimza-global-residency-014-2024-04-10.html,Shimza,afro house,True
https://www.1001tracklists.com/tracklist/nyhpu59/shimza-global-residency-012-2024-03-29.html,Shimza,afro house,True
https://www.1001tracklists.com/tracklist/19gqjgv9/shimza-global-residency-006-2024-02-14.html,Shimza,afro house,True
https://www.1001tracklists.com/tracklist/12vq3vpt/shimza-keinemusik-radio-show-2023-04-14.html,Shimza,afro house,True
https://www.1001tracklists.com/tracklist/1ytz60n9/shimza-here-at-outernet-london-united-kingdom-2023-03-10.html,Shimza,afro house,True
https://www.1001tracklists.com/tracklist/2dskcgfk/shimza-m2o-guestmix-2023-02-25.html,Shimza,afro house,True
https://www.1001tracklists.com/tracklist/1ytj2d29/john-digweed-shimza-transitions-965-2023-02-24.html,Shimza,afro house,True
https://www.1001tracklists.com/tracklist/2q25qg51/shimza-ur-home-south-africa-2022-12-01.html,Shimza,afro house,True
https://www.1001tracklists.com/tracklist/ptmb739/shimza-maxa-burning-man-united-states-2022-08-31.html,Shimza,afro house,True
https://www.1001tracklists.com/tracklist/2826c2ut/shimza-unum-festival-albania-2022-06-03.html,Shimza,afro house,True
https://www.1001tracklists.com/tracklist/2n5137l1/shimza-channel-o-mix-live-at-ur-2022-02-11.html,Shimza,afro house,True
https://www.1001tracklists.com/tracklist/2fmtldu1/shimza-kunye-live-mantra-paris-france-2021-11-11.html,Shimza,afro house,True
https://www.1001tracklists.com/tracklist/20l5fs1k/shimza-kunye-live-south-africa-2021-09-02.html,Shimza,afro house,True
https://www.1001tracklists.com/tracklist/2q49u081/shimza-laffaire-musicale-pres.-lessential-125-2021-08-21.html,Shimza,afro house,True
https://www.1001tracklists.com/tracklist/2hgxc7jt/shimza-culoe-de-song-sun-el-musician-kunye-live-004-south-africa-2021-08-12.html,Shimza,afro house,True
https://www.1001tracklists.com/tracklist/1fxz1cht/shimza-caiiro-blanka-mazimela-kunye-live-002-south-africa-2021-07-29.html,Shimza,afro house,True
https://www.1001tracklists.com/tracklist/2hgpnznk/shimza-we-love-shimza-june-mix-2021-06-30.html,Shimza,afro house,True
https://www.1001tracklists.com/tracklist/bhpj2uk/shimza-bbc-radio-1-dance-presents-mixmag-2020-09-12.html,Shimza,afro house,True
https://www.1001tracklists.com/tracklist/1r66ctl9/shimza-robben-island-mandela-day-south-africa-2020-07-18.html,Shimza,afro house,True
https://www.1001tracklists.com/tracklist/2473sr79/shimza-lockdown-house-party-channel-o-south-africa-2020-06-26.html,Shimza,afro house,True
https://www.1001tracklists.com/tracklist/1gtlmg01/shimza-lockdown-house-party-channel-o-south-africa-2020-06-16.html,Shimza,afro house,True
https://www.1001tracklists.com/tracklist/1q7xrkq1/shimza-lockdown-house-party-channel-o-south-africa-2020-05-29.html,Shimza,afro house,True
https://www.1001tracklists.com/tracklist/1gtfzdq9/shimza-madorasindahouse-lockdown-2020-05-06.html,Shimza,afro house,True
https://www.1001tracklists.com/tracklist/1klpmbwt/shimza-lockdown-house-party-channel-o-2020-04-11.html,Shimza,afro house,True
https://www.1001tracklists.com/tracklist/1fvgwwzt/shimza-facebook-livestream-2020-04-01.html,Shimza,afro house,True
https://www.1001tracklists.com/tracklist/zvjl6m1/shimza-mixmag-the-lab-johannesburg-south-africa-2019-06-13.html,Shimza,afro house,True
https://www.1001tracklists.com/tracklist/jft2qr1/moblack-m2o-dance-with-us-2026-04-13.html,Moblack,afro house,True
https://www.1001tracklists.com/tracklist/2s4js7xk/moblack-m2o-dance-with-us-2026-04-06.html,Moblack,afro house,True
https://www.1001tracklists.com/tracklist/1y1w7rf9/moblack-m2o-dance-with-us-2026-03-09.html,Moblack,afro house,True
https://www.1001tracklists.com/tracklist/25j86wbt/moblack-m2o-dance-with-us-2026-03-02.html,Moblack,afro house,True
https://www.1001tracklists.com/tracklist/gkw2yr1/moblack-m2o-dance-with-us-2026-02-23.html,Moblack,afro house,True
https://www.1001tracklists.com/tracklist/17qhybft/moblack-m2o-dance-with-us-2026-02-16.html,Moblack,afro house,True
https://www.1001tracklists.com/tracklist/1tdlcbst/moblack-m2o-dance-with-us-2026-01-19.html,Moblack,afro house,True
https://www.1001tracklists.com/tracklist/19kwph81/moblack-m2o-dance-with-us-2026-01-12.html,Moblack,afro house,True
https://www.1001tracklists.com/tracklist/up024v9/moblack-m2o-celebrate-with-us-2026-01-01.html,Moblack,afro house,True
https://www.1001tracklists.com/tracklist/1bhmswv1/moblack-m2o-dance-with-us-2025-12-29.html,Moblack,afro house,True
https://www.1001tracklists.com/tracklist/1v80hkz9/moblack-m2o-dance-with-us-2025-12-22.html,Moblack,afro house,True
https://www.1001tracklists.com/tracklist/wjghyq9/moblack-m2o-dance-with-us-2025-12-08.html,Moblack,afro house,True
https://www.1001tracklists.com/tracklist/dpspgrk/moblack-m2o-dance-with-us-2025-12-01.html,Moblack,afro house,True
https://www.1001tracklists.com/tracklist/1dc08r99/moblack-m2o-dance-with-us-2025-11-24.html,Moblack,afro house,True
https://www.1001tracklists.com/tracklist/p1x22yk/moblack-m2o-dance-with-us-2025-11-17.html,Moblack,afro house,True
https://www.1001tracklists.com/tracklist/123347qk/moblack-m2o-dance-with-us-2025-11-10.html,Moblack,afro house,True
https://www.1001tracklists.com/tracklist/16s25rs9/moblack-m2o-dance-with-us-2025-11-03.html,Moblack,afro house,True
https://www.1001tracklists.com/tracklist/2nd9gs2t/moblack-m2o-dance-with-us-2025-10-19.html,Moblack,afro house,True
https://www.1001tracklists.com/tracklist/1g69yfy9/moblack-m2o-dance-with-us-2025-10-05.html,Moblack,afro house,True
https://www.1001tracklists.com/tracklist/fm60j7k/moblack-m2o-dance-with-us-2025-09-28.html,Moblack,afro house,True
https://www.1001tracklists.com/tracklist/crkbb91/moblack-m2o-dance-with-us-2025-09-21.html,Moblack,afro house,True
https://www.1001tracklists.com/tracklist/18m9347t/moblack-m2o-dance-with-us-2025-08-31.html,Moblack,afro house,True
https://www.1001tracklists.com/tracklist/2klkjd3k/moblack-m2o-dance-with-us-2025-08-24.html,Moblack,afro house,True
https://www.1001tracklists.com/tracklist/18m6j7wt/moblack-m2o-dance-with-us-2025-08-17.html,Moblack,afro house,True
https://www.1001tracklists.com/tracklist/1sftl3xk/moblack-m2o-dance-with-us-2025-08-10.html,Moblack,afro house,True
https://www.1001tracklists.com/tracklist/p19xw49/moblack-m2o-dance-with-us-2025-08-03.html,Moblack,afro house,True
https://www.1001tracklists.com/tracklist/2c1r58h9/moblack-m2o-dance-with-us-2025-07-20.html,Moblack,afro house,True
https://www.1001tracklists.com/tracklist/27bh50pt/moblack-m2o-dance-with-us-2025-07-13.html,Moblack,afro house,True
https://www.1001tracklists.com/tracklist/2b3uw541/moblack-m2o-dance-with-us-2025-07-06.html,Moblack,afro house,True
https://www.1001tracklists.com/tracklist/2t11y9dk/moblack-souissi-international-stage-mawazine-festival-rabat-morocco-2025-06-27.html,Moblack,afro house,True
https://www.1001tracklists.com/tracklist/ruudzvk/moblack-sight-sound-sessions-020-bodrum-turkey-2025-06-26.html,Moblack,afro house,True
https://www.1001tracklists.com/tracklist/1sfjbss1/moblack-m2o-dance-with-us-2025-06-22.html,Moblack,afro house,True
https://www.1001tracklists.com/tracklist/1yy30xjk/moblack-m2o-dance-with-us-2025-06-15.html,Moblack,afro house,True
https://www.1001tracklists.com/tracklist/1jz0rmx9/moblack-m2o-dance-with-us-2025-06-08.html,Moblack,afro house,True
https://www.1001tracklists.com/tracklist/20tln5m9/moblack-m2o-dance-with-us-2025-05-25.html,Moblack,afro house,True
https://www.1001tracklists.com/tracklist/2s2m2yf9/moblack-m2o-dance-with-us-2025-05-18.html,Moblack,afro house,True
https://www.1001tracklists.com/tracklist/1y03vlzt/moblack-m2o-dance-with-us-2025-05-11.html,Moblack,afro house,True
https://www.1001tracklists.com/tracklist/1u8uyyzt/moblack-m2o-dance-with-us-2025-05-04.html,Moblack,afro house,True
https://www.1001tracklists.com/tracklist/wh42db1/moblack-m2o-dance-with-us-2025-04-27.html,Moblack,afro house,True
https://www.1001tracklists.com/tracklist/1kxzgh41/moblack-zamna-festival-the-great-pyramids-of-giza-egypt-2025-04-25.html,Moblack,afro house,True
https://www.1001tracklists.com/tracklist/1yxsstjk/moblack-m2o-dance-with-us-2025-04-20.html,Moblack,afro house,True
https://www.1001tracklists.com/tracklist/13x86zp1/moblack-m2o-dance-with-us-2025-03-02.html,Moblack,afro house,True
https://www.1001tracklists.com/tracklist/1x1tm37k/moblack-m2o-dance-with-us-2025-02-16.html,Moblack,afro house,True
https://www.1001tracklists.com/tracklist/1d9b81x1/moblack-m2o-dance-with-us-2025-02-09.html,Moblack,afro house,True
https://www.1001tracklists.com/tracklist/2jmhmt19/moblack-m2o-dance-with-us-2025-01-19.html,Moblack,afro house,True
https://www.1001tracklists.com/tracklist/2txh29r9/moblack-m2o-dance-with-us-2025-01-12.html,Moblack,afro house,True
https://www.1001tracklists.com/tracklist/2grtpvm9/moblack-m2o-dance-with-us-2025-01-05.html,Moblack,afro house,True
https://www.1001tracklists.com/tracklist/2jmf6s69/moblack-dirt-monkey-night-owl-radio-490-2025-01-03.html,Moblack,afro house,True
https://www.1001tracklists.com/tracklist/17n2usjk/moblack-corona-sunsets-festival-in-cape-town-south-africa-2024-12-31.html,Moblack,afro house,True
https://www.1001tracklists.com/tracklist/ghc7hwk/moblack-m2o-dance-with-us-2024-12-22.html,Moblack,afro house,True
https://www.1001tracklists.com/tracklist/23kznbz1/moblack-m2o-dance-with-us-2024-12-08.html,Moblack,afro house,True
https://www.1001tracklists.com/tracklist/2szbmkbk/moblack-m2o-dance-with-us-2024-11-17.html,Moblack,afro house,True
https://www.1001tracklists.com/tracklist/13wh9d71/moblack-m2o-dance-with-us-2024-10-27.html,Moblack,afro house,True
https://www.1001tracklists.com/tracklist/2r3l2rkk/moblack-m2o-dance-with-us-2024-10-20.html,Moblack,afro house,True
https://www.1001tracklists.com/tracklist/1rg91fck/moblack-radio-fg-happy-hour-dj-2024-10-17.html,Moblack,afro house,True
https://www.1001tracklists.com/tracklist/24hhggrt/moblack-brunch-electronik-barcelona-spain-2024-10-10.html,Moblack,afro house,True
https://www.1001tracklists.com/tracklist/vhwdz5t/moblack-m2o-dance-with-us-2024-08-23.html,Moblack,afro house,True
https://www.1001tracklists.com/tracklist/18k173p1/moblack-m2o-dance-with-us-2024-08-02.html,Moblack,afro house,True
https://www.1001tracklists.com/tracklist/1205vts1/moblack-m2o-dance-with-us-2024-06-21.html,Moblack,afro house,True
https://www.1001tracklists.com/tracklist/21p4scck/moblack-m2o-dance-with-us-2024-04-26.html,Moblack,afro house,True
https://www.1001tracklists.com/tracklist/n0tk7w1/moblack-m2o-dance-with-us-2024-04-19.html,Moblack,afro house,True
https://www.1001tracklists.com/tracklist/2p6v37bt/moblack-m2o-dance-with-us-2024-03-29.html,Moblack,afro house,True
https://www.1001tracklists.com/tracklist/2p6ssft1/moblack-m2o-dance-with-us-2024-03-15.html,Moblack,afro house,True
https://www.1001tracklists.com/tracklist/1mpv2r89/moblack-m2o-dance-with-us-2024-03-08.html,Moblack,afro house,True
https://www.1001tracklists.com/tracklist/n0julw9/moblack-m2o-dance-with-us-2024-03-01.html,Moblack,afro house,True
https://www.1001tracklists.com/tracklist/25d059w9/moblack-m2o-dance-with-us-2024-02-23.html,Moblack,afro house,True
https://www.1001tracklists.com/tracklist/m2nkqct/moblack-m2o-dance-with-us-2024-02-16.html,Moblack,afro house,True
https://www.1001tracklists.com/tracklist/bqbm2ut/pete-tong-moblack-global-dance-hq-month-in-dance-2024-02-02.html,Moblack,afro house,True
https://www.1001tracklists.com/tracklist/cn43v19/moblack-m2o-dance-with-us-2024-02-02.html,Moblack,afro house,True
https://www.1001tracklists.com/tracklist/1xxf6wft/moblack-m2o-dance-with-us-2024-01-26.html,Moblack,afro house,True
https://www.1001tracklists.com/tracklist/wdhszx1/moblack-m2o-2024-01-19.html,Moblack,afro house,True
https://www.1001tracklists.com/tracklist/rrjhg19/moblack-m2o-dance-with-us-2024-01-12.html,Moblack,afro house,True
https://www.1001tracklists.com/tracklist/2ut9102t/moblack-m2o-dance-with-us-2024-01-05.html,Moblack,afro house,True
https://www.1001tracklists.com/tracklist/y7ysvw1/moblack-m2o-2023-12-24.html,Moblack,afro house,True
https://www.1001tracklists.com/tracklist/24fsyj39/moblack-m2o-2023-12-10.html,Moblack,afro house,True
https://www.1001tracklists.com/tracklist/1jvvl3bk/moblack-m2o-2023-11-26.html,Moblack,afro house,True
https://www.1001tracklists.com/tracklist/2frnw6g1/moblack-m2o-2023-11-12.html,Moblack,afro house,True
https://www.1001tracklists.com/tracklist/1h037bx1/moblack-m2o-2023-10-29.html,Moblack,afro house,True
https://www.1001tracklists.com/tracklist/23hfw0b1/moblack-m2o-2023-09-02.html,Moblack,afro house,True
https://www.1001tracklists.com/tracklist/1lqvcvn9/moblack-bbc-radio-1-wind-down-mix-moblack-records-2023-08-05.html,Moblack,afro house,True
https://www.1001tracklists.com/tracklist/2bxqur9k/moblack-m2o-2023-08-05.html,Moblack,afro house,True
https://www.1001tracklists.com/tracklist/21mnydd1/moblack-m2o-2023-07-29.html,Moblack,afro house,True
https://www.1001tracklists.com/tracklist/fgq1y2k/moblack-m2o-2023-07-22.html,Moblack,afro house,True
https://www.1001tracklists.com/tracklist/1wyldcrk/moblack-m2o-2023-07-15.html,Moblack,afro house,True
https://www.1001tracklists.com/tracklist/hb76j99/moblack-m2o-2023-07-08.html,Moblack,afro house,True
https://www.1001tracklists.com/tracklist/2r0yybrk/moblack-m2o-2023-07-01.html,Moblack,afro house,True
https://www.1001tracklists.com/tracklist/23h2mq19/moblack-m2o-2023-06-24.html,Moblack,afro house,True
https://www.1001tracklists.com/tracklist/gdb2ph1/moblack-m2o-2023-06-17.html,Moblack,afro house,True
https://www.1001tracklists.com/tracklist/2p586j69/moblack-m2o-2023-06-10.html,Moblack,afro house,True
https://www.1001tracklists.com/tracklist/22k5kwnt/moblack-m2o-2023-06-03.html,Moblack,afro house,True
https://www.1001tracklists.com/tracklist/1juwqnq9/moblack-m2o-2023-05-27.html,Moblack,afro house,True
https://www.1001tracklists.com/tracklist/wc6us5k/moblack-m2o-2023-05-20.html,Moblack,afro house,True
https://www.1001tracklists.com/tracklist/2q2xnvkk/moblack-m2o-2023-05-13.html,Moblack,afro house,True
https://www.1001tracklists.com/tracklist/smy3lz9/moblack-m2o-2023-05-06.html,Moblack,afro house,True
https://www.1001tracklists.com/tracklist/1hwyvwh9/moblack-m2o-2023-04-29.html,Moblack,afro house,True
https://www.1001tracklists.com/tracklist/2uruuljk/moblack-m2o-2023-04-22.html,Moblack,afro house,True
https://www.1001tracklists.com/tracklist/x8vgnv1/moblack-m2o-2023-04-15.html,Moblack,afro house,True
https://www.1001tracklists.com/tracklist/23gr0m19/moblack-m2o-2023-04-08.html,Moblack,afro house,True
https://www.1001tracklists.com/tracklist/2bx4168t/moblack-m2o-2023-04-05.html,Moblack,afro house,True
https://www.1001tracklists.com/tracklist/2n731kut/moblack-m2o-2023-03-25.html,Moblack,afro house,True
https://www.1001tracklists.com/tracklist/gcwclq1/moblack-m2o-2023-03-18.html,Moblack,afro house,True
https://www.1001tracklists.com/tracklist/17jjj881/moblack-m2o-2023-03-11.html,Moblack,afro house,True
https://www.1001tracklists.com/tracklist/2sw05wvk/moblack-m2o-2023-03-04.html,Moblack,afro house,True
https://www.1001tracklists.com/tracklist/rptxdzt/moblack-m2o-2023-02-25.html,Moblack,afro house,True
https://www.1001tracklists.com/tracklist/2bwwxb91/moblack-m2o-2023-02-18.html,Moblack,afro house,True
https://www.1001tracklists.com/tracklist/2q2j2j49/moblack-m2o-2023-02-11.html,Moblack,afro house,True
https://www.1001tracklists.com/tracklist/tkb8bwk/moblack-m2o-2023-02-04.html,Moblack,afro house,True
https://www.1001tracklists.com/tracklist/2dsf67r9/moblack-m2o-2023-01-28.html,Moblack,afro house,True
https://www.1001tracklists.com/tracklist/2lc64ujk/moblack-m2o-2023-01-21.html,Moblack,afro house,True
https://www.1001tracklists.com/tracklist/h998suk/moblack-bbc-radio-1-wind-down-mix-2022-12-24.html,Moblack,afro house,True
https://www.1001tracklists.com/tracklist/1vzj0n99/moblack-dj-mag-italy-radioshow-2022-10-19.html,Moblack,afro house,True
https://www.1001tracklists.com/tracklist/2wl3k6h9/moblack-m2o-2022-07-23.html,Moblack,afro house,True
https://www.1001tracklists.com/tracklist/1gxn5ls9/moblack-m2o-2022-06-25.html,Moblack,afro house,True
https://www.1001tracklists.com/tracklist/dgs6r2k/moblack-dj-mag-italy-radioshow-2022-05-25.html,Moblack,afro house,True
https://www.1001tracklists.com/tracklist/2gknn2g9/moblack-m2o-dance-with-us-2021-11-12.html,Moblack,afro house,True
https://www.1001tracklists.com/tracklist/1b49m6r9/moblack-traxsource-live-273-2020-04-23.html,Moblack,afro house,True
https://www.1001tracklists.com/tracklist/2l61vb91/moblack-pieces-of-life-discover-the-pieces-04-2020-04-02.html,Moblack,afro house,True
https://www.1001tracklists.com/tracklist/y15fph1/moblack-rise-radio-show-46-2019-11-14.html,Moblack,afro house,True
https://www.1001tracklists.com/tracklist/lurt2ft/moblack-moblack-records-x-muting-the-noise-germany-2019-10-31.html,Moblack,afro house,True
https://www.1001tracklists.com/tracklist/nq4f4mt/moblack-ibiza-global-radio-boho-hosted-by-camilo-franco-05-2018-12-29.html,Moblack,afro house,True
https://www.1001tracklists.com/tracklist/1fuqt5pt/moblack-when-we-dip-radio-81-2018-10-15.html,Moblack,afro house,True
https://www.1001tracklists.com/tracklist/1xn3r7jt/moblack-traxsource-live-180-2018-07-12.html,Moblack,afro house,True
https://www.1001tracklists.com/tracklist/10s3pd3t/moblack-beatport-live-008-2018-05-28.html,Moblack,afro house,True
https://www.1001tracklists.com/tracklist/2uj0bjv1/moblack-defected-croatia-sessions-018-2018-05-03.html,Moblack,afro house,True
https://www.1001tracklists.com/tracklist/11r8xrft/moblack-uta-podcast-038-2018-04-16.html,Moblack,afro house,True
https://www.1001tracklists.com/tracklist/pmuvgft/moblack-buntu-special-guest-mix-2018-03-27.html,Moblack,afro house,True
https://www.1001tracklists.com/tracklist/12p29fjt/moblack-sweet-musique-mixtape-40-2018-02-18.html,Moblack,afro house,True
https://www.1001tracklists.com/tracklist/2vf1g029/sam-divine-moblack-defected-radio-show-2017-10-06.html,Moblack,afro house,True
https://www.1001tracklists.com/tracklist/1y1k83gt/nitefreak-hinde-mystique-bulawayo-zimbabwe-2025-11-29.html,Nitefreak,afro house,True
https://www.1001tracklists.com/tracklist/107k6smt/nitefreak-spinnin-deep-tuftuf-amsterdam-amsterdam-dance-event-netherlands-2025-10-24.html,Nitefreak,afro house,True
https://www.1001tracklists.com/tracklist/26cpquxt/nitefreak-hinde-bulawayo-zimbabwe-2024-11-09.html,Nitefreak,afro house,True
https://www.1001tracklists.com/tracklist/ghdtmf1/nitefreak-city-steps-crssd-festival-fall-united-states-2024-09-29.html,Nitefreak,afro house,True
https://www.1001tracklists.com/tracklist/1ztlv249/nitefreak-club-space-miami-united-states-2024-04-05.html,Nitefreak,afro house,True
https://www.1001tracklists.com/tracklist/2hmwz6m9/nitefreak-keinemusik-radio-show-2024-03-01.html,Nitefreak,afro house,True
https://www.1001tracklists.com/tracklist/m21mqsk/diplo-francis-mercier-nitefreak-higher-ground-deep-root-tribe-lisbon-portugal-2023-05-21.html,Nitefreak,afro house,True
https://www.1001tracklists.com/tracklist/l80dg51/aaron-sevilla-lizard-print-2025-08-28.html,Aaronsevilla,afro house,True
https://www.1001tracklists.com/tracklist/n2vnffk/aaron-sevilla-koko-london-united-kingdom-2025-03-15.html,Aaronsevilla,afro house,True
https://www.1001tracklists.com/tracklist/21r5n829/aaron-sevilla-pacha-munich-germany-2025-03-08.html,Aaronsevilla,afro house,True
https://www.1001tracklists.com/tracklist/n2vm4f1/aaron-sevilla-ahau-tulum-presents-afrodise-mexico-2025-01-05.html,Aaronsevilla,afro house,True
https://www.1001tracklists.com/tracklist/1j0xuz11/aaron-sevilla-yona-beach-club-phuket-thailand-2024-12-21.html,Aaronsevilla,afro house,True
https://www.1001tracklists.com/tracklist/120ywzg9/aaron-sevilla-djuma-soundsystem-presents-iziki-show-066-2024-11-11.html,Aaronsevilla,afro house,True
https://www.1001tracklists.com/tracklist/n17cuyt/aaron-sevilla-kalabana-radio-show-guest-mix-2024-07-05.html,Aaronsevilla,afro house,True
https://www.1001tracklists.com/tracklist/16p2332t/aaron-sevilla-club-flava-mexico-2024-05-01.html,Aaronsevilla,afro house,True
https://www.1001tracklists.com/tracklist/1wz7ryrk/aaron-sevilla-redolent-music-podcast-155-2023-11-16.html,Aaronsevilla,afro house,True
https://www.1001tracklists.com/tracklist/22jdr139/aaron-sevilla-kindisch-podcast-100-2022-12-20.html,Aaronsevilla,afro house,True
https://www.1001tracklists.com/tracklist/gbvm7u1/aaron-sevilla-redolent-music-podcast-090-2022-08-19.html,Aaronsevilla,afro house,True
https://www.1001tracklists.com/tracklist/1rkhbqh9/paul-van-dyk-vonyc-sessions-1014-2026-04-12.html,Paulvandyk,trance,True
https://www.1001tracklists.com/tracklist/2mhjbsnk/paul-van-dyk-vonyc-sessions-1013-2026-04-05.html,Paulvandyk,trance,True
https://www.1001tracklists.com/tracklist/2s4hghzk/paul-van-dyk-vonyc-sessions-1012-2026-03-29.html,Paulvandyk,trance,True
https://www.1001tracklists.com/tracklist/123wy2gt/paul-van-dyk-vonyc-sessions-1011-2026-03-22.html,Paulvandyk,trance,True
https://www.1001tracklists.com/tracklist/297kqrl9/paul-van-dyk-vonyc-sessions-1010-2026-03-15.html,Paulvandyk,trance,True
https://www.1001tracklists.com/tracklist/xgtl3rt/paul-van-dyk-vonyc-sessions-1009-2026-03-08.html,Paulvandyk,trance,True
https://www.1001tracklists.com/tracklist/jfjqmmt/paul-van-dyk-vonyc-sessions-1008-2026-03-01.html,Paulvandyk,trance,True
https://www.1001tracklists.com/tracklist/2hs16nv9/paul-van-dyk-vonyc-sessions-1007-2026-02-22.html,Paulvandyk,trance,True
https://www.1001tracklists.com/tracklist/2kmm6ys9/paul-van-dyk-vonyc-sessions-1006-2026-02-15.html,Paulvandyk,trance,True
https://www.1001tracklists.com/tracklist/fmzmj7t/paul-van-dyk-vonyc-sessions-1005-2026-02-08.html,Paulvandyk,trance,True
https://www.1001tracklists.com/tracklist/2hrx4801/paul-van-dyk-vonyc-sessions-1004-2026-02-01.html,Paulvandyk,trance,True
https://www.1001tracklists.com/tracklist/q03z47k/paul-van-dyk-vonyc-sessions-1003-2026-01-25.html,Paulvandyk,trance,True
https://www.1001tracklists.com/tracklist/2jppq0zt/paul-van-dyk-celebrating-1000-episodes-vonyc-sessions-uber-eats-music-hall-berlin-germany-2026-01-24.html,Paulvandyk,trance,True
https://www.1001tracklists.com/tracklist/2t1v746k/paul-van-dyk-vonyc-sessions-1002-2026-01-18.html,Paulvandyk,trance,True
https://www.1001tracklists.com/tracklist/2s40bdst/paul-van-dyk-vonyc-sessions-1001-2026-01-11.html,Paulvandyk,trance,True
https://www.1001tracklists.com/tracklist/2c2rkllt/paul-van-dyk-vonyc-sessions-1000-2026-01-04.html,Paulvandyk,trance,True
https://www.1001tracklists.com/tracklist/2hrqyvm1/paul-van-dyk-ah.fm-end-of-year-countdown-2025-12-28.html,Paulvandyk,trance,True
https://www.1001tracklists.com/tracklist/1j2frh29/paul-van-dyk-vonyc-sessions-999-2025-12-28.html,Paulvandyk,trance,True
https://www.1001tracklists.com/tracklist/unxudyk/paul-van-dyk-vonyc-sessions-998-2025-12-21.html,Paulvandyk,trance,True
https://www.1001tracklists.com/tracklist/9wg6nbk/paul-van-dyk-vonyc-sessions-997-2025-12-13.html,Paulvandyk,trance,True
https://www.1001tracklists.com/tracklist/1bhvcv89/paul-van-dyk-cine-saigon-vietnam-2025-12-12.html,Paulvandyk,trance,True
https://www.1001tracklists.com/tracklist/23n4s599/paul-van-dyk-vonyc-sessions-996-2025-12-07.html,Paulvandyk,trance,True
https://www.1001tracklists.com/tracklist/14wn4k7k/paul-van-dyk-vonyc-sessions-995-2025-11-30.html,Paulvandyk,trance,True
https://www.1001tracklists.com/tracklist/2pb9wlj9/paul-van-dyk-vonyc-sessions-994-2025-11-23.html,Paulvandyk,trance,True
https://www.1001tracklists.com/tracklist/2pb9r0st/paul-van-dyk-aly-fila-the-dream-stage-dreamstate-socal-queen-mary-waterfront-united-states-2025-11-21.html,Paulvandyk,trance,True
https://www.1001tracklists.com/tracklist/1tdux0lt/paul-van-dyk-club-amerika-buenos-aires-argentina-2025-11-16.html,Paulvandyk,trance,True
https://www.1001tracklists.com/tracklist/ycxswqk/paul-van-dyk-vonyc-sessions-993-2025-11-16.html,Paulvandyk,trance,True
https://www.1001tracklists.com/tracklist/1jzxw3s9/paul-van-dyk-vonyc-sessions-992-2025-11-09.html,Paulvandyk,trance,True
https://www.1001tracklists.com/tracklist/1157mtf9/paul-van-dyk-vonyc-sessions-991-2025-10-31.html,Paulvandyk,trance,True
https://www.1001tracklists.com/tracklist/1v7pnu8t/paul-van-dyk-vonyc-sessions-990-2025-10-26.html,Paulvandyk,trance,True
https://www.1001tracklists.com/tracklist/tqt8f19/paul-van-dyk-melkweg-amsterdam-dance-event-netherlands-2025-10-25.html,Paulvandyk,trance,True
https://www.1001tracklists.com/tracklist/24kp42dt/paul-van-dyk-vonyc-sessions-989-2025-10-19.html,Paulvandyk,trance,True
https://www.1001tracklists.com/tracklist/pzhxly1/paul-van-dyk-vonyc-sessions-988-2025-10-12.html,Paulvandyk,trance,True
https://www.1001tracklists.com/tracklist/1jzr2nst/paul-van-dyk-vonyc-sessions-987-2025-10-05.html,Paulvandyk,trance,True
https://www.1001tracklists.com/tracklist/ssu85m9/paul-van-dyk-vonyc-sessions-986-2025-09-28.html,Paulvandyk,trance,True
https://www.1001tracklists.com/tracklist/2wsc2z6k/paul-van-dyk-vonyc-sessions-985-2025-09-21.html,Paulvandyk,trance,True
https://www.1001tracklists.com/tracklist/2s399zc1/paul-van-dyk-vonyc-sessions-984-shine-ibiza-open-air-session-2025-09-14.html,Paulvandyk,trance,True
https://www.1001tracklists.com/tracklist/gjvsr0k/paul-van-dyk-vonyc-sessions-983-shine-ibiza-the-golden-hour-special-2025-09-07.html,Paulvandyk,trance,True
https://www.1001tracklists.com/tracklist/2t109569/paul-van-dyk-vonyc-sessions-982-ibiza-classics-special-2025-08-31.html,Paulvandyk,trance,True
https://www.1001tracklists.com/tracklist/p1dshkk/paul-van-dyk-vonyc-sessions-981-2025-08-24.html,Paulvandyk,trance,True
https://www.1001tracklists.com/tracklist/1dbf9jn1/paul-van-dyk-vonyc-sessions-980-2025-08-17.html,Paulvandyk,trance,True
https://www.1001tracklists.com/tracklist/2p9plsl1/paul-van-dyk-vonyc-sessions-979-2025-08-10.html,Paulvandyk,trance,True
https://www.1001tracklists.com/tracklist/1309vmsk/paul-van-dyk-vonyc-sessions-978-2025-08-03.html,Paulvandyk,trance,True
https://www.1001tracklists.com/tracklist/2lj759fk/paul-van-dyk-open-air-floor-nature-one-germany-2025-08-02.html,Paulvandyk,trance,True
https://www.1001tracklists.com/tracklist/1zw5jfj1/paul-van-dyk-rebirth-stage-sunrise-festival-poland-2025-08-01.html,Paulvandyk,trance,True
https://www.1001tracklists.com/tracklist/jd6x6rt/paul-van-dyk-vonyc-sessions-977-2025-07-27.html,Paulvandyk,trance,True
https://www.1001tracklists.com/tracklist/1yy9j3dt/paul-van-dyk-vonyc-sessions-976-2025-07-20.html,Paulvandyk,trance,True
https://www.1001tracklists.com/tracklist/106sxub1/paul-van-dyk-vonyc-sessions-975-2025-07-13.html,Paulvandyk,trance,True
https://www.1001tracklists.com/tracklist/1yygv239/paul-van-dyk-second-stage-airbeat-one-germany-2025-07-12.html,Paulvandyk,trance,True
https://www.1001tracklists.com/tracklist/pyx7gb1/paul-van-dyk-vonyc-sessions-974-2025-07-06.html,Paulvandyk,trance,True
https://www.1001tracklists.com/tracklist/2uw7u2pt/paul-van-dyk-vonyc-sessions-973-2025-06-29.html,Paulvandyk,trance,True
https://www.1001tracklists.com/tracklist/2ncmwp2k/paul-van-dyk-mainstage-beach-luminosity-beach-festival-netherlands-2025-06-28.html,Paulvandyk,trance,True
https://www.1001tracklists.com/tracklist/9vdqnmt/paul-van-dyk-vonyc-sessions-972-2025-06-22.html,Paulvandyk,trance,True
https://www.1001tracklists.com/tracklist/1zvwt7x1/paul-van-dyk-vonyc-sessions-971-2025-06-15.html,Paulvandyk,trance,True
https://www.1001tracklists.com/tracklist/12265u69/paul-van-dyk-vonyc-sessions-970-2025-06-08.html,Paulvandyk,trance,True
https://www.1001tracklists.com/tracklist/1rhm65jk/paul-van-dyk-vonyc-sessions-969-2025-06-01.html,Paulvandyk,trance,True
https://www.1001tracklists.com/tracklist/1ubfm9lk/paul-van-dyk-rave-forever-on-bbc-radio-6-music-2025-05-31.html,Paulvandyk,trance,True
https://www.1001tracklists.com/tracklist/114c86g9/paul-van-dyk-1015-san-francisco-united-states-2025-05-25.html,Paulvandyk,trance,True
https://www.1001tracklists.com/tracklist/2hqfjl61/paul-van-dyk-vonyc-sessions-968-2025-05-25.html,Paulvandyk,trance,True
https://www.1001tracklists.com/tracklist/295sf2u1/paul-van-dyk-vonyc-sessions-967-2025-05-18.html,Paulvandyk,trance,True
https://www.1001tracklists.com/tracklist/106fp0f9/paul-van-dyk-vonyc-sessions-966-2025-05-11.html,Paulvandyk,trance,True
https://www.1001tracklists.com/tracklist/hgjfd39/paul-van-dyk-uno-main-rong-open-air-festival-malta-2025-05-10.html,Paulvandyk,trance,True
https://www.1001tracklists.com/tracklist/295pw9v9/paul-van-dyk-vonyc-sessions-965-2025-05-04.html,Paulvandyk,trance,True
https://www.1001tracklists.com/tracklist/2vtq1lbt/paul-van-dyk-vonyc-sessions-964-2025-04-27.html,Paulvandyk,trance,True
https://www.1001tracklists.com/tracklist/2nc7du51/paul-van-dyk-vonyc-sessions-963-2025-04-19.html,Paulvandyk,trance,True
https://www.1001tracklists.com/tracklist/1lu9rx0t/paul-van-dyk-vonyc-sessions-962-2025-04-13.html,Paulvandyk,trance,True
https://www.1001tracklists.com/tracklist/2kkssl71/paul-van-dyk-transmission-the-temple-of-time-gelredome-stadium-arnhem-netherlands-2025-04-12.html,Paulvandyk,trance,True
https://www.1001tracklists.com/tracklist/jcmcu1k/above-beyond-paul-van-dyk-group-therapy-radio-623-2025-04-11.html,Paulvandyk,trance,True
https://www.1001tracklists.com/tracklist/1zvht8d9/paul-van-dyk-vonyc-sessions-961-2025-04-06.html,Paulvandyk,trance,True
https://www.1001tracklists.com/tracklist/19j67h3k/paul-van-dyk-vonyc-sessions-960-2025-03-30.html,Paulvandyk,trance,True
https://www.1001tracklists.com/tracklist/2dwnn779/paul-van-dyk-vonyc-sessions-959-2025-03-23.html,Paulvandyk,trance,True
https://www.1001tracklists.com/tracklist/20t5jzk9/paul-van-dyk-vonyc-sessions-958-2025-03-16.html,Paulvandyk,trance,True
https://www.1001tracklists.com/tracklist/1zvbm5xt/paul-van-dyk-vonyc-sessions-957-2025-03-09.html,Paulvandyk,trance,True
https://www.1001tracklists.com/tracklist/2mf4jqv9/paul-van-dyk-vonyc-sessions-956-2025-03-02.html,Paulvandyk,trance,True
https://www.1001tracklists.com/tracklist/21qvfnwt/paul-van-dyk-vonyc-sessions-955-2025-02-23.html,Paulvandyk,trance,True
https://www.1001tracklists.com/tracklist/2txpnj99/paul-van-dyk-vonyc-sessions-954-2025-02-16.html,Paulvandyk,trance,True
https://www.1001tracklists.com/tracklist/27bj6hz1/manzone-strong-paul-van-dyk-manzone-strong-pres.-connected-radio-110-2025-02-15.html,Paulvandyk,trance,True
https://www.1001tracklists.com/tracklist/1pmc3wt9/paul-van-dyk-vonyc-sessions-953-2025-02-09.html,Paulvandyk,trance,True
https://www.1001tracklists.com/tracklist/bsdt45t/paul-van-dyk-vonyc-sessions-952-2025-02-02.html,Paulvandyk,trance,True
https://www.1001tracklists.com/tracklist/9uympyk/paul-van-dyk-tranceformations-hala-stulecia-wroclaw-poland-2025-02-01.html,Paulvandyk,trance,True
https://www.1001tracklists.com/tracklist/2lh4czg9/paul-van-dyk-vonyc-sessions-951-2025-01-26.html,Paulvandyk,trance,True
https://www.1001tracklists.com/tracklist/1ltu533k/paul-van-dyk-vonyc-sessions-950-2025-01-19.html,Paulvandyk,trance,True
https://www.1001tracklists.com/tracklist/1npd556k/paul-van-dyk-vonyc-sessions-949-2025-01-12.html,Paulvandyk,trance,True
https://www.1001tracklists.com/tracklist/2nbmv5nt/paul-van-dyk-vonyc-sessions-948-2025-01-05.html,Paulvandyk,trance,True
https://www.1001tracklists.com/tracklist/1kvwjf79/paul-van-dyk-vonyc-sessions-947-2024-12-29.html,Paulvandyk,trance,True
https://www.1001tracklists.com/tracklist/2szngkf1/paul-van-dyk-ocho-by-gray-area-2024-12-28.html,Paulvandyk,trance,True
https://www.1001tracklists.com/tracklist/1bffkvl9/paul-van-dyk-vonyc-sessions-946-2024-12-22.html,Paulvandyk,trance,True
https://www.1001tracklists.com/tracklist/xd4kbb1/paul-van-dyk-vonyc-sessions-945-2024-12-15.html,Paulvandyk,trance,True
https://www.1001tracklists.com/tracklist/cpv8zf9/paul-van-dyk-vonyc-sessions-944-2024-12-08.html,Paulvandyk,trance,True
https://www.1001tracklists.com/tracklist/gh72lyt/paul-van-dyk-vonyc-sessions-943-2024-12-01.html,Paulvandyk,trance,True
https://www.1001tracklists.com/tracklist/2szd0249/paul-van-dyk-vonyc-sessions-942-2024-11-24.html,Paulvandyk,trance,True
https://www.1001tracklists.com/tracklist/2hpc0tw1/paul-van-dyk-sean-maynard-dance-anthems-radio-show-242-2024-11-23.html,Paulvandyk,trance,True
https://www.1001tracklists.com/tracklist/ullkst1/paul-van-dyk-vonyc-sessions-941-2024-11-17.html,Paulvandyk,trance,True
https://www.1001tracklists.com/tracklist/18klfjy1/paul-van-dyk-vonyc-sessions-940-2024-11-10.html,Paulvandyk,trance,True
https://www.1001tracklists.com/tracklist/1qjl48y1/paul-van-dyk-vonyc-sessions-939-2024-11-02.html,Paulvandyk,trance,True
https://www.1001tracklists.com/tracklist/12ypsc79/paul-van-dyk-vonyc-sessions-938-2024-10-27.html,Paulvandyk,trance,True
https://www.1001tracklists.com/tracklist/1qjhrgxt/paul-van-dyk-vonyc-sessions-937-2024-10-20.html,Paulvandyk,trance,True
https://www.1001tracklists.com/tracklist/14v5cuqk/paul-van-dyk-mixmag-the-lab-amsterdam-the-social-hub-amsterdam-dance-event-netherlands-2024-10-18.html,Paulvandyk,trance,True
https://www.1001tracklists.com/tracklist/1t9vd2b9/paul-van-dyk-vonyc-sessions-936-2024-10-13.html,Paulvandyk,trance,True
https://www.1001tracklists.com/tracklist/ggx2339/paul-van-dyk-vonyc-sessions-935-2024-10-07.html,Paulvandyk,trance,True
https://www.1001tracklists.com/tracklist/1plksym1/paul-van-dyk-vonyc-sessions-934-2024-09-29.html,Paulvandyk,trance,True
https://www.1001tracklists.com/tracklist/2p7tk891/paul-van-dyk-vonyc-sessions-933-2024-09-22.html,Paulvandyk,trance,True
https://www.1001tracklists.com/tracklist/2md5s03k/paul-van-dyk-shine-ibiza-closing-party-eden-ibiza-spain-2024-09-19.html,Paulvandyk,trance,True
https://www.1001tracklists.com/tracklist/1w330j4t/paul-van-dyk-vonyc-sessions-932-2024-09-15.html,Paulvandyk,trance,True
https://www.1001tracklists.com/tracklist/2b22utft/paul-van-dyk-vonyc-sessions-931-2024-09-08.html,Paulvandyk,trance,True
https://www.1001tracklists.com/tracklist/278nnkrk/paul-van-dyk-vonyc-sessions-930-2024-09-01.html,Paulvandyk,trance,True
https://www.1001tracklists.com/tracklist/1g3y8xp9/paul-van-dyk-vonyc-sessions-929-2024-08-25.html,Paulvandyk,trance,True
https://www.1001tracklists.com/tracklist/2r371ju1/paul-van-dyk-vonyc-sessions-928-2024-08-18.html,Paulvandyk,trance,True
https://www.1001tracklists.com/tracklist/25dy4zv1/paul-van-dyk-vonyc-sessions-927-2024-08-11.html,Paulvandyk,trance,True
https://www.1001tracklists.com/tracklist/2p7kbc69/paul-van-dyk-vonyc-sessions-926-2024-08-04.html,Paulvandyk,trance,True
https://www.1001tracklists.com/tracklist/1t9hsgr1/paul-van-dyk-dreambeach-festival-spain-2024-08-03.html,Paulvandyk,trance,True
https://www.1001tracklists.com/tracklist/9tkftdt/paul-van-dyk-open-air-floor-nature-one-germany-2024-08-02.html,Paulvandyk,trance,True
https://www.1001tracklists.com/tracklist/n1c1fp1/paul-van-dyk-vonyc-sessions-925-2024-07-28.html,Paulvandyk,trance,True
https://www.1001tracklists.com/tracklist/sqg3uqt/paul-van-dyk-venture-x-avalon-hollywood-los-angeles-united-states-2024-07-27.html,Paulvandyk,trance,True
https://www.1001tracklists.com/tracklist/2uubbgu1/malone-morez-paul-van-dyk-night-owl-radio-467-2024-07-26.html,Paulvandyk,trance,True
https://www.1001tracklists.com/tracklist/26bn77x9/paul-van-dyk-vonyc-sessions-924-2024-07-21.html,Paulvandyk,trance,True
https://www.1001tracklists.com/tracklist/y92zyq9/paul-van-dyk-vonyc-sessions-923-2024-07-14.html,Paulvandyk,trance,True
https://www.1001tracklists.com/tracklist/1cb9gpt9/paul-van-dyk-vonyc-sessions-922-2024-07-07.html,Paulvandyk,trance,True
https://www.1001tracklists.com/tracklist/104vqb6t/paul-van-dyk-venture-x-bolivar-beach-bar-athens-greece-2024-07-05.html,Paulvandyk,trance,True
https://www.1001tracklists.com/tracklist/1v4wlm7t/paul-van-dyk-vonyc-sessions-921-2024-06-30.html,Paulvandyk,trance,True
https://www.1001tracklists.com/tracklist/l5lnqrk/paul-van-dyk-mainstage-beach-luminosity-beach-festival-netherlands-2024-06-29.html,Paulvandyk,trance,True
https://www.1001tracklists.com/tracklist/2jl9qsn9/paul-van-dyk-vonyc-sessions-920-2024-06-23.html,Paulvandyk,trance,True
https://www.1001tracklists.com/tracklist/2jlgf919/paul-van-dyk-tuneles-de-guanajuato-mexico-2024-06-21.html,Paulvandyk,trance,True
https://www.1001tracklists.com/tracklist/fjj2xx1/paul-van-dyk-vonyc-sessions-919-2024-06-16.html,Paulvandyk,trance,True
https://www.1001tracklists.com/tracklist/2syhn6d1/paul-van-dyk-elysium-transmission-prague-o2-arena-prague-czech-republic-2024-06-15.html,Paulvandyk,trance,True
https://www.1001tracklists.com/tracklist/23jzz629/paul-van-dyk-vonyc-sessions-918-2024-06-09.html,Paulvandyk,trance,True
https://www.1001tracklists.com/tracklist/1w2khtsk/paul-van-dyk-vonyc-sessions-917-2024-06-02.html,Paulvandyk,trance,True
https://www.1001tracklists.com/tracklist/tmu78n9/paul-van-dyk-vonyc-sessions-916-2024-05-26.html,Paulvandyk,trance,True
https://www.1001tracklists.com/tracklist/1u6vj1rk/paul-van-dyk-vonyc-sessions-915-2024-05-19.html,Paulvandyk,trance,True
https://www.1001tracklists.com/tracklist/13vl4lmk/paul-van-dyk-vonyc-sessions-914-2024-05-12.html,Paulvandyk,trance,True
https://www.1001tracklists.com/tracklist/2wpk4179/paul-van-dyk-venture-x-akvarium-klub-budapest-hungary-2024-05-11.html,Paulvandyk,trance,True
https://www.1001tracklists.com/tracklist/2mcgmby1/paul-van-dyk-vonyc-sessions-913-2024-05-07.html,Paulvandyk,trance,True
https://www.1001tracklists.com/tracklist/285sz2u1/paul-van-dyk-vonyc-sessions-912-2024-04-28.html,Paulvandyk,trance,True
https://www.1001tracklists.com/tracklist/2utt9dft/paul-van-dyk-vonyc-sessions-911-2024-04-21.html,Paulvandyk,trance,True
https://www.1001tracklists.com/tracklist/qu5yk9t/paul-van-dyk-vonyc-sessions-910-2024-04-14.html,Paulvandyk,trance,True
https://www.1001tracklists.com/tracklist/1h108gc9/paul-van-dyk-vonyc-sessions-909-2024-04-07.html,Paulvandyk,trance,True
https://www.1001tracklists.com/tracklist/gfw7rst/paul-van-dyk-vonyc-sessions-908-2024-03-31.html,Paulvandyk,trance,True
https://www.1001tracklists.com/tracklist/k77xm6k/paul-van-dyk-vonyc-sessions-907-2024-03-24.html,Paulvandyk,trance,True
https://www.1001tracklists.com/tracklist/bqn47hk/paul-van-dyk-for-the-record-motion-bristol-united-kingdom-2024-03-22.html,Paulvandyk,trance,True
https://www.1001tracklists.com/tracklist/2r2dfm31/paul-van-dyk-vonyc-sessions-906-2024-03-17.html,Paulvandyk,trance,True
https://www.1001tracklists.com/tracklist/1ku83wt9/paul-van-dyk-vonyc-sessions-905-2024-03-10.html,Paulvandyk,trance,True
https://www.1001tracklists.com/tracklist/2n8whl7t/paul-van-dyk-vonyc-sessions-904-2024-03-03.html,Paulvandyk,trance,True
https://www.1001tracklists.com/tracklist/19fy27m9/paul-van-dyk-vonyc-sessions-903-2024-02-25.html,Paulvandyk,trance,True
https://www.1001tracklists.com/tracklist/n0hxwx9/paul-van-dyk-stereobloom-edc-mexico-2024-02-23.html,Paulvandyk,trance,True
https://www.1001tracklists.com/tracklist/1zt4rqst/paul-van-dyk-vonyc-sessions-902-2024-02-18.html,Paulvandyk,trance,True
https://www.1001tracklists.com/tracklist/pvzz769/paul-van-dyk-vonyc-sessions-901-2024-02-11.html,Paulvandyk,trance,True
https://www.1001tracklists.com/tracklist/1d773kyk/paul-van-dyk-vonyc-sessions-900-the-garage-berlin-germany-2024-02-04.html,Paulvandyk,trance,True
https://www.1001tracklists.com/tracklist/2lf4hvbt/paul-van-dyk-the-church-denver-united-states-2024-02-02.html,Paulvandyk,trance,True
https://www.1001tracklists.com/tracklist/hc98ztk/paul-van-dyk-vonyc-sessions-899-2024-01-24.html,Paulvandyk,trance,True
https://www.1001tracklists.com/tracklist/1pk4p4g9/paul-van-dyk-vonyc-sessions-898-2024-01-16.html,Paulvandyk,trance,True
https://www.1001tracklists.com/tracklist/1yv49cs1/paul-van-dyk-vonyc-sessions-897-2024-01-09.html,Paulvandyk,trance,True
https://www.1001tracklists.com/tracklist/15qfwxb1/paul-van-dyk-vonyc-sessions-896-2024-01-02.html,Paulvandyk,trance,True
https://www.1001tracklists.com/tracklist/103lj1nk/paul-van-dyk-vonyc-sessions-895-most-requested-tracks-special-2023-12-26.html,Paulvandyk,trance,True
https://www.1001tracklists.com/tracklist/2777l8f9/paul-van-dyk-vonyc-sessions-894-2023-12-19.html,Paulvandyk,trance,True
https://www.1001tracklists.com/tracklist/y7wsddt/paul-van-dyk-vonyc-sessions-893-2023-12-12.html,Paulvandyk,trance,True
https://www.1001tracklists.com/tracklist/21nc8569/paul-van-dyk-vonyc-sessions-892-2023-12-05.html,Paulvandyk,trance,True
https://www.1001tracklists.com/tracklist/2n8cl701/paul-van-dyk-vonyc-sessions-891-2023-11-28.html,Paulvandyk,trance,True
https://www.1001tracklists.com/tracklist/2hmb99t9/paul-van-dyk-vonyc-sessions-890-2023-11-22.html,Paulvandyk,trance,True
https://www.1001tracklists.com/tracklist/1h08wcw1/paul-van-dyk-pvd-pres.-solikien-the-dream-stage-dreamstate-socal-queen-mary-waterfront-united-states-2023-11-17.html,Paulvandyk,trance,True
https://www.1001tracklists.com/tracklist/1d6t3ws9/paul-van-dyk-vonyc-sessions-889-2023-11-14.html,Paulvandyk,trance,True
https://www.1001tracklists.com/tracklist/22l1mzx1/paul-van-dyk-for-the-record-stereo-live-houston-united-states-2023-11-10.html,Paulvandyk,trance,True
https://www.1001tracklists.com/tracklist/24fmh6r9/paul-van-dyk-vonyc-sessions-888-2023-11-07.html,Paulvandyk,trance,True
https://www.1001tracklists.com/tracklist/1w1c3h41/paul-van-dyk-vonyc-sessions-887-2023-10-31.html,Paulvandyk,trance,True
https://www.1001tracklists.com/tracklist/gf0nzr9/paul-van-dyk-the-awakening-transmission-ergo-arena-gdansk-poland-2023-10-28.html,Paulvandyk,trance,True
https://www.1001tracklists.com/tracklist/2jjytn6k/paul-van-dyk-vonyc-sessions-886-2023-10-24.html,Paulvandyk,trance,True
https://www.1001tracklists.com/tracklist/2wncqmv1/paul-van-dyk-slam-amsterdam-dance-event-netherlands-2023-10-19.html,Paulvandyk,trance,True
https://www.1001tracklists.com/tracklist/2jjxmmf1/paul-van-dyk-vonyc-sessions-885-2023-10-17.html,Paulvandyk,trance,True
https://www.1001tracklists.com/tracklist/1pjmv8k1/paul-van-dyk-vonyc-sessions-884-2023-10-10.html,Paulvandyk,trance,True
https://www.1001tracklists.com/tracklist/1ktl0g3t/paul-van-dyk-venture-x-outernet-london-united-kingdom-2023-10-06.html,Paulvandyk,trance,True
https://www.1001tracklists.com/tracklist/1w165x49/paul-van-dyk-vonyc-sessions-883-2023-10-03.html,Paulvandyk,trance,True
https://www.1001tracklists.com/tracklist/1yum58q1/paul-van-dyk-stereobloom-edc-china-2023-10-03.html,Paulvandyk,trance,True
https://www.1001tracklists.com/tracklist/pv803c1/paul-van-dyk-vonyc-sessions-882-2023-09-26.html,Paulvandyk,trance,True
https://www.1001tracklists.com/tracklist/1u5j0nc1/paul-van-dyk-vonyc-sessions-881-2023-09-19.html,Paulvandyk,trance,True
https://www.1001tracklists.com/tracklist/25c3l3s1/john-00-fleming-paul-van-dyk-joof-radio-046-2023-09-12.html,Paulvandyk,trance,True
https://www.1001tracklists.com/tracklist/1c8n1z2k/paul-van-dyk-vonyc-sessions-880-2023-09-12.html,Paulvandyk,trance,True
https://www.1001tracklists.com/tracklist/2wn3nb71/paul-van-dyk-vonyc-sessions-879-2023-09-05.html,Paulvandyk,trance,True
https://www.1001tracklists.com/tracklist/1v367ns9/paul-van-dyk-vonyc-sessions-878-2023-08-29.html,Paulvandyk,trance,True
https://www.1001tracklists.com/tracklist/1bbqzyv9/paul-van-dyk-vonyc-sessions-877-2023-08-22.html,Paulvandyk,trance,True
https://www.1001tracklists.com/tracklist/110p5x5k/paul-van-dyk-vonyc-sessions-876-2023-08-15.html,Paulvandyk,trance,True
https://www.1001tracklists.com/tracklist/bpcwx4t/paul-van-dyk-vonyc-sessions-875-2023-08-08.html,Paulvandyk,trance,True
https://www.1001tracklists.com/tracklist/z509ynt/paul-van-dyk-open-air-floor-nature-one-germany-2023-08-05.html,Paulvandyk,trance,True
https://www.1001tracklists.com/tracklist/25bwb8tt/paul-van-dyk-vonyc-sessions-874-2023-08-01.html,Paulvandyk,trance,True
https://www.1001tracklists.com/tracklist/25bv1ysk/paul-van-dyk-vonyc-sessions-873-2023-07-25.html,Paulvandyk,trance,True
https://www.1001tracklists.com/tracklist/1v30nn7t/paul-van-dyk-cloud-factory-parookaville-germany-2023-07-23.html,Paulvandyk,trance,True
https://www.1001tracklists.com/tracklist/y78w601/paul-van-dyk-blue-stage-sunrise-festival-poland-2023-07-22.html,Paulvandyk,trance,True
https://www.1001tracklists.com/tracklist/2tugu58t/paul-van-dyk-vonyc-sessions-872-2023-07-18.html,Paulvandyk,trance,True
https://www.1001tracklists.com/tracklist/1hxbcsy1/paul-van-dyk-vonyc-sessions-871-mainstage-beach-luminosity-beach-festival-netherlands-2023-06-24-2023-07-11.html,Paulvandyk,trance,True
https://www.1001tracklists.com/tracklist/20prbyk1/paul-van-dyk-vonyc-sessions-870-shine-ibiza-special-2023-07-04.html,Paulvandyk,trance,True
https://www.1001tracklists.com/tracklist/2fqxnfp1/paul-van-dyk-vonyc-sessions-869-2023-06-27.html,Paulvandyk,trance,True
https://www.1001tracklists.com/tracklist/23h5bv39/paul-van-dyk-mainstage-beach-luminosity-beach-festival-netherlands-2023-06-24.html,Paulvandyk,trance,True
https://www.1001tracklists.com/tracklist/19dm5269/paul-van-dyk-vonyc-sessions-868-2023-06-20.html,Paulvandyk,trance,True
https://www.1001tracklists.com/tracklist/16m4zqu9/paul-van-dyk-vonyc-sessions-867-2023-06-13.html,Paulvandyk,trance,True
https://www.1001tracklists.com/tracklist/2dt0hlmk/paul-van-dyk-vonyc-sessions-866-2023-06-06.html,Paulvandyk,trance,True
https://www.1001tracklists.com/tracklist/1mnb6qft/paul-van-dyk-vonyc-sessions-865-2023-05-30.html,Paulvandyk,trance,True
https://www.1001tracklists.com/tracklist/1g1h6599/paul-van-dyk-vonyc-sessions-864-2023-05-23.html,Paulvandyk,trance,True
https://www.1001tracklists.com/tracklist/291yv86k/paul-van-dyk-lucid-dream-taipei-taiwan-2023-05-20.html,Paulvandyk,trance,True
https://www.1001tracklists.com/tracklist/283xw9xt/paul-van-dyk-venture-x-zouk-club-singapore-2023-05-19.html,Paulvandyk,trance,True
https://www.1001tracklists.com/tracklist/2vps88sk/paul-van-dyk-vonyc-sessions-863-2023-05-16.html,Paulvandyk,trance,True
https://www.1001tracklists.com/tracklist/m14lv49/paul-van-dyk-vonyc-sessions-862-2023-05-09.html,Paulvandyk,trance,True
https://www.1001tracklists.com/tracklist/2cv20zn1/paul-van-dyk-vonyc-sessions-861-2023-05-06.html,Paulvandyk,trance,True
https://www.1001tracklists.com/tracklist/x8wxqqk/paul-van-dyk-vonyc-sessions-860-2023-04-25.html,Paulvandyk,trance,True
https://www.1001tracklists.com/tracklist/23gskdl1/paul-van-dyk-vonyc-sessions-859-2023-04-18.html,Paulvandyk,trance,True
https://www.1001tracklists.com/tracklist/2ryf89ht/paul-van-dyk-dreamstate-europe-arena-gliwice-poland-2023-04-15.html,Paulvandyk,trance,True
https://www.1001tracklists.com/tracklist/13tgk359/paul-van-dyk-vonyc-sessions-858-2023-04-11.html,Paulvandyk,trance,True
https://www.1001tracklists.com/tracklist/283qz8q1/paul-van-dyk-vonyc-sessions-857-2023-04-04.html,Paulvandyk,trance,True
https://www.1001tracklists.com/tracklist/j7kdw3k/paul-van-dyk-vonyc-sessions-856-2023-03-28.html,Paulvandyk,trance,True
https://www.1001tracklists.com/tracklist/1ytty0p1/paul-van-dyk-venture-x-new-city-gas-montreal-canada-2023-03-24.html,Paulvandyk,trance,True
https://www.1001tracklists.com/tracklist/25b7nmyk/paul-van-dyk-vonyc-sessions-855-2023-03-21.html,Paulvandyk,trance,True
https://www.1001tracklists.com/tracklist/1rc5gup1/paul-van-dyk-vonyc-sessions-854-2023-03-14.html,Paulvandyk,trance,True
https://www.1001tracklists.com/tracklist/1t6rtdq1/paul-van-dyk-vonyc-sessions-853-2023-03-07.html,Paulvandyk,trance,True
https://www.1001tracklists.com/tracklist/z47uyzk/paul-van-dyk-vonyc-sessions-852-2023-02-28.html,Paulvandyk,trance,True
https://www.1001tracklists.com/tracklist/1phgxyst/paul-van-dyk-vonyc-sessions-851-2023-02-21.html,Paulvandyk,trance,True
https://www.1001tracklists.com/tracklist/clfjj01/paul-van-dyk-venture-x-toybox-toronto-canada-2023-02-17.html,Paulvandyk,trance,True
https://www.1001tracklists.com/tracklist/1nknd5xt/paul-van-dyk-the-sound-of-venture-x-netherlands-2023-02-15.html,Paulvandyk,trance,True
https://www.1001tracklists.com/tracklist/1ks79kw9/paul-van-dyk-vonyc-sessions-850-2023-02-14.html,Paulvandyk,trance,True
https://www.1001tracklists.com/tracklist/2vp9hxk1/paul-van-dyk-vonyc-sessions-849-2023-02-07.html,Paulvandyk,trance,True
https://www.1001tracklists.com/tracklist/1ks551j1/paul-van-dyk-vonyc-sessions-848-2023-01-31.html,Paulvandyk,trance,True
https://www.1001tracklists.com/tracklist/1c7j977t/paul-van-dyk-vonyc-sessions-847-2023-01-24.html,Paulvandyk,trance,True
https://www.1001tracklists.com/tracklist/29yyghhk/paul-van-dyk-vonyc-sessions-846-essential-session-special-2023-01-17.html,Paulvandyk,trance,True
https://www.1001tracklists.com/tracklist/2m8y81q1/paul-van-dyk-vonyc-sessions-845-2023-01-10.html,Paulvandyk,trance,True
https://www.1001tracklists.com/tracklist/1hwfjh19/paul-van-dyk-vonyc-sessions-844-2023-01-03.html,Paulvandyk,trance,True
https://www.1001tracklists.com/tracklist/10zkmnct/paul-van-dyk-vonyc-sessions-843-2022-12-27.html,Paulvandyk,trance,True
https://www.1001tracklists.com/tracklist/1rbsnwht/paul-van-dyk-vonyc-sessions-842-2022-12-20.html,Paulvandyk,trance,True
https://www.1001tracklists.com/tracklist/2cugnm2t/paul-van-dyk-fifa-fan-festival-qatar-2022-12-15.html,Paulvandyk,trance,True
https://www.1001tracklists.com/tracklist/23g5gcuk/paul-van-dyk-vonyc-sessions-841-2022-12-13.html,Paulvandyk,trance,True
https://www.1001tracklists.com/tracklist/rpglctt/paul-van-dyk-off-the-record-tour-stereo-live-dallas-united-states-2022-12-10.html,Paulvandyk,trance,True
https://www.1001tracklists.com/tracklist/101nznd9/paul-van-dyk-vonyc-sessions-840-2022-12-07.html,Paulvandyk,trance,True
https://www.1001tracklists.com/tracklist/18fuxnpt/paul-van-dyk-vonyc-sessions-839-2022-11-29.html,Paulvandyk,trance,True
https://www.1001tracklists.com/tracklist/1c76ytg1/paul-van-dyk-vonyc-sessions-838-2022-11-22.html,Paulvandyk,trance,True
https://www.1001tracklists.com/tracklist/1ph1dpk9/paul-van-dyk-off-the-record-tour-district-atlanta-united-states-2022-11-19.html,Paulvandyk,trance,True
https://www.1001tracklists.com/tracklist/ckywjf9/paul-van-dyk-the-dream-stage-dreamstate-socal-nos-events-center-san-bernardino-united-states-2022-11-18.html,Paulvandyk,trance,True
https://www.1001tracklists.com/tracklist/ptrl3rk/paul-van-dyk-vonyc-sessions-837-2022-11-15.html,Paulvandyk,trance,True
https://www.1001tracklists.com/tracklist/dhw42d1/paul-van-dyk-off-the-record-tour-soundbar-chicago-united-states-2022-11-11.html,Paulvandyk,trance,True
https://www.1001tracklists.com/tracklist/11x48ckt/paul-van-dyk-vonyc-sessions-836-2022-11-08.html,Paulvandyk,trance,True
https://www.1001tracklists.com/tracklist/2rxn8qlk/paul-van-dyk-vonyc-sessions-835-2022-11-01.html,Paulvandyk,trance,True
https://www.1001tracklists.com/tracklist/23fydu1t/paul-van-dyk-vonyc-sessions-834-2022-10-25.html,Paulvandyk,trance,True
https://www.1001tracklists.com/tracklist/l2ggf5k/paul-van-dyk-aaa-set-melkweg-amsterdam-dance-event-netherlands-2022-10-22.html,Paulvandyk,trance,True
https://www.1001tracklists.com/tracklist/2tt5ku9k/paul-van-dyk-vonyc-sessions-833-2022-10-18.html,Paulvandyk,trance,True
https://www.1001tracklists.com/tracklist/2cu38sj9/paul-van-dyk-vonyc-sessions-832-2022-10-11.html,Paulvandyk,trance,True
https://www.1001tracklists.com/tracklist/2679147t/paul-van-dyk-shine-london-closing-set-printworks-london-united-kingdom-2022-10-07.html,Paulvandyk,trance,True
https://www.1001tracklists.com/tracklist/12usdp6k/paul-van-dyk-vonyc-sessions-831-2022-10-04.html,Paulvandyk,trance,True
https://www.1001tracklists.com/tracklist/mxwjtt1/paul-van-dyk-vonyc-sessions-830-2022-09-27.html,Paulvandyk,trance,True
https://www.1001tracklists.com/tracklist/2sv7wxlk/paul-van-dyk-off-the-record-tour-layla-masaryk-mexico-2022-09-22.html,Paulvandyk,trance,True
https://www.1001tracklists.com/tracklist/1krjy87k/paul-van-dyk-vonyc-sessions-829-2022-09-20.html,Paulvandyk,trance,True
https://www.1001tracklists.com/tracklist/j6p5qrt/paul-van-dyk-shine-ibiza-closing-party-eden-ibiza-spain-2022-09-15.html,Paulvandyk,trance,True
https://www.1001tracklists.com/tracklist/vd7qt19/paul-van-dyk-vonyc-sessions-828-2022-09-13.html,Paulvandyk,trance,True
https://www.1001tracklists.com/tracklist/ckl23m9/paul-van-dyk-chasing-sunsets-malta-2022-09-07.html,Paulvandyk,trance,True
https://www.1001tracklists.com/tracklist/290jhkq1/paul-van-dyk-vonyc-sessions-827-2022-09-06.html,Paulvandyk,trance,True
https://www.1001tracklists.com/tracklist/13sd54xk/paul-van-dyk-vonyc-sessions-826-2022-08-30.html,Paulvandyk,trance,True
https://www.1001tracklists.com/tracklist/16kszl8t/paul-van-dyk-intencity-festival-romania-2022-08-27.html,Paulvandyk,trance,True
https://www.1001tracklists.com/tracklist/2s4ktt59/armin-van-buuren-kygo-dance-department-2026-04-11.html,Arminvanbuuren,trance,True
https://www.1001tracklists.com/tracklist/fncp05t/armin-van-buuren-armins-weekend-kick-off-328-2026-04-10.html,Arminvanbuuren,trance,True
https://www.1001tracklists.com/tracklist/18nmzzw9/armin-van-buuren-ruben-de-ronde-mees-salome-a-state-of-trance-1272-2026-04-09.html,Arminvanbuuren,trance,True
https://www.1001tracklists.com/tracklist/2d12v3yt/armin-van-buuren-radio-538-house-top-1000-609-571-2026-04-04.html,Arminvanbuuren,trance,True
https://www.1001tracklists.com/tracklist/2jq36msk/armin-van-buuren-max-styler-colyn-dance-department-2026-04-04.html,Arminvanbuuren,trance,True
https://www.1001tracklists.com/tracklist/2kmwtn7k/armin-van-buuren-radio-538-house-top-1000-976-965-2026-04-03.html,Arminvanbuuren,trance,True
https://www.1001tracklists.com/tracklist/1zxnzms9/dennis-ruyer-armin-van-buuren-jelte-van-der-goot-radio-538-house-top-1000-1000-977-2026-04-03.html,Arminvanbuuren,trance,True
https://www.1001tracklists.com/tracklist/23nvm2y1/armin-van-buuren-armins-weekend-kick-off-327-2026-04-03.html,Arminvanbuuren,trance,True
https://www.1001tracklists.com/tracklist/m7477gt/armin-van-buuren-ruben-de-ronde-ferry-corsten-a-state-of-trance-1271-2026-04-02.html,Arminvanbuuren,trance,True
https://www.1001tracklists.com/tracklist/1x46sydk/armin-van-buuren-mainstage-ultra-music-festival-miami-united-states-2026-03-28.html,Arminvanbuuren,trance,True
https://www.1001tracklists.com/tracklist/jfqdc1k/armin-van-buuren-dance-department-tomorrowland-winter-special-2026-03-28.html,Arminvanbuuren,trance,True
https://www.1001tracklists.com/tracklist/1rkdl1l1/armin-van-buuren-asot-worldwide-stage-ultra-music-festival-miami-united-states-2026-03-27.html,Arminvanbuuren,trance,True
https://www.1001tracklists.com/tracklist/2gugf5b9/armin-van-buuren-marlon-hoffstadt-asot-worldwide-stage-ultra-music-festival-miami-united-states-2026-03-27.html,Arminvanbuuren,trance,True
https://www.1001tracklists.com/tracklist/1kyl74tt/armin-van-buuren-a-state-of-trance-1270-unfiltered-special-2026-03-26.html,Arminvanbuuren,trance,True
https://www.1001tracklists.com/tracklist/1rkdnbtt/armin-van-buuren-siriusxm-miami-studios-miami-music-week-united-states-2026-03-25.html,Arminvanbuuren,trance,True
https://www.1001tracklists.com/tracklist/1k0rws99/armin-van-buuren-silo-dallas-united-states-2026-03-22.html,Arminvanbuuren,trance,True
https://www.1001tracklists.com/tracklist/1bj473qt/armin-van-buuren-echostage-washington-dc-united-states-2026-03-21.html,Arminvanbuuren,trance,True
https://www.1001tracklists.com/tracklist/1lwc094t/armin-van-buuren-chris-avantgarde-dance-department-2026-03-21.html,Arminvanbuuren,trance,True
https://www.1001tracklists.com/tracklist/1mu4dju9/armin-van-buuren-armins-weekend-kick-off-326-2026-03-20.html,Arminvanbuuren,trance,True
https://www.1001tracklists.com/tracklist/2uxudpm9/armin-van-buuren-ruben-de-ronde-andrew-rayel-a-state-of-trance-1269-2026-03-19.html,Arminvanbuuren,trance,True
https://www.1001tracklists.com/tracklist/2b5c7rlt/armin-van-buuren-ame-dance-department-2026-03-14.html,Arminvanbuuren,trance,True
https://www.1001tracklists.com/tracklist/q0f8zhk/armin-van-buuren-armins-weekend-kick-off-325-2026-03-13.html,Arminvanbuuren,trance,True
https://www.1001tracklists.com/tracklist/m6zz7wt/armin-van-buuren-ruben-de-ronde-ontune-a-state-of-trance-1268-2026-03-12.html,Arminvanbuuren,trance,True
https://www.1001tracklists.com/tracklist/18nn103k/armin-van-buuren-laroc-club-sao-paulo-brazil-2026-03-08.html,Arminvanbuuren,trance,True
https://www.1001tracklists.com/tracklist/17qmwsbk/moguai-armin-van-buuren-oliver-heldens-1live-dj-session-2026-03-07.html,Arminvanbuuren,trance,True
https://www.1001tracklists.com/tracklist/hhsc3tk/armin-van-buuren-hi-lo-dance-department-2026-03-07.html,Arminvanbuuren,trance,True
https://www.1001tracklists.com/tracklist/2fwjkwj1/armin-van-buuren-armins-weekend-kick-off-324-2026-03-06.html,Arminvanbuuren,trance,True
https://www.1001tracklists.com/tracklist/10861gm9/armin-van-buuren-ruben-de-ronde-ferry-corsten-a-state-of-trance-1267-2026-03-05.html,Arminvanbuuren,trance,True
https://www.1001tracklists.com/tracklist/1j2thdct/armin-van-buuren-tinlicker-dance-department-2026-02-28.html,Arminvanbuuren,trance,True
https://www.1001tracklists.com/tracklist/1v8fl8f9/armin-van-buuren-oliver-heldens-maddix-area-one-a-state-of-trance-festival-ahoy-rotterdam-netherlands-2026-02-28.html,Arminvanbuuren,trance,True
https://www.1001tracklists.com/tracklist/2t234qgt/armin-van-buuren-area-one-a-state-of-trance-festival-ahoy-rotterdam-netherlands-2026-02-28.html,Arminvanbuuren,trance,True
https://www.1001tracklists.com/tracklist/zbcgyb9/armin-van-buuren-armins-weekend-kick-off-asot-anthems-special-2026-02-27.html,Arminvanbuuren,trance,True
https://www.1001tracklists.com/tracklist/15uyurh1/armin-van-buuren-funk-tribu-face-2-face-area-one-a-state-of-trance-festival-ahoy-rotterdam-netherlands-2026-02-27.html,Arminvanbuuren,trance,True
https://www.1001tracklists.com/tracklist/1f9d6vv1/armin-van-buuren-25-years-celebration-set-area-one-a-state-of-trance-festival-ahoy-rotterdam-netherlands-2026-02-27.html,Arminvanbuuren,trance,True
https://www.1001tracklists.com/tracklist/hhqmy5k/armin-van-buuren-deep-dish-area-one-a-state-of-trance-festival-ahoy-rotterdam-netherlands-2026-02-27.html,Arminvanbuuren,trance,True
https://www.1001tracklists.com/tracklist/13zcgcf1/armin-van-buuren-area-one-a-state-of-trance-festival-ahoy-rotterdam-netherlands-2026-02-27.html,Arminvanbuuren,trance,True
https://www.1001tracklists.com/tracklist/str3y4t/armin-van-buuren-ruben-de-ronde-ferry-corsten-a-state-of-trance-1266-unfiltered-nowandwow-netherlands-2026-02-26.html,Arminvanbuuren,trance,True
https://www.1001tracklists.com/tracklist/2tzvbfqt/armin-van-buuren-armins-weekend-kick-off-323-2026-02-20.html,Arminvanbuuren,trance,True
https://www.1001tracklists.com/tracklist/1bhxqfz9/armin-van-buuren-ruben-de-ronde-richard-durand-a-state-of-trance-1265-2026-02-19.html,Arminvanbuuren,trance,True
https://www.1001tracklists.com/tracklist/17qhrufk/armin-van-buuren-lucas-steve-dance-department-2026-02-14.html,Arminvanbuuren,trance,True
https://www.1001tracklists.com/tracklist/115vv391/armin-van-buuren-armins-weekend-kick-off-322-2026-02-13.html,Arminvanbuuren,trance,True
https://www.1001tracklists.com/tracklist/1dchpyht/armin-van-buuren-ruben-de-ronde-ciaran-mcauley-a-state-of-trance-1264-2026-02-12.html,Arminvanbuuren,trance,True
https://www.1001tracklists.com/tracklist/kc6bql1/armin-van-buuren-kntxt-flanders-expo-ghent-belgium-2026-02-07.html,Arminvanbuuren,trance,True
https://www.1001tracklists.com/tracklist/2hrydrwt/armin-van-buuren-luuk-van-dijk-dance-department-2026-02-07.html,Arminvanbuuren,trance,True
https://www.1001tracklists.com/tracklist/1qm8yt1k/armin-van-buuren-armins-weekend-kick-off-321-2026-02-06.html,Arminvanbuuren,trance,True
https://www.1001tracklists.com/tracklist/wjtus29/armin-van-buuren-ruben-de-ronde-ferry-corsten-a-state-of-trance-1263-2026-02-05.html,Arminvanbuuren,trance,True
https://www.1001tracklists.com/tracklist/2jpqq971/armin-van-buuren-mathame-dance-department-2026-01-31.html,Arminvanbuuren,trance,True
https://www.1001tracklists.com/tracklist/stl1091/armin-van-buuren-armins-weekend-kick-off-320-2026-01-30.html,Arminvanbuuren,trance,True
https://www.1001tracklists.com/tracklist/n4kdgg1/armin-van-buuren-a-state-of-trance-1262-unfiltered-special-2026-01-29.html,Arminvanbuuren,trance,True
https://www.1001tracklists.com/tracklist/27cp9kb9/armin-van-buuren-one-world-radio-exclusive-thank-you-mix-2026-01-28.html,Arminvanbuuren,trance,True
https://www.1001tracklists.com/tracklist/1rk04rq9/armin-van-buuren-unfazed-dance-department-2026-01-24.html,Arminvanbuuren,trance,True
https://www.1001tracklists.com/tracklist/trbg0xt/armin-van-buuren-armins-weekend-kick-off-319-2026-01-23.html,Arminvanbuuren,trance,True
https://www.1001tracklists.com/tracklist/p29s80t/armin-van-buuren-ruben-de-ronde-sarah-de-warren-a-state-of-trance-1261-2026-01-22.html,Arminvanbuuren,trance,True
https://www.1001tracklists.com/tracklist/26ftru0k/armin-van-buuren-kineticfield-edc-thailand-2026-01-18.html,Arminvanbuuren,trance,True
https://www.1001tracklists.com/tracklist/wjq8hu9/armin-van-buuren-mesto-dance-department-2026-01-17.html,Arminvanbuuren,trance,True
https://www.1001tracklists.com/tracklist/2s419b11/armin-van-buuren-armins-weekend-kick-off-318-2026-01-16.html,Arminvanbuuren,trance,True
https://www.1001tracklists.com/tracklist/1w5yufu9/armin-van-buuren-ruben-de-ronde-olivia-lensen-a-state-of-trance-1260-2026-01-15.html,Arminvanbuuren,trance,True
https://www.1001tracklists.com/tracklist/1k09wv91/armin-van-buuren-max-styler-dance-department-2026-01-10.html,Arminvanbuuren,trance,True
https://www.1001tracklists.com/tracklist/wjnun1k/armin-van-buuren-armins-weekend-kick-off-317-2026-01-09.html,Arminvanbuuren,trance,True
https://www.1001tracklists.com/tracklist/2d0l07u9/armin-van-buuren-ruben-de-ronde-driftmoon-a-state-of-trance-1259-2026-01-08.html,Arminvanbuuren,trance,True
https://www.1001tracklists.com/tracklist/1ub9bkm9/armin-van-buuren-luvstruck-dance-department-2026-01-03.html,Arminvanbuuren,trance,True
https://www.1001tracklists.com/tracklist/2gtxz599/armin-van-buuren-armins-weekend-kick-off-316-2026-01-02.html,Arminvanbuuren,trance,True
https://www.1001tracklists.com/tracklist/16sfuw61/armin-van-buuren-armada-presents-fitness-2026-01-02.html,Arminvanbuuren,trance,True
https://www.1001tracklists.com/tracklist/1lvvkb91/armin-van-buuren-ruben-de-ronde-ferry-corsten-a-state-of-trance-1258-2026-01-01.html,Arminvanbuuren,trance,True
https://www.1001tracklists.com/tracklist/1g6v1151/armin-van-buuren-artbat-storm-electronic-music-festival-china-2025-12-31.html,Arminvanbuuren,trance,True
https://www.1001tracklists.com/tracklist/2d0jkzc9/armin-van-buuren-storm-electronic-music-festival-guangzhou-china-2025-12-31.html,Arminvanbuuren,trance,True
https://www.1001tracklists.com/tracklist/1zx22nd9/armin-van-buuren-dance-department-year-mix-2025-2025-12-27.html,Arminvanbuuren,trance,True
https://www.1001tracklists.com/tracklist/22qggvn9/armin-van-buuren-a-state-of-trance-1257-year-mix-2025-2025-12-25.html,Arminvanbuuren,trance,True
https://www.1001tracklists.com/tracklist/27cg0p5k/armin-van-buuren-layton-giordani-dance-department-2025-12-20.html,Arminvanbuuren,trance,True
https://www.1001tracklists.com/tracklist/p232yuk/armin-van-buuren-ruben-de-ronde-ferry-corsten-a-state-of-trance-1256-top-50-of-2025-special-2025-12-18.html,Arminvanbuuren,trance,True
https://www.1001tracklists.com/tracklist/2fw0b7m1/armin-van-buuren-colyn-dance-department-2025-12-13.html,Arminvanbuuren,trance,True
https://www.1001tracklists.com/tracklist/13132k1t/armin-van-buuren-armins-weekend-kick-off-315-2025-12-12.html,Arminvanbuuren,trance,True
https://www.1001tracklists.com/tracklist/1kxxqb81/armin-van-buuren-ruben-de-ronde-john-grand-a-state-of-trance-1255-2025-12-11.html,Arminvanbuuren,trance,True
https://www.1001tracklists.com/tracklist/p20xq11/armin-van-buuren-odymel-dance-department-2025-12-06.html,Arminvanbuuren,trance,True
https://www.1001tracklists.com/tracklist/1sgjcfu1/armin-van-buuren-armins-weekend-kick-off-314-2025-12-05.html,Arminvanbuuren,trance,True
https://www.1001tracklists.com/tracklist/1qlws7z9/armin-van-buuren-ruben-de-ronde-ferry-corsten-a-state-of-trance-1254-2025-12-04.html,Arminvanbuuren,trance,True
https://www.1001tracklists.com/tracklist/1310rybt/armin-van-buuren-hypersonic-festival-flemington-racecourse-melbourne-australia-2025-11-30.html,Arminvanbuuren,trance,True
https://www.1001tracklists.com/tracklist/21shyf2k/armin-van-buuren-meduza-dance-department-2025-11-29.html,Arminvanbuuren,trance,True
https://www.1001tracklists.com/tracklist/2dy40319/armin-van-buuren-hypersonic-festival-sydney-showground-australia-2025-11-29.html,Arminvanbuuren,trance,True
https://www.1001tracklists.com/tracklist/xg6f9dk/armin-van-buuren-armins-weekend-kick-off-313-2025-11-28.html,Arminvanbuuren,trance,True
https://www.1001tracklists.com/tracklist/1bhfpkvt/armin-van-buuren-a-state-of-trance-year-mix-2025-2025-11-28.html,Arminvanbuuren,trance,True
https://www.1001tracklists.com/tracklist/2vuydvn1/armin-van-buuren-ruben-de-ronde-cold-blue-a-state-of-trance-1253-2025-11-27.html,Arminvanbuuren,trance,True
https://www.1001tracklists.com/tracklist/z9sn76t/armin-van-buuren-jamback-dance-department-2025-11-22.html,Arminvanbuuren,trance,True
https://www.1001tracklists.com/tracklist/13yt8t1t/armin-van-buuren-armins-weekend-kick-off-312-2025-11-21.html,Arminvanbuuren,trance,True
https://www.1001tracklists.com/tracklist/2b4p6szt/armin-van-buuren-ruben-de-ronde-joyhauser-a-state-of-trance-1252-2025-11-20.html,Arminvanbuuren,trance,True
https://www.1001tracklists.com/tracklist/2hrgbdx9/armin-van-buuren-notre-dame-dance-department-2025-11-15.html,Arminvanbuuren,trance,True
https://www.1001tracklists.com/tracklist/unqruyk/armin-van-buuren-armins-weekend-kick-off-311-2025-11-14.html,Arminvanbuuren,trance,True
https://www.1001tracklists.com/tracklist/1h4c8qjt/armin-van-buuren-ruben-de-ronde-amber-broos-a-state-of-trance-1251-2025-11-13.html,Arminvanbuuren,trance,True
https://www.1001tracklists.com/tracklist/kbp3369/armin-van-buuren-piano-2025-11-10.html,Arminvanbuuren,trance,True
https://www.1001tracklists.com/tracklist/1jzxuc3t/armin-van-buuren-lilly-palmer-face-2-face-a-state-of-trance-festival-mexico-2025-11-08.html,Arminvanbuuren,trance,True
https://www.1001tracklists.com/tracklist/2km0cxw9/armin-van-buuren-a-state-of-trance-festival-mexico-2025-11-08.html,Arminvanbuuren,trance,True
https://www.1001tracklists.com/tracklist/1jzxqmz9/armin-van-buuren-genesi-dance-department-2025-11-08.html,Arminvanbuuren,trance,True
https://www.1001tracklists.com/tracklist/ycw9k2k/armin-van-buuren-armins-weekend-kick-off-310-2025-11-07.html,Arminvanbuuren,trance,True
https://www.1001tracklists.com/tracklist/15u9gf11/armin-van-buuren-kineticfield-edc-orlando-united-states-2025-11-07.html,Arminvanbuuren,trance,True
https://www.1001tracklists.com/tracklist/2t1fb9uk/armin-van-buuren-apple-music-mixes-classical-dj-mix-2025-11-07.html,Arminvanbuuren,trance,True
https://www.1001tracklists.com/tracklist/1td4chr1/armin-van-buuren-ruben-de-ronde-ferry-corsten-a-state-of-trance-1250-2025-11-06.html,Arminvanbuuren,trance,True
https://www.1001tracklists.com/tracklist/1y14qrqt/armin-van-buuren-mainstage-untold-festival-dubai-united-arab-emirates-2025-11-06.html,Arminvanbuuren,trance,True
https://www.1001tracklists.com/tracklist/unn60t9/armin-van-buuren-nicole-moudaber-dance-department-2025-11-01.html,Arminvanbuuren,trance,True
https://www.1001tracklists.com/tracklist/2ndctjp9/armin-van-buuren-armins-weekend-kick-off-309-2025-10-31.html,Arminvanbuuren,trance,True
https://www.1001tracklists.com/tracklist/1bh878r1/armin-van-buuren-ruben-de-ronde-darren-tate-a-state-of-trance-1249-2025-10-30.html,Arminvanbuuren,trance,True
https://www.1001tracklists.com/tracklist/288xmhkk/armin-van-buuren-marlon-hoffstadt-oliver-heldens-radio-538-dance-department-johan-cruijff-arena-amsterdam-dance-event-netherlands-2025-10-25.html,Arminvanbuuren,trance,True
https://www.1001tracklists.com/tracklist/16s0p529/armin-van-buuren-dance-department-ade-edition-2025-10-25.html,Arminvanbuuren,trance,True
https://www.1001tracklists.com/tracklist/23mwl1m1/armin-van-buuren-amsterdam-music-festival-johan-cruijff-arena-amsterdam-dance-event-netherlands-2025-10-25.html,Arminvanbuuren,trance,True
https://www.1001tracklists.com/tracklist/2r5rr53t/armin-van-buuren-kislashki-two-is-one-amsterdam-music-festival-johan-cruijff-arena-amsterdam-dance-event-netherlands-2025-10-25.html,Arminvanbuuren,trance,True
https://www.1001tracklists.com/tracklist/1h48t3nt/maddix-umek-joyhauser-all-day-rave-levenslang-amsterdam-amsterdam-dance-event-netherlands-2025-10-24.html,Arminvanbuuren,trance,True
https://www.1001tracklists.com/tracklist/qxcn3l1/armin-van-buuren-slam-amsterdam-dance-event-netherlands-2025-10-22.html,Arminvanbuuren,trance,True
https://www.1001tracklists.com/tracklist/1dbtdy2t/armin-van-buuren-rose-ringed-dance-department-2025-10-18.html,Arminvanbuuren,trance,True
https://www.1001tracklists.com/tracklist/9w37xpk/armin-van-buuren-armins-weekend-kick-off-308-2025-10-17.html,Arminvanbuuren,trance,True
https://www.1001tracklists.com/tracklist/2b4gm1m9/armin-van-buuren-armada-rewind-privilege-ibiza-spain-2012-07-09-2025-10-17.html,Arminvanbuuren,trance,True
https://www.1001tracklists.com/tracklist/1154wght/armin-van-buuren-ruben-de-ronde-nifra-a-state-of-trance-1247-2025-10-16.html,Arminvanbuuren,trance,True
https://www.1001tracklists.com/tracklist/130rjp3t/armin-van-buuren-banco-de-chile-main-stage-creamfields-chile-2025-10-12.html,Arminvanbuuren,trance,True
https://www.1001tracklists.com/tracklist/122y9pf9/armin-van-buuren-sputnik-club-2025-10-11.html,Arminvanbuuren,trance,True
https://www.1001tracklists.com/tracklist/18mk8dm1/armin-van-buuren-paul-kalkbrenner-dance-department-2025-10-11.html,Arminvanbuuren,trance,True
https://www.1001tracklists.com/tracklist/btvjnn1/armin-van-buuren-mainstage-tomorrowland-brasil-2025-10-10.html,Arminvanbuuren,trance,True
https://www.1001tracklists.com/tracklist/m6293m9/armin-van-buuren-ruben-de-ronde-corren-cavini-a-state-of-trance-1246-2025-10-09.html,Arminvanbuuren,trance,True
https://www.1001tracklists.com/tracklist/1cdwqhz9/armin-van-buuren-armins-weekend-kick-off-307-2025-10-03.html,Arminvanbuuren,trance,True
https://www.1001tracklists.com/tracklist/25hccx5t/armin-van-buuren-ruben-de-ronde-ferry-corsten-a-state-of-trance-1245-2025-10-02.html,Arminvanbuuren,trance,True
https://www.1001tracklists.com/tracklist/p1nbds9/armin-van-buuren-dj-mag-top-100-djs-awards-unvrs-ibiza-spain-2025-09-30.html,Arminvanbuuren,trance,True
https://www.1001tracklists.com/tracklist/1f8hdf99/armin-van-buuren-nicole-moudabers-in-the-mood-596-2025-09-30.html,Arminvanbuuren,trance,True
https://www.1001tracklists.com/tracklist/2jnykuh1/armin-van-buuren-mr.-belt-wezol-dance-department-2025-09-27.html,Arminvanbuuren,trance,True
https://www.1001tracklists.com/tracklist/1yyqm9gt/armin-van-buuren-armins-weekend-kick-off-306-2025-09-27.html,Arminvanbuuren,trance,True
https://www.1001tracklists.com/tracklist/undynht/armin-van-buuren-ruben-de-ronde-paul-denton-a-state-of-trance-1244-2025-09-25.html,Arminvanbuuren,trance,True
https://www.1001tracklists.com/tracklist/2fvkd3t9/armin-van-buuren-armins-weekend-kick-off-305-2025-09-20.html,Arminvanbuuren,trance,True
https://www.1001tracklists.com/tracklist/2klr0bz1/armin-van-buuren-the-orb-istanbul-turkey-2025-09-20.html,Arminvanbuuren,trance,True
https://www.1001tracklists.com/tracklist/2t147yu1/armin-van-buuren-kolsch-dance-department-2025-09-20.html,Arminvanbuuren,trance,True
https://www.1001tracklists.com/tracklist/1nquj1c9/armin-van-buuren-ruben-de-ronde-luvstruck-a-state-of-trance-1243-2025-09-18.html,Arminvanbuuren,trance,True
https://www.1001tracklists.com/tracklist/n3qytwk/armin-van-buuren-hardwell-dance-department-2025-09-13.html,Arminvanbuuren,trance,True
https://www.1001tracklists.com/tracklist/2klpk381/armin-van-buuren-the-orb-asp-club-konaev-kazakhstan-2025-09-12.html,Arminvanbuuren,trance,True
https://www.1001tracklists.com/tracklist/2b47x2xk/armin-van-buuren-armins-weekend-kick-off-304-2025-09-12.html,Arminvanbuuren,trance,True
https://www.1001tracklists.com/tracklist/1sfzwt8t/armin-van-buuren-ruben-de-ronde-nicole-moudaber-a-state-of-trance-1242-2025-09-11.html,Arminvanbuuren,trance,True
https://www.1001tracklists.com/tracklist/1zwdcs1t/armin-van-buuren-primer-music-festival-greece-2025-09-06.html,Arminvanbuuren,trance,True
https://www.1001tracklists.com/tracklist/2nd15cwt/armin-van-buuren-robin-schulz-dance-department-2025-09-06.html,Arminvanbuuren,trance,True
https://www.1001tracklists.com/tracklist/26dzuupk/armin-van-buuren-armins-weekend-kick-off-303-2025-09-05.html,Arminvanbuuren,trance,True
https://www.1001tracklists.com/tracklist/21rz7rqk/armin-van-buuren-ruben-de-ronde-ferry-corsten-a-state-of-trance-1241-2025-09-04.html,Arminvanbuuren,trance,True
https://www.1001tracklists.com/tracklist/17pfq689/hardwell-ruben-de-ronde-armin-van-buuren-a-state-of-trance-1239-2025-08-21.html,Arminvanbuuren,trance,True
https://www.1001tracklists.com/tracklist/flyr5g1/armin-van-buuren-clubding-2025-08-17.html,Arminvanbuuren,trance,True
https://www.1001tracklists.com/tracklist/9vrtf51/armin-van-buuren-armins-weekend-kick-off-302-2025-08-16.html,Arminvanbuuren,trance,True
https://www.1001tracklists.com/tracklist/2lj9u671/dennis-ruyer-steve-angello-hugel-armin-van-buuren-dance-department-untold-festival-special-2025-08-16.html,Arminvanbuuren,trance,True
https://www.1001tracklists.com/tracklist/1cdm9n1k/armin-van-buuren-a-state-of-trance-ibiza-2025-on-the-beach-2025-08-15.html,Arminvanbuuren,trance,True
https://www.1001tracklists.com/tracklist/1bgtds4t/armin-van-buuren-ruben-de-ronde-river-a-state-of-trance-1238-2025-08-14.html,Arminvanbuuren,trance,True
https://www.1001tracklists.com/tracklist/z952lqk/armin-van-buuren-a-state-of-trance-ibiza-2025-in-the-club-2025-08-14.html,Arminvanbuuren,trance,True
https://www.1001tracklists.com/tracklist/n3jhn09/armin-van-buuren-asot-stage-bolt-night-stage-sziget-festival-hungary-2025-08-10.html,Arminvanbuuren,trance,True
https://www.1001tracklists.com/tracklist/106y0s5t/armin-van-buuren-alok-dance-department-2025-08-09.html,Arminvanbuuren,trance,True
https://www.1001tracklists.com/tracklist/2vu923z1/armin-van-buuren-armins-weekend-kick-off-301-2025-08-08.html,Arminvanbuuren,trance,True
https://www.1001tracklists.com/tracklist/vkxgfn1/armin-van-buuren-mainstage-untold-festival-romania-2025-08-08.html,Arminvanbuuren,trance,True
https://www.1001tracklists.com/tracklist/2typfp3t/armin-van-buuren-ruben-de-ronde-ferry-corsten-a-state-of-trance-1237-2025-08-07.html,Arminvanbuuren,trance,True
https://www.1001tracklists.com/tracklist/pz2cu2k/armin-van-buuren-the-orb-vingis-park-vilnius-lithuania-2025-08-02.html,Arminvanbuuren,trance,True
https://www.1001tracklists.com/tracklist/1y0l9cck/armin-van-buuren-rose-ringed-dance-department-2025-08-02.html,Arminvanbuuren,trance,True
https://www.1001tracklists.com/tracklist/flvb45t/armin-van-buuren-absolut-stage-weekend-festival-finland-2025-08-01.html,Arminvanbuuren,trance,True
https://www.1001tracklists.com/tracklist/1x2shzsk/armin-van-buuren-armins-weekend-kick-off-300-2025-08-01.html,Arminvanbuuren,trance,True
https://www.1001tracklists.com/tracklist/1y0kutk9/armin-van-buuren-ruben-de-ronde-cosmic-gate-a-state-of-trance-1236-2025-07-31.html,Arminvanbuuren,trance,True
https://www.1001tracklists.com/tracklist/qwum349/armin-van-buuren-don-diablo-dance-department-2025-07-26.html,Arminvanbuuren,trance,True
https://www.1001tracklists.com/tracklist/1pn9p1c1/armin-van-buuren-mainstage-tomorrowland-weekend-2-belgium-2025-07-25.html,Arminvanbuuren,trance,True
https://www.1001tracklists.com/tracklist/22pjwz2k/armin-van-buuren-a-state-of-trance-ibiza-2025-whos-afraid-of-138-2025-07-24.html,Arminvanbuuren,trance,True
https://www.1001tracklists.com/tracklist/2mfz1671/armin-van-buuren-ruben-de-ronde-tdj-a-state-of-trance-1235-2025-07-24.html,Arminvanbuuren,trance,True
https://www.1001tracklists.com/tracklist/1zw35nxk/armin-van-buuren-mainstage-parookaville-germany-2025-07-20.html,Arminvanbuuren,trance,True
https://www.1001tracklists.com/tracklist/2jnk4l4k/armin-van-buuren-joris-voorn-dance-department-2025-07-19.html,Arminvanbuuren,trance,True
https://www.1001tracklists.com/tracklist/1pn8l919/armin-van-buuren-freedom-stage-tomorrowland-weekend-1-belgium-2025-07-19.html,Arminvanbuuren,trance,True
https://www.1001tracklists.com/tracklist/1zw2l9t1/armin-van-buuren-deezer-rooftop-sessions-paris-france-2025-07-17.html,Arminvanbuuren,trance,True
https://www.1001tracklists.com/tracklist/2fv3pudt/armin-van-buuren-ruben-de-ronde-hi-lo-a-state-of-trance-1234-2025-07-17.html,Arminvanbuuren,trance,True
https://www.1001tracklists.com/tracklist/1h3n1s3k/armin-van-buuren-armada-in-the-mix-new-york-2025-07-15.html,Arminvanbuuren,trance,True
https://www.1001tracklists.com/tracklist/whlf401/armin-van-buuren-hi-lo-face-2-face-area-one-a-state-of-trance-festival-london-united-kingdom-2025-07-13.html,Arminvanbuuren,trance,True
https://www.1001tracklists.com/tracklist/1tcg9jwt/armin-van-buuren-area-one-a-state-of-trance-festival-london-united-kingdom-2025-07-13.html,Arminvanbuuren,trance,True
https://www.1001tracklists.com/tracklist/16rdv039/armin-van-buuren-perrys-stage-lollapalooza-germany-2025-07-12.html,Arminvanbuuren,trance,True
https://www.1001tracklists.com/tracklist/114lcc01/armin-van-buuren-classics-mini-mix-2025-07-11.html,Arminvanbuuren,trance,True
https://www.1001tracklists.com/tracklist/26dpb761/armin-van-buuren-armins-weekend-kick-off-299-2025-07-11.html,Arminvanbuuren,trance,True
https://www.1001tracklists.com/tracklist/2kl9clf1/armin-van-buuren-mainstage-ultra-europe-croatia-2025-07-11.html,Arminvanbuuren,trance,True
https://www.1001tracklists.com/tracklist/1ql0mzd9/armin-van-buuren-apple-music-mixes-fitness-run-2025-07-11.html,Arminvanbuuren,trance,True
https://www.1001tracklists.com/tracklist/2962kdrt/armin-van-buuren-poney-club-toulouse-france-2025-07-10.html,Arminvanbuuren,trance,True
https://www.1001tracklists.com/tracklist/bt9v7v9/armin-van-buuren-ruben-de-ronde-jesabel-a-state-of-trance-1233-2025-07-10.html,Arminvanbuuren,trance,True
https://www.1001tracklists.com/tracklist/1db58681/armin-van-buuren-mau-p-dance-department-2025-07-05.html,Arminvanbuuren,trance,True
https://www.1001tracklists.com/tracklist/17p4td01/armin-van-buuren-love-stage-beats-for-love-czech-republic-2025-07-04.html,Arminvanbuuren,trance,True
https://www.1001tracklists.com/tracklist/jd2wbr1/armin-van-buuren-armins-weekend-kick-off-298-2025-07-04.html,Arminvanbuuren,trance,True
https://www.1001tracklists.com/tracklist/xfb4r39/armin-van-buuren-ruben-de-ronde-ferry-corsten-a-state-of-trance-1232-2025-07-03.html,Arminvanbuuren,trance,True
https://www.1001tracklists.com/tracklist/1pn51kmt/armin-van-buuren-breathe-full-album-mix-2025-06-30.html,Arminvanbuuren,trance,True
https://www.1001tracklists.com/tracklist/1g66tgj1/armin-van-buuren-ushuaia-ibiza-spain-2025-06-29.html,Arminvanbuuren,trance,True
https://www.1001tracklists.com/tracklist/106swt3k/armin-van-buuren-sputnik-club-2025-06-28.html,Arminvanbuuren,trance,True
https://www.1001tracklists.com/tracklist/jd1q8y9/armin-van-buuren-joris-voorn-max-styler-dance-department-ibiza-special-2025-06-28.html,Arminvanbuuren,trance,True
https://www.1001tracklists.com/tracklist/2c1lzbc1/armin-van-buuren-armins-weekend-kick-off-297-2025-06-27.html,Arminvanbuuren,trance,True
https://www.1001tracklists.com/tracklist/17p33lb9/armin-van-buuren-ruben-de-ronde-seth-hills-a-state-of-trance-1231-2025-06-26.html,Arminvanbuuren,trance,True
https://www.1001tracklists.com/tracklist/21rlhn49/armin-van-buuren-ushuaia-ibiza-spain-2025-06-22.html,Arminvanbuuren,trance,True
https://www.1001tracklists.com/tracklist/1mshykj9/armin-van-buuren-oliver-heldens-dance-department-2025-06-21.html,Arminvanbuuren,trance,True
https://www.1001tracklists.com/tracklist/17p21kgk/armin-van-buuren-armins-weekend-kick-off-296-2025-06-20.html,Arminvanbuuren,trance,True
https://www.1001tracklists.com/tracklist/rufjvd9/armin-van-buuren-ben-malone-one-world-radio-ibiza-top-100-live-2025-06-20.html,Arminvanbuuren,trance,True
https://www.1001tracklists.com/tracklist/1mshmpv9/armin-van-buuren-ruben-de-ronde-cis-a-state-of-trance-1230-2025-06-19.html,Arminvanbuuren,trance,True
https://www.1001tracklists.com/tracklist/1w4q0js9/armin-van-buuren-upperground-legia-stadium-warsaw-poland-2025-06-14.html,Arminvanbuuren,trance,True
https://www.1001tracklists.com/tracklist/jczb8bk/artbat-armin-van-buuren-upperground-legia-stadium-warsaw-poland-2025-06-14.html,Arminvanbuuren,trance,True
https://www.1001tracklists.com/tracklist/vkmdns1/armin-van-buuren-hugel-dance-department-2025-06-14.html,Arminvanbuuren,trance,True
https://www.1001tracklists.com/tracklist/vkmd541/armin-van-buuren-indira-paganotto-sonarclub-sonar-festival-spain-2025-06-14.html,Arminvanbuuren,trance,True
https://www.1001tracklists.com/tracklist/1nq8g189/armin-van-buuren-armins-weekend-kick-off-295-2025-06-13.html,Arminvanbuuren,trance,True
https://www.1001tracklists.com/tracklist/rudcm01/armin-van-buuren-ruben-de-ronde-oliver-smith-a-state-of-trance-1229-2025-06-12.html,Arminvanbuuren,trance,True
https://www.1001tracklists.com/tracklist/1jz0y4wt/armin-van-buuren-opening-party-ushuaia-ibiza-spain-2025-06-08.html,Arminvanbuuren,trance,True
https://www.1001tracklists.com/tracklist/9vbcm81/armin-van-buuren-lammer-dance-department-2025-06-07.html,Arminvanbuuren,trance,True
https://www.1001tracklists.com/tracklist/2kl3byc1/armin-van-buuren-armins-weekend-kick-off-294-2025-06-06.html,Arminvanbuuren,trance,True
https://www.1001tracklists.com/tracklist/1v6v3glt/armin-van-buuren-olymp-stage-ikarus-festival-germany-2025-06-06.html,Arminvanbuuren,trance,True
https://www.1001tracklists.com/tracklist/9v9zjk1/armin-van-buuren-ruben-de-ronde-ferry-corsten-a-state-of-trance-1228-2025-06-05.html,Arminvanbuuren,trance,True
https://www.1001tracklists.com/tracklist/ybyd2f1/armin-van-buuren-mainstage-nameless-festival-italy-2025-05-31.html,Arminvanbuuren,trance,True
https://www.1001tracklists.com/tracklist/1sfds6rk/armin-van-buuren-d.o.d-dance-department-2025-05-31.html,Arminvanbuuren,trance,True
https://www.1001tracklists.com/tracklist/jcwkpct/armin-van-buuren-armins-weekend-kick-off-293-2025-05-30.html,Arminvanbuuren,trance,True
https://www.1001tracklists.com/tracklist/22p6sr39/armin-van-buuren-ruben-de-ronde-david-forbes-a-state-of-trance-1227-2025-05-29.html,Arminvanbuuren,trance,True
https://www.1001tracklists.com/tracklist/2hqf4z31/armin-van-buuren-armins-weekend-kick-off-292-2025-05-23.html,Arminvanbuuren,trance,True
https://www.1001tracklists.com/tracklist/2kl097dk/armin-van-buuren-ruben-de-ronde-jochem-hamerling-a-state-of-trance-1226-2025-05-22.html,Arminvanbuuren,trance,True
https://www.1001tracklists.com/tracklist/1cd2ygut/armin-van-buuren-kineticfield-edc-las-vegas-united-states-2025-05-18.html,Arminvanbuuren,trance,True
https://www.1001tracklists.com/tracklist/xf2t321/armin-van-buuren-rebel-toronto-canada-2025-05-17.html,Arminvanbuuren,trance,True
https://www.1001tracklists.com/tracklist/2vttrvht/armin-van-buuren-eelke-kleijn-dance-department-2025-05-17.html,Arminvanbuuren,trance,True
https://www.1001tracklists.com/tracklist/18lpy8x9/armin-van-buuren-radius-chicago-united-states-2025-05-16.html,Arminvanbuuren,trance,True
https://www.1001tracklists.com/tracklist/1x2b98zk/armin-van-buuren-armins-weekend-kick-off-291-2025-05-16.html,Arminvanbuuren,trance,True
https://www.1001tracklists.com/tracklist/14vgk6dt/armin-van-buuren-ruben-de-ronde-rozie-nl-a-state-of-trance-1225-2025-05-15.html,Arminvanbuuren,trance,True
https://www.1001tracklists.com/tracklist/114707vk/armin-van-buuren-superstrings-dance-department-2025-05-10.html,Arminvanbuuren,trance,True
https://www.1001tracklists.com/tracklist/1ms8cm31/armin-van-buuren-armins-weekend-kick-off-290-2025-05-09.html,Arminvanbuuren,trance,True
https://www.1001tracklists.com/tracklist/2c19yb9k/armin-van-buuren-ruben-de-ronde-estiva-a-state-of-trance-1224-2025-05-08.html,Arminvanbuuren,trance,True
https://www.1001tracklists.com/tracklist/gj48yd1/armin-van-buuren-vac-vision-colour-music-festival-zhuhai-china-2025-05-03.html,Arminvanbuuren,trance,True
https://www.1001tracklists.com/tracklist/287w16m1/armin-van-buuren-folamour-dance-department-2025-05-03.html,Arminvanbuuren,trance,True
https://www.1001tracklists.com/tracklist/2ty3q6x9/armin-van-buuren-armins-weekend-kick-off-289-2025-05-02.html,Arminvanbuuren,trance,True
https://www.1001tracklists.com/tracklist/l7bll41/armin-van-buuren-ruben-de-ronde-ferry-corsten-a-state-of-trance-1223-2025-05-01.html,Arminvanbuuren,trance,True
https://www.1001tracklists.com/tracklist/2b3g394k/armin-van-buuren-dance-department-2025-04-26.html,Arminvanbuuren,trance,True
https://www.1001tracklists.com/tracklist/1v6m42qt/armin-van-buuren-armins-weekend-kick-off-288-2025-04-25.html,Arminvanbuuren,trance,True
https://www.1001tracklists.com/tracklist/13xk292t/armin-van-buuren-ruben-de-ronde-ottagon-a-state-of-trance-1222-2025-04-24.html,Arminvanbuuren,trance,True
https://www.1001tracklists.com/tracklist/21r5t781/armin-van-buuren-fedde-le-grand-funkerman-dance-department-2025-04-19.html,Arminvanbuuren,trance,True
https://www.1001tracklists.com/tracklist/vk8xk3t/armin-van-buuren-armins-weekend-kick-off-287-2025-04-18.html,Arminvanbuuren,trance,True
https://www.1001tracklists.com/tracklist/pygp5f9/armin-van-buuren-ruben-de-ronde-8kays-a-state-of-trance-1221-2025-04-17.html,Arminvanbuuren,trance,True
https://www.1001tracklists.com/tracklist/16qvsdwk/armin-van-buuren-chris-stussy-dance-department-2025-04-12.html,Arminvanbuuren,trance,True
https://www.1001tracklists.com/tracklist/gj00yu1/armin-van-buuren-armins-weekend-kick-off-286-2025-04-11.html,Arminvanbuuren,trance,True
https://www.1001tracklists.com/tracklist/1qkhv5nt/armin-van-buuren-ruben-de-ronde-ram-richard-durand-a-state-of-trance-1220-2025-04-10.html,Arminvanbuuren,trance,True
https://www.1001tracklists.com/tracklist/2t0517uk/armin-van-buuren-the-dream-stage-dreamstate-cow-palace-united-states-2025-04-05.html,Arminvanbuuren,trance,True
https://www.1001tracklists.com/tracklist/1g57vslk/armin-van-buuren-alok-dance-department-2025-04-05.html,Arminvanbuuren,trance,True
https://www.1001tracklists.com/tracklist/xdth001/armin-van-buuren-armins-weekend-kick-off-285-2025-04-04.html,Arminvanbuuren,trance,True
https://www.1001tracklists.com/tracklist/16qu0huk/armin-van-buuren-ruben-de-ronde-ferry-corsten-a-state-of-trance-1219-2025-04-03.html,Arminvanbuuren,trance,True
https://www.1001tracklists.com/tracklist/1lu6uyf9/armin-van-buuren-mainstage-ultra-music-festival-miami-united-states-2025-03-29.html,Arminvanbuuren,trance,True
https://www.1001tracklists.com/tracklist/1zvgjknt/joris-voorn-armin-van-buuren-spectrum-radio-414-2025-03-28.html,Arminvanbuuren,trance,True
https://www.1001tracklists.com/tracklist/p0kb909/armin-van-buuren-armins-weekend-kick-off-284-2025-03-28.html,Arminvanbuuren,trance,True
https://www.1001tracklists.com/tracklist/2jmwbct1/armin-van-buuren-maddix-oliver-heldens-asot-stage-ultra-music-festival-miami-united-states-2025-03-28.html,Arminvanbuuren,trance,True
https://www.1001tracklists.com/tracklist/umc696k/armin-van-buuren-asot-stage-ultra-music-festival-miami-united-states-2025-03-28.html,Arminvanbuuren,trance,True
https://www.1001tracklists.com/tracklist/20t7lxwk/armin-van-buuren-a-state-of-trance-2025-on-the-beach-2025-03-27.html,Arminvanbuuren,trance,True
https://www.1001tracklists.com/tracklist/ybknggt/armin-van-buuren-ruben-de-ronde-simon-patterson-a-state-of-trance-1218-2025-03-27.html,Arminvanbuuren,trance,True
https://www.1001tracklists.com/tracklist/1x200jh9/armin-van-buuren-james-hype-dance-department-2025-03-22.html,Arminvanbuuren,trance,True
https://www.1001tracklists.com/tracklist/cqh2vm1/armin-van-buuren-mainstage-tomorrowland-winter-france-2025-03-21.html,Arminvanbuuren,trance,True
https://www.1001tracklists.com/tracklist/22nu93zt/armin-van-buuren-a-state-of-trance-2025-in-the-club-2025-03-20.html,Arminvanbuuren,trance,True
https://www.1001tracklists.com/tracklist/2dwn1wb1/armin-van-buuren-ruben-de-ronde-mees-salome-a-state-of-trance-1217-2025-03-20.html,Arminvanbuuren,trance,True
https://www.1001tracklists.com/tracklist/2gs755ck/armin-van-buuren-amare-by-sephora-tomorrowland-winter-france-2025-03-19.html,Arminvanbuuren,trance,True
https://www.1001tracklists.com/tracklist/26d02xw9/armin-van-buuren-joris-voorn-amare-by-sephora-tomorrowland-winter-france-2025-03-19.html,Arminvanbuuren,trance,True
https://www.1001tracklists.com/tracklist/13x9h9q9/armin-van-buuren-claptone-dance-department-2025-03-15.html,Arminvanbuuren,trance,True
https://www.1001tracklists.com/tracklist/279sz1xt/armin-van-buuren-armins-weekend-kick-off-283-2025-03-14.html,Arminvanbuuren,trance,True
https://www.1001tracklists.com/tracklist/2wr78rjk/armin-van-buuren-armada-today-2025-03-14.html,Arminvanbuuren,trance,True
https://www.1001tracklists.com/tracklist/24jcptz1/armin-van-buuren-a-state-of-trance-2025-whos-afraid-of-138-2025-03-13.html,Arminvanbuuren,trance,True
https://www.1001tracklists.com/tracklist/2kkm3t21/armin-van-buuren-ruben-de-ronde-mark-sherry-a-state-of-trance-1216-2025-03-13.html,Arminvanbuuren,trance,True
https://www.1001tracklists.com/tracklist/2dwlfrct/armin-van-buuren-dj-mag-italy-radioshow-2025-03-12.html,Arminvanbuuren,trance,True
https://www.1001tracklists.com/tracklist/hfmdbmk/moguai-armin-van-buuren-artbat-alle-farben-1live-dj-session-2025-03-08.html,Arminvanbuuren,trance,True
https://www.1001tracklists.com/tracklist/16qp0nm1/armin-van-buuren-armins-weekend-kick-off-282-2025-03-07.html,Arminvanbuuren,trance,True
https://www.1001tracklists.com/tracklist/1nppxw19/armin-van-buuren-ruben-de-ronde-ferry-corsten-a-state-of-trance-1215-2025-03-06.html,Arminvanbuuren,trance,True
https://www.1001tracklists.com/tracklist/1f9nbs81/markus-schulz-global-dj-broadcast-in-bloom-vocal-dance-mix-2026-04-09.html,Markusschulz,trance,True
https://www.1001tracklists.com/tracklist/2b5gzlkk/markus-schulz-global-dj-broadcast-the-long-weekend-mix-easter-2026-04-02.html,Markusschulz,trance,True
https://www.1001tracklists.com/tracklist/25jfcjwk/markus-schulz-global-dj-broadcast-miami-music-week-edition-2026-03-26.html,Markusschulz,trance,True
https://www.1001tracklists.com/tracklist/1tdy3089/markus-schulz-leena-punks-global-dj-broadcast-2026-03-19.html,Markusschulz,trance,True
https://www.1001tracklists.com/tracklist/1bj1t3mt/markus-schulz-dim3nsion-global-dj-broadcast-2026-03-12.html,Markusschulz,trance,True
https://www.1001tracklists.com/tracklist/2jpx2hdt/markus-schulz-global-dj-broadcast-global-dj-broadcast-world-tour-stereo-montreal-canada-2026-02-21-2026-03-05.html,Markusschulz,trance,True
https://www.1001tracklists.com/tracklist/1f9cy3l9/markus-schulz-craig-connelly-global-dj-broadcast-2026-02-26.html,Markusschulz,trance,True
https://www.1001tracklists.com/tracklist/csgfwuk/markus-schulz-frankyeffe-global-dj-broadcast-2026-02-19.html,Markusschulz,trance,True
https://www.1001tracklists.com/tracklist/9wtqfvk/markus-schulz-global-dj-broadcast-deeper-shades-2026-02-12.html,Markusschulz,trance,True
https://www.1001tracklists.com/tracklist/zb6ux0k/markus-schulz-global-dj-broadcast-global-dj-broadcast-world-tour-in-search-of-sunrise-here-at-outernet-london-united-kingdom-2026-01-31-2026-02-05.html,Markusschulz,trance,True
https://www.1001tracklists.com/tracklist/2lk9khh9/markus-schulz-das-pharaoh-global-dj-broadcast-2026-01-29.html,Markusschulz,trance,True
https://www.1001tracklists.com/tracklist/n4j1fhk/markus-schulz-alat-global-dj-broadcast-2026-01-22.html,Markusschulz,trance,True
https://www.1001tracklists.com/tracklist/2wt4szwk/markus-schulz-ferry-corsten-club-glow-last-call-soundcheck-nightclub-washington-dc-united-states-2026-01-18.html,Markusschulz,trance,True
https://www.1001tracklists.com/tracklist/1w5yt4tt/markus-schulz-john-grand-global-dj-broadcast-2026-01-15.html,Markusschulz,trance,True
https://www.1001tracklists.com/tracklist/1zx46u0t/markus-schulz-global-dj-broadcast-global-dj-broadcast-world-tour-avalon-hollywood-los-angeles-united-states-2025-12-31-2026-01-08.html,Markusschulz,trance,True
https://www.1001tracklists.com/tracklist/13170ddt/markus-schulz-global-dj-broadcast-new-years-rehab-2026-01-01.html,Markusschulz,trance,True
https://www.1001tracklists.com/tracklist/2898h5jt/markus-schulz-global-dj-broadcast-classics-showcase-2025-12-24.html,Markusschulz,trance,True
https://www.1001tracklists.com/tracklist/21smgjz1/markus-schulz-global-dj-broadcast-year-in-review-part-2-2025-12-18.html,Markusschulz,trance,True
https://www.1001tracklists.com/tracklist/fmnczck/markus-schulz-global-dj-broadcast-year-in-review-part-1-2025-12-11.html,Markusschulz,trance,True
https://www.1001tracklists.com/tracklist/1g6pp921/markus-schulz-global-dj-broadcast-global-dj-broadcast-world-tour-club-space-miami-united-states-2025-11-14-2025-12-04.html,Markusschulz,trance,True
https://www.1001tracklists.com/tracklist/1v7vtk69/markus-schulz-siriusxm-trancegiving-2025-11-27.html,Markusschulz,trance,True
https://www.1001tracklists.com/tracklist/1mtgdcmt/markus-schulz-global-dj-broadcast-the-long-weekend-mix-trancegiving-2025-11-27.html,Markusschulz,trance,True
https://www.1001tracklists.com/tracklist/20upm941/ferry-corsten-markus-schulz-resonation-radio-261-melbourne-pavilion-tribes-festival-australia-2025-11-03-2025-11-26.html,Markusschulz,trance,True
https://www.1001tracklists.com/tracklist/2vux011t/markus-schulz-cosmic-gate-global-dj-broadcast-2025-11-20.html,Markusschulz,trance,True
https://www.1001tracklists.com/tracklist/2mgnktd1/markus-schulz-global-dj-broadcast-global-dj-broadcast-world-tour-australia-2025-11-13.html,Markusschulz,trance,True
https://www.1001tracklists.com/tracklist/tqvf57k/markus-schulz-global-dj-broadcast-afterdark-part-2-2025-11-06.html,Markusschulz,trance,True
https://www.1001tracklists.com/tracklist/1j227ufk/markus-schulz-global-dj-broadcast-afterdark-part-1-2025-10-30.html,Markusschulz,trance,True
https://www.1001tracklists.com/tracklist/1rjgb8u1/markus-schulz-global-dj-broadcast-ade-edition-2025-10-23.html,Markusschulz,trance,True
https://www.1001tracklists.com/tracklist/unmjv1t/markus-schulz-transmission-the-awakening-down-the-rabbit-hole-sepang-international-circuit-kuala-lumpur-malaysia-2025-10-19.html,Markusschulz,trance,True
https://www.1001tracklists.com/tracklist/23mv7j8k/markus-schulz-sean-maynard-dance-anthems-radio-show-289-2025-10-18.html,Markusschulz,trance,True
https://www.1001tracklists.com/tracklist/14wcl4yt/markus-schulz-rinaly-global-dj-broadcast-2025-10-16.html,Markusschulz,trance,True
https://www.1001tracklists.com/tracklist/2dxu2f0t/markus-schulz-sam-wolfe-global-dj-broadcast-2025-10-09.html,Markusschulz,trance,True
https://www.1001tracklists.com/tracklist/2t17nt7k/markus-schulz-in-search-of-sunrise-live-malta-2025-10-08.html,Markusschulz,trance,True
https://www.1001tracklists.com/tracklist/2wsf6r5k/markus-schulz-global-dj-broadcast-global-dj-broadcast-world-tour-in-search-of-sunrise-eden-ibiza-spain-2025-09-24-2025-10-02.html,Markusschulz,trance,True
https://www.1001tracklists.com/tracklist/2r5ksmgt/markus-schulz-blr-global-dj-broadcast-2025-09-25.html,Markusschulz,trance,True
https://www.1001tracklists.com/tracklist/27bvywwk/markus-schulz-global-dj-broadcast-global-dj-broadcast-world-tour-luminosity-2025-09-06-beachclub-fuel-bloemendaal-netherlands-2025-09-06-2025-09-18.html,Markusschulz,trance,True
https://www.1001tracklists.com/tracklist/n3rhmz9/markus-schulz-in-search-of-sunrise-21-mix-3-the-nocturnal-voyage-2025-09-16.html,Markusschulz,trance,True
https://www.1001tracklists.com/tracklist/ycjzj3t/markus-schulz-helslowed-global-dj-broadcast-2025-09-11.html,Markusschulz,trance,True
https://www.1001tracklists.com/tracklist/1x302z51/markus-schulz-captured-festival-malta-2025-09-06.html,Markusschulz,trance,True
https://www.1001tracklists.com/tracklist/n3p5wm9/markus-schulz-global-dj-broadcast-2025-09-04.html,Markusschulz,trance,True
https://www.1001tracklists.com/tracklist/2s361fnk/markus-schulz-global-dj-broadcast-the-long-weekend-mix-twilight-of-summer-edition-2025-08-28.html,Markusschulz,trance,True
https://www.1001tracklists.com/tracklist/1pnhtqb1/markus-schulz-in-search-of-sunrise-21-mix-2-the-nirvana-2025-08-27.html,Markusschulz,trance,True
https://www.1001tracklists.com/tracklist/15tubvdt/markus-schulz-hicky-kalo-global-dj-broadcast-2025-08-21.html,Markusschulz,trance,True
https://www.1001tracklists.com/tracklist/14vzbgt1/markus-schulz-gabriel-dresden-global-dj-broadcast-2025-08-14.html,Markusschulz,trance,True
https://www.1001tracklists.com/tracklist/2vu8s0r9/markus-schulz-global-dj-broadcast-global-dj-broadcast-world-tour-2025-08-07.html,Markusschulz,trance,True
https://www.1001tracklists.com/tracklist/27bmml6k/markus-schulz-in-search-of-sunrise-21-mix-1-the-awakening-2025-08-06.html,Markusschulz,trance,True
https://www.1001tracklists.com/tracklist/2ws129hk/markus-schulz-mike-efex-global-dj-broadcast-2025-07-31.html,Markusschulz,trance,True
https://www.1001tracklists.com/tracklist/jd6gut1/markus-schulz-daxson-global-dj-broadcast-2025-07-24.html,Markusschulz,trance,True
https://www.1001tracklists.com/tracklist/2dxb0219/markus-schulz-global-dj-broadcast-the-long-weekend-mix-midsummer-glow-edition-2025-07-17.html,Markusschulz,trance,True
https://www.1001tracklists.com/tracklist/gjjjyb9/markus-schulz-global-dj-broadcast-global-dj-broadcast-world-tour-cine-saigon-vietnam-2025-07-05-2025-07-10.html,Markusschulz,trance,True
https://www.1001tracklists.com/tracklist/1v6zqgq1/markus-schulz-frankyeffe-global-dj-broadcast-2025-07-03.html,Markusschulz,trance,True
https://www.1001tracklists.com/tracklist/27bdfwm1/markus-schulz-mainstage-beach-luminosity-beach-festival-netherlands-2025-06-28.html,Markusschulz,trance,True
https://www.1001tracklists.com/tracklist/1j1b4sm1/markus-schulz-global-dj-broadcast-2025-06-26.html,Markusschulz,trance,True
https://www.1001tracklists.com/tracklist/1cd8jqy1/markus-schulz-global-dj-broadcast-sunrise-set-2025-06-19.html,Markusschulz,trance,True
https://www.1001tracklists.com/tracklist/9vc7ls9/markus-schulz-aly-fila-global-dj-broadcast-2025-06-12.html,Markusschulz,trance,True
https://www.1001tracklists.com/tracklist/106lt6b9/markus-schulz-global-dj-broadcast-weekly-drive-39-2025-06-08.html,Markusschulz,trance,True
https://www.1001tracklists.com/tracklist/2p9bltvt/markus-schulz-target-one-festival-wroclaw-poland-2025-06-07.html,Markusschulz,trance,True
https://www.1001tracklists.com/tracklist/2vtx9f91/markus-schulz-global-dj-broadcast-global-dj-broadcast-world-tour-epic-club-prague-czech-republic-2025-05-10-2025-06-05.html,Markusschulz,trance,True
https://www.1001tracklists.com/tracklist/1zvtr94k/markus-schulz-milkwish-solange-global-dj-broadcast-2025-05-29.html,Markusschulz,trance,True
https://www.1001tracklists.com/tracklist/1rhkd159/markus-schulz-global-dj-broadcast-the-long-weekend-mix-memorial-day-edition-2025-05-22.html,Markusschulz,trance,True
https://www.1001tracklists.com/tracklist/1cd27kg1/markus-schulz-estiva-global-dj-broadcast-2025-05-15.html,Markusschulz,trance,True
https://www.1001tracklists.com/tracklist/1146trv9/markus-schulz-rong-open-air-festival-malta-2025-05-09.html,Markusschulz,trance,True
https://www.1001tracklists.com/tracklist/1lugdpsk/markus-schulz-dj-th-global-dj-broadcast-2025-05-08.html,Markusschulz,trance,True
https://www.1001tracklists.com/tracklist/2wrjj0rk/markus-schulz-global-dj-broadcast-global-dj-broadcast-world-tour-2025-05-01.html,Markusschulz,trance,True
https://www.1001tracklists.com/tracklist/2cz50x79/markus-schulz-silo-brooklyn-united-states-2025-04-26.html,Markusschulz,trance,True
https://www.1001tracklists.com/tracklist/1qklkcgt/markus-schulz-global-dj-broadcast-in-bloom-vocal-dance-mix-2025-04-24.html,Markusschulz,trance,True
https://www.1001tracklists.com/tracklist/l8g384t/markus-schulz-open-to-close-solo-set-x-demon-poznan-poland-2025-04-18.html,Markusschulz,trance,True
https://www.1001tracklists.com/tracklist/287t1sw9/markus-schulz-linney-global-dj-broadcast-2025-04-17.html,Markusschulz,trance,True
https://www.1001tracklists.com/tracklist/1h32tm59/markus-schulz-transmission-the-temple-of-time-gelredome-stadium-arnhem-netherlands-2025-04-12-2025-04-12.html,Markusschulz,trance,True
https://www.1001tracklists.com/tracklist/295kb80t/markus-schulz-pavlo-vicci-global-dj-broadcast-2025-04-10.html,Markusschulz,trance,True
https://www.1001tracklists.com/tracklist/26d2xl8t/markus-schulz-global-dj-broadcast-global-dj-broadcast-world-tour-mad-club-wynwood-miami-miami-music-week-united-states-2025-03-29-2025-04-03.html,Markusschulz,trance,True
https://www.1001tracklists.com/tracklist/2b389fw1/markus-schulz-global-dj-broadcast-miami-music-week-edition-2025-03-27.html,Markusschulz,trance,True
https://www.1001tracklists.com/tracklist/1sdz6621/markus-schulz-bt-global-dj-broadcast-2025-03-20.html,Markusschulz,trance,True
https://www.1001tracklists.com/tracklist/z88pfxt/markus-schulz-omnia-global-dj-broadcast-2025-03-13.html,Markusschulz,trance,True
https://www.1001tracklists.com/tracklist/26cxrby1/markus-schulz-global-dj-broadcast-global-dj-broadcast-world-tour-soundcheck-nightclub-washington-dc-united-states-2025-02-14-2025-03-06.html,Markusschulz,trance,True
https://www.1001tracklists.com/tracklist/2txs7v91/markus-schulz-global-dj-broadcast-weekly-drive-38-2025-03-02.html,Markusschulz,trance,True
https://www.1001tracklists.com/tracklist/1mrv1m89/markus-schulz-davey-asprey-global-dj-broadcast-2025-02-27.html,Markusschulz,trance,True
https://www.1001tracklists.com/tracklist/hfjfy39/markus-schulz-global-dj-broadcast-deeper-shades-2025-02-20.html,Markusschulz,trance,True
https://www.1001tracklists.com/tracklist/2s22d63k/markus-schulz-global-dj-broadcast-weekly-drive-37-2025-02-16.html,Markusschulz,trance,True
https://www.1001tracklists.com/tracklist/2r482qwk/markus-schulz-paraframe-global-dj-broadcast-2025-02-13.html,Markusschulz,trance,True
https://www.1001tracklists.com/tracklist/1kw3u9m9/markus-schulz-global-dj-broadcast-global-dj-broadcast-world-tour-open-to-close-solo-set-avalon-hollywood-los-angeles-united-states-2025-02-01-2025-02-06.html,Markusschulz,trance,True
https://www.1001tracklists.com/tracklist/1kw354v1/markus-schulz-global-dj-broadcast-weekly-drive-36-2025-02-03.html,Markusschulz,trance,True
https://www.1001tracklists.com/tracklist/jc66lkt/markus-schulz-khomha-global-dj-broadcast-2025-01-30.html,Markusschulz,trance,True
https://www.1001tracklists.com/tracklist/2hqkg4rt/markus-schulz-blastoyz-aquatheater-groove-cruise-miami-united-states-2025-01-24.html,Markusschulz,trance,True
https://www.1001tracklists.com/tracklist/pxyy2t1/markus-schulz-alat-global-dj-broadcast-2025-01-23.html,Markusschulz,trance,True
https://www.1001tracklists.com/tracklist/113lcn6t/markus-schulz-global-dj-broadcast-weekly-drive-35-2025-01-19.html,Markusschulz,trance,True
https://www.1001tracklists.com/tracklist/1x1nwsq1/markus-schulz-sirius-xm-bpm-beach-2025-01-17.html,Markusschulz,trance,True
https://www.1001tracklists.com/tracklist/pxxqn2t/markus-schulz-global-dj-broadcast-2025-01-16.html,Markusschulz,trance,True
https://www.1001tracklists.com/tracklist/bs88fb9/markus-schulz-global-dj-broadcast-global-dj-broadcast-world-tour-dprtmnt-toronto-canada-2025-01-09.html,Markusschulz,trance,True
https://www.1001tracklists.com/tracklist/l6nf11k/markus-schulz-global-dj-broadcast-new-years-rehab-2025-01-02.html,Markusschulz,trance,True
https://www.1001tracklists.com/tracklist/2nbks729/markus-schulz-global-dj-broadcast-classics-showcase-20th-edition-2024-12-26.html,Markusschulz,trance,True
https://www.1001tracklists.com/tracklist/sr54jxt/markus-schulz-global-dj-broadcast-year-in-review-part-2-2024-12-19.html,Markusschulz,trance,True
https://www.1001tracklists.com/tracklist/1qjsztc9/markus-schulz-global-dj-broadcast-year-in-review-part-1-2024-12-12.html,Markusschulz,trance,True
https://www.1001tracklists.com/tracklist/2tx7dt91/markus-schulz-global-dj-broadcast-global-dj-broadcast-world-tour-stereo-montreal-canada-2024-10-13-2024-12-05.html,Markusschulz,trance,True
https://www.1001tracklists.com/tracklist/vjg4t39/markus-schulz-siriusxm-trancegiving-2024-11-28.html,Markusschulz,trance,True
https://www.1001tracklists.com/tracklist/11385lmt/markus-schulz-global-dj-broadcast-dream-sequence-2024-11-28.html,Markusschulz,trance,True
https://www.1001tracklists.com/tracklist/pxnubft/markus-schulz-the-dream-stage-dreamstate-socal-queen-mary-waterfront-united-states-2024-11-22.html,Markusschulz,trance,True
https://www.1001tracklists.com/tracklist/1tb2kg59/markus-schulz-milkwish-global-dj-broadcast-2024-11-21.html,Markusschulz,trance,True
https://www.1001tracklists.com/tracklist/2p846f8t/markus-schulz-fresh-electronic-music-guestmix-throwback-series-7-2024-11-18.html,Markusschulz,trance,True
https://www.1001tracklists.com/tracklist/287t6bdk/markus-schulz-open-to-close-solo-set-hype-club-szczecin-poland-2024-11-15.html,Markusschulz,trance,True
https://www.1001tracklists.com/tracklist/2kjwt8tt/markus-schulz-farius-global-dj-broadcast-2024-11-14.html,Markusschulz,trance,True
https://www.1001tracklists.com/tracklist/1h25k0gt/markus-schulz-global-dj-broadcast-global-dj-broadcast-world-tour-melkweg-amsterdam-dance-event-netherlands-2024-10-18-2024-11-07.html,Markusschulz,trance,True
https://www.1001tracklists.com/tracklist/21q5qjs9/markus-schulz-global-dj-broadcast-afterdark-2024-10-31.html,Markusschulz,trance,True
https://www.1001tracklists.com/tracklist/z7gh7p9/markus-schulz-kyau-albert-global-dj-broadcast-2024-10-24.html,Markusschulz,trance,True
https://www.1001tracklists.com/tracklist/1plpc8tk/markus-schulz-global-dj-broadcast-ade-edition-2024-10-17.html,Markusschulz,trance,True
https://www.1001tracklists.com/tracklist/2c03rz21/markus-schulz-global-dj-broadcast-weekly-drive-34-2024-10-16.html,Markusschulz,trance,True
https://www.1001tracklists.com/tracklist/286pymh9/markus-schulz-elysium-transmission-bangkok-bitec-bangkok-thailand-2024-10-12.html,Markusschulz,trance,True
https://www.1001tracklists.com/tracklist/17mm05lk/markus-schulz-global-dj-broadcast-global-dj-broadcast-world-tour-the-cloud-berlin-germany-2024-09-20-2024-10-10.html,Markusschulz,trance,True
https://www.1001tracklists.com/tracklist/2sz25xdt/markus-schulz-biskuwi-global-dj-broadcast-2024-10-03.html,Markusschulz,trance,True
https://www.1001tracklists.com/tracklist/qv1zkf1/markus-schulz-global-dj-broadcast-in-search-of-sunrise-20-companion-mix-2024-09-26.html,Markusschulz,trance,True
https://www.1001tracklists.com/tracklist/1bdwrmy1/markus-schulz-in-search-of-sunrise-20-2024-09-23.html,Markusschulz,trance,True
https://www.1001tracklists.com/tracklist/1f6911c1/markus-schulz-daxson-global-dj-broadcast-2024-09-19.html,Markusschulz,trance,True
https://www.1001tracklists.com/tracklist/1x0w3fz1/markus-schulz-global-dj-broadcast-global-dj-broadcast-world-tour-avalon-hollywood-los-angeles-united-states-2024-08-17-2024-09-12.html,Markusschulz,trance,True
https://www.1001tracklists.com/tracklist/fjxhyfk/markus-schulz-mike-efex-global-dj-broadcast-2024-09-05.html,Markusschulz,trance,True
https://www.1001tracklists.com/tracklist/2jlnu6p1/markus-schulz-xijaro-pitch-global-dj-broadcast-2024-08-29.html,Markusschulz,trance,True
https://www.1001tracklists.com/tracklist/2s1gn6h9/markus-schulz-sounds-of-freedom-jarocin-poland-2024-08-24.html,Markusschulz,trance,True
https://www.1001tracklists.com/tracklist/1bdr3l71/markus-schulz-global-dj-broadcast-2024-08-22.html,Markusschulz,trance,True
https://www.1001tracklists.com/tracklist/24h50bck/markus-schulz-global-dj-broadcast-global-dj-broadcast-world-tour-2024-08-15.html,Markusschulz,trance,True
https://www.1001tracklists.com/tracklist/fju35yk/markus-schulz-global-dj-broadcast-weekly-drive-33-2024-08-15.html,Markusschulz,trance,True
https://www.1001tracklists.com/tracklist/1scqn029/markus-schulz-fortune-stage-untold-festival-romania-2024-08-11.html,Markusschulz,trance,True
https://www.1001tracklists.com/tracklist/278jwjx9/markus-schulz-helslowed-global-dj-broadcast-2024-08-08.html,Markusschulz,trance,True
https://www.1001tracklists.com/tracklist/1w2vzqt9/markus-schulz-open-air-floor-nature-one-germany-2024-08-03.html,Markusschulz,trance,True
https://www.1001tracklists.com/tracklist/2gqx45b9/markus-schulz-david-broaders-global-dj-broadcast-2024-08-01.html,Markusschulz,trance,True
https://www.1001tracklists.com/tracklist/2gqx1dgk/markus-schulz-global-dj-broadcast-weekly-drive-32-2024-08-01.html,Markusschulz,trance,True
https://www.1001tracklists.com/tracklist/16pdukb9/markus-schulz-coldharbour-day-2024-07-30.html,Markusschulz,trance,True
https://www.1001tracklists.com/tracklist/sqbwl0t/markus-schulz-matt-fax-global-dj-broadcast-2024-07-25.html,Markusschulz,trance,True
https://www.1001tracklists.com/tracklist/19gswr91/markus-schulz-global-dj-broadcast-weekly-drive-31-2024-07-25.html,Markusschulz,trance,True
https://www.1001tracklists.com/tracklist/2ft5nwu9/markus-schulz-rebirth-stage-sunrise-festival-poland-2024-07-20.html,Markusschulz,trance,True
https://www.1001tracklists.com/tracklist/24h09h6t/markus-schulz-sean-tyas-global-dj-broadcast-2024-07-18.html,Markusschulz,trance,True
https://www.1001tracklists.com/tracklist/2wpvq5k9/markus-schulz-global-dj-broadcast-weekly-drive-30-2024-07-18.html,Markusschulz,trance,True
https://www.1001tracklists.com/tracklist/18jwy5u9/markus-schulz-global-dj-broadcast-2024-07-11.html,Markusschulz,trance,True
https://www.1001tracklists.com/tracklist/z6w1dp9/markus-schulz-global-dj-broadcast-weekly-drive-29-2024-07-11.html,Markusschulz,trance,True
https://www.1001tracklists.com/tracklist/20rrdlfk/markus-schulz-global-dj-broadcast-global-dj-broadcast-world-tour-2024-07-04.html,Markusschulz,trance,True
https://www.1001tracklists.com/tracklist/k7t7zg1/markus-schulz-mainstage-beach-isos-set-luminosity-beach-festival-netherlands-2024-06-30.html,Markusschulz,trance,True
https://www.1001tracklists.com/tracklist/wfdpdyt/markus-schulz-global-dj-broadcast-sunrise-set-2024-06-27.html,Markusschulz,trance,True
https://www.1001tracklists.com/tracklist/j9xqfzt/markus-schulz-richard-durand-global-dj-broadcast-2024-06-20.html,Markusschulz,trance,True
https://www.1001tracklists.com/tracklist/1f5thblt/markus-schulz-global-dj-broadcast-weekly-drive-28-2024-06-20.html,Markusschulz,trance,True
https://www.1001tracklists.com/tracklist/2dv1trd1/markus-schulz-elysium-transmission-prague-o2-arena-prague-czech-republic-2024-06-15.html,Markusschulz,trance,True
https://www.1001tracklists.com/tracklist/l5hxugt/markus-schulz-global-dj-broadcast-global-dj-broadcast-world-tour-amerika-disco-buenos-aires-argentina-2024-06-07-espaco-das-americas-sao-paulo-brazil-2024-06-08-stereo-montreal-canada-2024-06-01-2024-06-13.html,Markusschulz,trance,True
https://www.1001tracklists.com/tracklist/fjhh259/markus-schulz-global-dj-broadcast-weekly-drive-27-2024-06-13.html,Markusschulz,trance,True
https://www.1001tracklists.com/tracklist/l5gqsgt/markus-schulz-daxson-global-dj-broadcast-2024-06-06.html,Markusschulz,trance,True
https://www.1001tracklists.com/tracklist/1lsk6cs1/markus-schulz-global-dj-broadcast-weekly-drive-26-2024-06-06.html,Markusschulz,trance,True
https://www.1001tracklists.com/tracklist/2n9d8r91/markus-schulz-tim-besamusca-global-dj-broadcast-2024-05-30.html,Markusschulz,trance,True
https://www.1001tracklists.com/tracklist/1jwwk60t/markus-schulz-global-dj-broadcast-weekly-drive-25-2024-05-30.html,Markusschulz,trance,True
https://www.1001tracklists.com/tracklist/2jl4d9kt/markus-schulz-global-dj-broadcast-2024-05-23.html,Markusschulz,trance,True
https://www.1001tracklists.com/tracklist/vhdv7g9/markus-schulz-global-dj-broadcast-weekly-drive-24-2024-05-23.html,Markusschulz,trance,True
https://www.1001tracklists.com/tracklist/1qhuddk1/markus-schulz-quantumvalley-edc-las-vegas-united-states-2024-05-17.html,Markusschulz,trance,True
https://www.1001tracklists.com/tracklist/2tw3wkx1/markus-schulz-omnia-global-dj-broadcast-2024-05-16.html,Markusschulz,trance,True
https://www.1001tracklists.com/tracklist/y8sn3kt/markus-schulz-global-dj-broadcast-weekly-drive-23-2024-05-16.html,Markusschulz,trance,True
https://www.1001tracklists.com/tracklist/2q4w1twk/markus-schulz-global-dj-broadcast-global-dj-broadcast-world-tour-soundcheck-nightclub-washington-dc-united-states-2024-05-03-2024-05-09.html,Markusschulz,trance,True
https://www.1001tracklists.com/tracklist/xbxts9k/markus-schulz-global-dj-broadcast-weekly-drive-22-2024-05-09.html,Markusschulz,trance,True
https://www.1001tracklists.com/tracklist/xbwp99t/markus-schulz-kris-oneil-global-dj-broadcast-2024-05-02.html,Markusschulz,trance,True
https://www.1001tracklists.com/tracklist/2khubgsk/markus-schulz-global-dj-broadcast-weekly-drive-21-2024-05-02.html,Markusschulz,trance,True
https://www.1001tracklists.com/tracklist/2n9623u1/markus-schulz-global-dj-broadcast-in-bloom-vocal-dance-mix-2024-04-25.html,Markusschulz,trance,True
https://www.1001tracklists.com/tracklist/1f5hl371/markus-schulz-ekwador-manieczki-poland-2024-04-20.html,Markusschulz,trance,True
https://www.1001tracklists.com/tracklist/17lnn251/markus-schulz-miss-nine-redub-global-dj-broadcast-2024-04-18.html,Markusschulz,trance,True
https://www.1001tracklists.com/tracklist/1jwp9lwk/markus-schulz-global-dj-broadcast-weekly-drive-20-2024-04-18.html,Markusschulz,trance,True
https://www.1001tracklists.com/tracklist/1x023tp9/markus-schulz-destinations-26-2024-04-12.html,Markusschulz,trance,True
https://www.1001tracklists.com/tracklist/277wh4qt/markus-schulz-khomha-global-dj-broadcast-2024-04-11.html,Markusschulz,trance,True
https://www.1001tracklists.com/tracklist/22luswrt/markus-schulz-global-dj-broadcast-global-dj-broadcast-world-tour-mad-club-wynwood-miami-miami-music-week-united-states-2024-03-23-2024-04-04.html,Markusschulz,trance,True
https://www.1001tracklists.com/tracklist/16nr9t91/markus-schulz-estiva-global-dj-broadcast-2024-03-28.html,Markusschulz,trance,True
https://www.1001tracklists.com/tracklist/19g46cz1/markus-schulz-global-dj-broadcast-weekly-drive-19-2024-03-28.html,Markusschulz,trance,True
https://www.1001tracklists.com/tracklist/1rf42xjk/markus-schulz-global-dj-broadcast-miami-music-week-edition-2024-03-21.html,Markusschulz,trance,True
https://www.1001tracklists.com/tracklist/m2ur9mk/markus-schulz-global-dj-broadcast-weekly-drive-18-2024-03-21.html,Markusschulz,trance,True
https://www.1001tracklists.com/tracklist/13v7t829/markus-schulz-stoneface-terminal-global-dj-broadcast-2024-03-14.html,Markusschulz,trance,True
https://www.1001tracklists.com/tracklist/2n8xn26t/markus-schulz-pavlo-vicci-global-dj-broadcast-2024-03-07.html,Markusschulz,trance,True
https://www.1001tracklists.com/tracklist/11zm4g21/markus-schulz-global-dj-broadcast-weekly-drive-17-2024-03-07.html,Markusschulz,trance,True
https://www.1001tracklists.com/tracklist/1xxn2zdt/markus-schulz-global-dj-broadcast-2024-02-29.html,Markusschulz,trance,True
https://www.1001tracklists.com/tracklist/y8c3521/markus-schulz-global-dj-broadcast-weekly-drive-16-2024-02-29.html,Markusschulz,trance,True
https://www.1001tracklists.com/tracklist/wdqfjq1/markus-schulz-global-dj-broadcast-weekly-drive-15-2024-02-22.html,Markusschulz,trance,True
https://www.1001tracklists.com/tracklist/xbj326t/markus-schulz-craig-connelly-global-dj-broadcast-2024-02-22.html,Markusschulz,trance,True
https://www.1001tracklists.com/tracklist/1nmjh8zt/markus-schulz-global-dj-broadcast-deeper-shades-2024-02-15.html,Markusschulz,trance,True
https://www.1001tracklists.com/tracklist/1u6bgbv1/markus-schulz-global-dj-broadcast-weekly-drive-14-2024-02-15.html,Markusschulz,trance,True
https://www.1001tracklists.com/tracklist/dkyy4c1/markus-schulz-davey-asprey-global-dj-broadcast-2024-02-08.html,Markusschulz,trance,True
https://www.1001tracklists.com/tracklist/2hmrg6k9/markus-schulz-global-dj-broadcast-weekly-drive-13-2024-02-08.html,Markusschulz,trance,True
https://www.1001tracklists.com/tracklist/1w20dsw9/markus-schulz-coldharbour-night-down-the-rabbit-hole-unkonscious-beach-festival-venti-nightclub-bangkok-thailand-2024-02-03.html,Markusschulz,trance,True
https://www.1001tracklists.com/tracklist/23j8j7tk/markus-schulz-global-dj-broadcast-global-dj-broadcast-world-tour-open-to-close-solo-set-groove-cruise-miami-20th-anniversary-united-states-2024-01-27-2024-02-01.html,Markusschulz,trance,True
https://www.1001tracklists.com/tracklist/1rdumjk1/markus-schulz-global-dj-broadcast-weekly-drive-12-2024-02-01.html,Markusschulz,trance,True
https://www.1001tracklists.com/tracklist/nzvuf99/joel-corry-markus-schulz-main-pool-deck-16-groove-cruise-miami-united-states-2024-01-25.html,Markusschulz,trance,True
https://www.1001tracklists.com/tracklist/2hmnycv9/markus-schulz-dim3nsion-global-dj-broadcast-2024-01-25.html,Markusschulz,trance,True
https://www.1001tracklists.com/tracklist/1w1tq7nt/markus-schulz-global-dj-broadcast-weekly-drive-11-2024-01-25.html,Markusschulz,trance,True
https://www.1001tracklists.com/tracklist/m2gzr1t/markus-schulz-tim-clark-global-dj-broadcast-2024-01-18.html,Markusschulz,trance,True
https://www.1001tracklists.com/tracklist/1mpkk111/markus-schulz-global-dj-broadcast-weekly-drive-10-2024-01-18.html,Markusschulz,trance,True
https://www.1001tracklists.com/tracklist/fhmvxfk/markus-schulz-alat-global-dj-broadcast-2024-01-11.html,Markusschulz,trance,True
https://www.1001tracklists.com/tracklist/2mbtdn61/markus-schulz-global-dj-broadcast-weekly-drive-9-2024-01-11.html,Markusschulz,trance,True
https://www.1001tracklists.com/tracklist/2kh508q1/markus-schulz-destinations-25-2024-01-05.html,Markusschulz,trance,True
https://www.1001tracklists.com/tracklist/1c988lhk/markus-schulz-global-dj-broadcast-new-years-rehab-2024-01-04.html,Markusschulz,trance,True
https://www.1001tracklists.com/tracklist/1v3vdnu9/markus-schulz-global-dj-broadcast-classics-showcase-2023-12-28.html,Markusschulz,trance,True
https://www.1001tracklists.com/tracklist/2wnqf9p9/markus-schulz-global-dj-broadcast-year-in-review-part-2-2023-12-21.html,Markusschulz,trance,True
https://www.1001tracklists.com/tracklist/2rznw8q1/markus-schulz-global-dj-broadcast-year-in-review-part-1-2023-12-14.html,Markusschulz,trance,True
https://www.1001tracklists.com/tracklist/2b0lmqjt/markus-schulz-global-dj-broadcast-global-dj-broadcast-world-tour-open-to-close-solo-set-stereo-montreal-canada-2023-10-08-2023-12-07.html,Markusschulz,trance,True
https://www.1001tracklists.com/tracklist/2rzlx181/markus-schulz-transmission-elysium-gelredome-stadium-arnhem-netherlands-2023-12-02.html,Markusschulz,trance,True
https://www.1001tracklists.com/tracklist/1mp9dysk/markus-schulz-ilan-bluestone-daniel-wanrooy-in-search-of-sunrise-19-2023-12-01.html,Markusschulz,trance,True
https://www.1001tracklists.com/tracklist/1w1jc4ck/markus-schulz-ilan-bluestone-daniel-wanrooy-global-dj-broadcast-in-search-of-sunrise-19-release-special-2023-11-30.html,Markusschulz,trance,True
https://www.1001tracklists.com/tracklist/k6lb851/markus-schulz-global-dj-broadcast-weekly-drive-8-2023-11-24.html,Markusschulz,trance,True
https://www.1001tracklists.com/tracklist/1rdgyxpt/markus-schulz-siriusxm-trancegiving-2023-11-23.html,Markusschulz,trance,True
https://www.1001tracklists.com/tracklist/1zspycb1/markus-schulz-robert-nickson-global-dj-broadcast-2023-11-23.html,Markusschulz,trance,True
https://www.1001tracklists.com/tracklist/1hy07pfk/markus-schulz-solarstone-global-dj-broadcast-2023-11-16.html,Markusschulz,trance,True
https://www.1001tracklists.com/tracklist/2b0gz511/markus-schulz-global-dj-broadcast-weekly-drive-7-2023-11-16.html,Markusschulz,trance,True
https://www.1001tracklists.com/tracklist/18hkjxsk/markus-schulz-praana-global-dj-broadcast-2023-11-09.html,Markusschulz,trance,True
https://www.1001tracklists.com/tracklist/2jk1g77k/markus-schulz-global-dj-broadcast-weekly-drive-6-2023-11-09.html,Markusschulz,trance,True
https://www.1001tracklists.com/tracklist/rr20rdt/markus-schulz-global-dj-broadcast-weekly-drive-5-2023-11-02.html,Markusschulz,trance,True
https://www.1001tracklists.com/tracklist/y7p2f9t/markus-schulz-the-awakening-transmission-ergo-arena-gdansk-poland-2023-10-28.html,Markusschulz,trance,True
https://www.1001tracklists.com/tracklist/1rd9xtft/markus-schulz-global-dj-broadcast-afterdark-euphoric-techno-mix-2023-10-26.html,Markusschulz,trance,True
https://www.1001tracklists.com/tracklist/1rd9v0l1/markus-schulz-global-dj-broadcast-weekly-drive-4-2023-10-26.html,Markusschulz,trance,True
https://www.1001tracklists.com/tracklist/1t7xhfgt/markus-schulz-umf-radio-754-2023-10-25.html,Markusschulz,trance,True
https://www.1001tracklists.com/tracklist/2r1mz22k/markus-schulz-global-dj-broadcast-global-dj-broadcast-world-tour-open-to-close-solo-set-melkweg-amsterdam-dance-event-2023-10-20-2023-10-20.html,Markusschulz,trance,True
https://www.1001tracklists.com/tracklist/2ldk91j9/markus-schulz-global-dj-broadcast-ade-edition-2023-10-19.html,Markusschulz,trance,True
https://www.1001tracklists.com/tracklist/1mp20jck/armin-van-buuren-ruben-de-ronde-7-skies-a-state-of-trance-1143-amsterdam-dance-event-netherlands-2023-10-19.html,Markusschulz,trance,True
https://www.1001tracklists.com/tracklist/2wncndkt/markus-schulz-global-dj-broadcast-weekly-drive-3-2023-10-19.html,Markusschulz,trance,True
https://www.1001tracklists.com/tracklist/13ufc1y9/markus-schulz-black-hole-recordings-ade-pop-up-store-amsterdam-dance-event-2023-10-18.html,Markusschulz,trance,True
https://www.1001tracklists.com/tracklist/23hp9fz1/markus-schulz-zoya-global-dj-broadcast-2023-10-12.html,Markusschulz,trance,True
https://www.1001tracklists.com/tracklist/22kvku19/markus-schulz-global-dj-broadcast-weekly-drive-2-2023-10-12.html,Markusschulz,trance,True
https://www.1001tracklists.com/tracklist/1xwudmz1/markus-schulz-kennation-vietnam-2023-10-07.html,Markusschulz,trance,True
https://www.1001tracklists.com/tracklist/12wkltp1/markus-schulz-global-dj-broadcast-weekly-drive-1-2023-10-05.html,Markusschulz,trance,True
https://www.1001tracklists.com/tracklist/1c8shr6t/markus-schulz-global-dj-broadcast-global-dj-broadcast-world-tour-x-demon-wroclaw-poland-2023-09-29-2023-10-05.html,Markusschulz,trance,True
https://www.1001tracklists.com/tracklist/2hmhw8c9/markus-schulz-open-to-close-solo-set-x-demon-wroclaw-poland-2023-09-29.html,Markusschulz,trance,True
https://www.1001tracklists.com/tracklist/cmfxbqt/markus-schulz-daxson-global-dj-broadcast-2023-09-28.html,Markusschulz,trance,True
https://www.1001tracklists.com/tracklist/2r1d8w4t/markus-schulz-redub-global-dj-broadcast-2023-09-21.html,Markusschulz,trance,True
https://www.1001tracklists.com/tracklist/2jjrczqt/markus-schulz-global-dj-broadcast-global-dj-broadcast-world-tour-amerika-disco-buenos-aires-argentina-2023-09-08-2023-09-14.html,Markusschulz,trance,True
https://www.1001tracklists.com/tracklist/2gp2tkw1/markus-schulz-kris-oneil-global-dj-broadcast-2023-09-07.html,Markusschulz,trance,True
https://www.1001tracklists.com/tracklist/1wytwk91/markus-schulz-global-dj-broadcast-2023-08-31.html,Markusschulz,trance,True
https://www.1001tracklists.com/tracklist/17kb8bct/markus-schulz-global-dj-broadcast-dream-sequence-uplifting-mix-2023-08-24.html,Markusschulz,trance,True
https://www.1001tracklists.com/tracklist/2m9zwd29/markus-schulz-kyau-and-albert-global-dj-broadcast-2023-08-17.html,Markusschulz,trance,True
https://www.1001tracklists.com/tracklist/1wyqm47k/markus-schulz-matt-fax-global-dj-broadcast-2023-08-10.html,Markusschulz,trance,True
https://www.1001tracklists.com/tracklist/14ru1zwk/farius-markus-schulz-enhanced-sessions-712-2023-08-04.html,Markusschulz,trance,True
https://www.1001tracklists.com/tracklist/z5066k1/markus-schulz-fortune-stage-untold-festival-romania-2023-08-03.html,Markusschulz,trance,True
https://www.1001tracklists.com/tracklist/276hv5dt/markus-schulz-kiss-fm-romania-2023-08-03.html,Markusschulz,trance,True
https://www.1001tracklists.com/tracklist/2kgb809k/markus-schulz-global-dj-broadcast-global-dj-broadcast-world-tour-the-rabbit-hole-circus-tour-e11even-miami-united-states-2023-07-02-2023-08-03.html,Markusschulz,trance,True
https://www.1001tracklists.com/tracklist/m1kl18k/markus-schulz-coldharbour-day-2023-07-31.html,Markusschulz,trance,True
https://www.1001tracklists.com/tracklist/102sc5ct/markus-schulz-siskin-global-dj-broadcast-2023-07-27.html,Markusschulz,trance,True
https://www.1001tracklists.com/tracklist/21mmltv1/markus-schulz-john-grand-global-dj-broadcast-2023-07-20.html,Markusschulz,trance,True
https://www.1001tracklists.com/tracklist/11y9kj71/markus-schulz-global-dj-broadcast-2023-07-13.html,Markusschulz,trance,True
https://www.1001tracklists.com/tracklist/102p1pdk/markus-schulz-global-dj-broadcast-global-dj-broadcast-world-tour-2023-07-06.html,Markusschulz,trance,True
https://www.1001tracklists.com/tracklist/23h3jdzk/markus-schulz-global-dj-broadcast-the-rabbit-hole-circus-album-special-2023-06-29.html,Markusschulz,trance,True
https://www.1001tracklists.com/tracklist/2q34b2t9/markus-schulz-mainstage-beach-luminosity-beach-festival-netherlands-2023-06-25.html,Markusschulz,trance,True
https://www.1001tracklists.com/tracklist/nwymyu1/markus-schulz-estiva-global-dj-broadcast-2023-06-22.html,Markusschulz,trance,True
https://www.1001tracklists.com/tracklist/2ryq29x1/markus-schulz-global-dj-broadcast-sunrise-set-2023-06-15.html,Markusschulz,trance,True
https://www.1001tracklists.com/tracklist/13trztq1/markus-schulz-groove-cruise-radio-277-2023-06-09.html,Markusschulz,trance,True
https://www.1001tracklists.com/tracklist/1hx50t89/markus-schulz-destinations-24-2023-06-09.html,Markusschulz,trance,True
https://www.1001tracklists.com/tracklist/2cv742d1/markus-schulz-dj-th-global-dj-broadcast-2023-06-08.html,Markusschulz,trance,True
https://www.1001tracklists.com/tracklist/m17xn41/markus-schulz-ocata-global-dj-broadcast-2023-06-01.html,Markusschulz,trance,True
https://www.1001tracklists.com/tracklist/sn1tfhk/markus-schulz-ah.fm-17-year-anniversary-massive-celebration-2023-05-31.html,Markusschulz,trance,True
https://www.1001tracklists.com/tracklist/2wmm5by1/markus-schulz-marie-vaunt-global-dj-broadcast-2023-05-25.html,Markusschulz,trance,True
https://www.1001tracklists.com/tracklist/1f3nsgbk/markus-schulz-global-dj-broadcast-2023-05-18.html,Markusschulz,trance,True
https://www.1001tracklists.com/tracklist/wc5m7jt/markus-schulz-daxson-global-dj-broadcast-2023-05-11.html,Markusschulz,trance,True
https://www.1001tracklists.com/tracklist/1xw0uwz9/markus-schulz-global-dj-broadcast-2023-05-04.html,Markusschulz,trance,True
https://www.1001tracklists.com/tracklist/291ngcvk/ferry-corsten-markus-schulz-project-glow-united-states-2023-04-30.html,Markusschulz,trance,True
https://www.1001tracklists.com/tracklist/2r0ny2q1/markus-schulz-global-dj-broadcast-in-bloom-all-vocal-trance-mix-2023-04-27.html,Markusschulz,trance,True
https://www.1001tracklists.com/tracklist/bnulqst/markus-schulz-talla-2xlc-global-dj-broadcast-2023-04-20.html,Markusschulz,trance,True
https://www.1001tracklists.com/tracklist/1qmdz6fk/john-ocallaghan-area-two-a-state-of-trance-festival-ahoy-rotterdam-netherlands-2026-02-27.html,Johnocallaghan,trance,True
https://www.1001tracklists.com/tracklist/1kyb7d7k/john-ocallaghan-block.-dublin-ireland-2026-02-07.html,Johnocallaghan,trance,True
https://www.1001tracklists.com/tracklist/131fxfnk/john-ocallaghan-the-vision-stage-dreamstate-socal-queen-mary-waterfront-united-states-2025-11-22.html,Johnocallaghan,trance,True
https://www.1001tracklists.com/tracklist/l8gzr91/john-ocallaghan-luminosity-pres.-this-is-trance-amsterdam-dance-event-panama-netherlands-2025-10-24.html,Johnocallaghan,trance,True
https://www.1001tracklists.com/tracklist/1ql8nt51/john-ocallaghan-passion-stage-xstatic-summer-festival-united-kingdom-2025-08-16.html,Johnocallaghan,trance,True
https://www.1001tracklists.com/tracklist/vkpzj3t/john-ocallaghan-mainstage-beach-luminosity-beach-festival-netherlands-2025-06-28.html,Johnocallaghan,trance,True
https://www.1001tracklists.com/tracklist/1lv15fdt/john-ocallaghan-subculture-euforia-festival-poland-2025-06-27.html,Johnocallaghan,trance,True
https://www.1001tracklists.com/tracklist/1rgj20vk/john-ocallaghan-the-dream-stage-dreamstate-socal-queen-mary-waterfront-united-states-2024-11-22.html,Johnocallaghan,trance,True
https://www.1001tracklists.com/tracklist/rt3g3pt/john-ocallaghan-luminosity-pres.-this-is-trance-ade-2024-amsterdam-dance-event-panama-netherlands-2024-10-18.html,Johnocallaghan,trance,True
https://www.1001tracklists.com/tracklist/1mqqdtyt/john-ocallaghan-fortune-stage-untold-festival-romania-2024-08-09.html,Johnocallaghan,trance,True
https://www.1001tracklists.com/tracklist/1cb8b5u9/john-ocallaghan-mainstage-beach-luminosity-beach-festival-netherlands-2024-06-29.html,Johnocallaghan,trance,True
https://www.1001tracklists.com/tracklist/1kut2wsk/john-ocallaghan-subculture-melbourne-2024-06-08.html,Johnocallaghan,trance,True
https://www.1001tracklists.com/tracklist/1w24gwy9/john-ocallaghan-passion-29th-birthday-o2-academy-leicester-united-kingdom-2024-03-16.html,Johnocallaghan,trance,True
https://www.1001tracklists.com/tracklist/21nxs2m9/aly-fila-john-ocallaghan-subculture-bangkok-bravo-bkk-thailand-2024-03-02.html,Johnocallaghan,trance,True
https://www.1001tracklists.com/tracklist/16nkmj8t/john-ocallaghan-area-two-a-state-of-trance-festival-rotterdam-netherlands-2024-02-24.html,Johnocallaghan,trance,True
https://www.1001tracklists.com/tracklist/1jwbqj9t/john-ocallaghan-liberation-fabric-london-united-kingdom-2024-02-03.html,Johnocallaghan,trance,True
https://www.1001tracklists.com/tracklist/22lcd64k/john-ocallaghan-trance-unity-rave-canada-2023-12-16.html,Johnocallaghan,trance,True
https://www.1001tracklists.com/tracklist/1h07jcpk/giuseppe-ottaviani-john-ocallaghan-the-dream-stage-dreamstate-socal-queen-mary-waterfront-united-states-2023-11-17.html,Johnocallaghan,trance,True
https://www.1001tracklists.com/tracklist/15pvqkl9/john-ocallaghan-subculture-stage-planetlove-festival-united-kingdom-2023-09-16.html,Johnocallaghan,trance,True
https://www.1001tracklists.com/tracklist/1xwmx68t/john-ocallaghan-pepsi-max-arena-creamfields-north-united-kingdom-2023-08-25.html,Johnocallaghan,trance,True
https://www.1001tracklists.com/tracklist/rqlptg1/john-ocallaghan-bryan-kearney-fortune-stage-untold-festival-romania-2023-08-04.html,Johnocallaghan,trance,True
https://www.1001tracklists.com/tracklist/gdjkwbk/ferry-corsten-ruben-de-ronde-john-ocallaghan-a-state-of-trance-1131-2023-07-27.html,Johnocallaghan,trance,True
https://www.1001tracklists.com/tracklist/29zq2hvt/john-ocallaghan-mainstage-beach-luminosity-beach-festival-netherlands-2023-06-22.html,Johnocallaghan,trance,True
https://www.1001tracklists.com/tracklist/1rcs70qt/john-ocallaghan-subculture-melbourne-australia-2023-06-10.html,Johnocallaghan,trance,True
https://www.1001tracklists.com/tracklist/l3d540t/john-ocallaghan-open-to-close-the-telegraph-building-belfast-united-kingdom-2023-04-09.html,Johnocallaghan,trance,True
https://www.1001tracklists.com/tracklist/29zcflq1/john-ocallaghan-cheshire-woods-beyond-wonderland-united-states-2023-03-25.html,Johnocallaghan,trance,True
https://www.1001tracklists.com/tracklist/275v2yjk/john-ocallaghan-passion-28th-birthday-the-emporium-coalville-united-kingdom-2023-03-11.html,Johnocallaghan,trance,True
https://www.1001tracklists.com/tracklist/1022hzc1/john-ocallaghan-club-amerika-buenos-aires-argentina-2023-02-24.html,Johnocallaghan,trance,True
https://www.1001tracklists.com/tracklist/2n6y46pt/john-ocallaghan-subculture-bangkok-thailand-2023-02-11.html,Johnocallaghan,trance,True
https://www.1001tracklists.com/tracklist/2758xmz9/aly-and-fila-john-ocallaghan-the-dream-stage-dreamstate-socal-nos-events-center-san-bernardino-united-states-2022-11-18.html,Johnocallaghan,trance,True
https://www.1001tracklists.com/tracklist/ffcnuc1/john-ocallaghan-rong-indoor-festival-main-arena-victoria-warehouse-rong-manchester-united-kingdom-2022-10-08.html,Johnocallaghan,trance,True
https://www.1001tracklists.com/tracklist/1qdjjld1/john-ocallaghan-subculture-stage-planetlove-festival-belfast-united-kingdom-ireland-2022-09-10.html,Johnocallaghan,trance,True
https://www.1001tracklists.com/tracklist/fgtz9tk/john-ocallaghan-total-spectrum-academy-los-angeles-united-states-2022-07-22.html,Johnocallaghan,trance,True
https://www.1001tracklists.com/tracklist/13rzumxk/john-ocallaghan-mainstage-beach-luminosity-beach-festival-netherlands-2022-06-26.html,Johnocallaghan,trance,True
https://www.1001tracklists.com/tracklist/1d44qx3t/john-ocallaghan-dreamstate-harbor-the-aquaria-stage-berth-46-los-angeles-united-states-2022-06-10.html,Johnocallaghan,trance,True
https://www.1001tracklists.com/tracklist/1qcuyjc1/john-ocallaghan-quantumvalley-edc-las-vegas-united-states-2022-05-20.html,Johnocallaghan,trance,True
https://www.1001tracklists.com/tracklist/266bbsq9/aly-and-fila-john-ocallaghan-subculture-festival-flemington-racecourse-melbourne-australia-2022-04-02.html,Johnocallaghan,trance,True
https://www.1001tracklists.com/tracklist/1ln7zsr9/john-ocallaghan-coloursfest-glasgow-27th-birthday-united-kingdom-2022-02-05.html,Johnocallaghan,trance,True
https://www.1001tracklists.com/tracklist/qqq6yck/john-ocallaghan-luminosity-panama-amsterdam-dance-event-amsterdam-netherlands-2021-10-16.html,Johnocallaghan,trance,True
https://www.1001tracklists.com/tracklist/g93d3kk/aly-and-fila-john-ocallaghan-rong-manchester-united-kingdom-2021-10-09.html,Johnocallaghan,trance,True
https://www.1001tracklists.com/tracklist/2l8r729k/john-ocallaghan-liberation-fabric-london-united-kingdom-2021-10-02.html,Johnocallaghan,trance,True
https://www.1001tracklists.com/tracklist/2crvmft9/john-ocallaghan-subculture-stage-planetlove-festival-ireland-2021-09-11.html,Johnocallaghan,trance,True
https://www.1001tracklists.com/tracklist/1b6ykuu9/john-ocallaghan-fortune-stage-untold-festival-romania-2021-09-09.html,Johnocallaghan,trance,True
https://www.1001tracklists.com/tracklist/2m676581/john-ocallaghan-pepsi-max-arena-creamfields-uk-united-kingdom-2021-08-29.html,Johnocallaghan,trance,True
https://www.1001tracklists.com/tracklist/tg9x4t1/john-ocallaghan-subculture-july-mix-2021-07-30.html,Johnocallaghan,trance,True
https://www.1001tracklists.com/tracklist/1jr5fzw9/john-ocallaghan-subculture-june-mix-2021-06-25.html,Johnocallaghan,trance,True
https://www.1001tracklists.com/tracklist/2whplt61/john-ocallaghan-subculture-may-mix-2021-05-22.html,Johnocallaghan,trance,True
https://www.1001tracklists.com/tracklist/1uymxhp1/john-ocallaghan-subculture-april-mix-2021-04-23.html,Johnocallaghan,trance,True
https://www.1001tracklists.com/tracklist/248hblrt/john-ocallaghan-subculture-march-mix-2021-03-27.html,Johnocallaghan,trance,True
https://www.1001tracklists.com/tracklist/2qw9d6hk/john-ocallaghan-subculture-february-mix-2021-02-19.html,Johnocallaghan,trance,True
https://www.1001tracklists.com/tracklist/1hsdzcwt/john-ocallaghan-subculture-january-mix-2021-01-19.html,Johnocallaghan,trance,True
https://www.1001tracklists.com/tracklist/1fwq26gt/john-ocallaghan-subculture-2020-year-mix-2020-12-28.html,Johnocallaghan,trance,True
https://www.1001tracklists.com/tracklist/1wt85upk/john-ocallaghan-tranceportal-radio-014-best-of-subculture-2020-11-02.html,Johnocallaghan,trance,True
https://www.1001tracklists.com/tracklist/239s1c1k/john-ocallaghan-subculture-autumn-2020-mix-2020-10-10.html,Johnocallaghan,trance,True
https://www.1001tracklists.com/tracklist/15hyj1ft/john-ocallaghan-a-state-of-trance-classics-mix-012-2020-09-15.html,Johnocallaghan,trance,True
https://www.1001tracklists.com/tracklist/2tnr8vyt/john-ocallaghan-classics-mix-4-2020-08-08.html,Johnocallaghan,trance,True
https://www.1001tracklists.com/tracklist/29tz9ykk/john-ocallaghan-dreamstate-satellite-series-ireland-2020-07-11.html,Johnocallaghan,trance,True
https://www.1001tracklists.com/tracklist/2k8bglut/john-ocallaghan-luminosity-beach-festival-broadcast-ireland-2020-06-27.html,Johnocallaghan,trance,True
https://www.1001tracklists.com/tracklist/2wfspwxt/john-ocallaghan-classics-mix-part-3-2020-05-23.html,Johnocallaghan,trance,True
https://www.1001tracklists.com/tracklist/15hdurlt/john-ocallaghan-music-first-night-ireland-2020-05-16.html,Johnocallaghan,trance,True
https://www.1001tracklists.com/tracklist/2n1gkzh9/john-ocallaghan-producer-classics-mix-part-2-2020-05-03.html,Johnocallaghan,trance,True
https://www.1001tracklists.com/tracklist/h431nx9/john-ocallaghan-itf-guestmix-rave-to-save-virtual-festival-2020-05-02.html,Johnocallaghan,trance,True
https://www.1001tracklists.com/tracklist/2m3mrxzk/john-ocallaghan-producer-classics-mix-part-1-2020-04-26.html,Johnocallaghan,trance,True
https://www.1001tracklists.com/tracklist/1vuf1hjt/john-ocallaghan-subculture-spring-2020-mix-2020-03-23.html,Johnocallaghan,trance,True
https://www.1001tracklists.com/tracklist/28v8qb89/john-ocallaghan-fsoe-600-bangkok-thailand-2019-11-09.html,Johnocallaghan,trance,True
https://www.1001tracklists.com/tracklist/2spucmjt/john-ocallaghan-luminosity-pres.-this-is-trance-panama-amsterdam-amsterdam-dance-event-netherlands-2019-10-19.html,Johnocallaghan,trance,True
https://www.1001tracklists.com/tracklist/rhlwbg9/john-ocallaghan-1015-san-francisco-satellite-series-dreamstate-united-states-2019-09-20.html,Johnocallaghan,trance,True
https://www.1001tracklists.com/tracklist/y0894nt/john-ocallaghan-synergy-love-mobile-street-parade-zurich-switzerland-2019-08-10.html,Johnocallaghan,trance,True
https://www.1001tracklists.com/tracklist/2qu2y9hk/john-ocallaghan-synergy-after-parade-party-alte-kaserne-street-parade-zurich-switzerland-2019-08-10.html,Johnocallaghan,trance,True
https://www.1001tracklists.com/tracklist/g5dluxk/paul-van-dyk-john-ocallaghan-vonyc-sessions-664-2019-07-23.html,Johnocallaghan,trance,True
https://www.1001tracklists.com/tracklist/22b9qfw9/john-ocallaghan-groove-buenos-aires-argentina-2019-07-13.html,Johnocallaghan,trance,True
https://www.1001tracklists.com/tracklist/2spjduc9/john-ocallaghan-mainstage-beachclub-fuel-luminosity-beach-festival-netherlands-2019-06-29.html,Johnocallaghan,trance,True
https://www.1001tracklists.com/tracklist/2hcb6u51/john-ocallaghan-subculture-sse-arena-belfast-united-kingdom-2019-04-22.html,Johnocallaghan,trance,True
https://www.1001tracklists.com/tracklist/bfwpkh1/john-ocallaghan-harbour-convention-centre-dreamstate-vancouver-canada-2019-04-12.html,Johnocallaghan,trance,True
https://www.1001tracklists.com/tracklist/2ujuysbk/john-ocallaghan-paradigm-festival-flemington-racecourse-melbourne-australia-2019-03-29.html,Johnocallaghan,trance,True
https://www.1001tracklists.com/tracklist/10t2qv49/john-ocallaghan-spring-cruise-monday-bar-stockholm-sweden-2019-03-16.html,Johnocallaghan,trance,True
https://www.1001tracklists.com/tracklist/2fhkdknk/john-ocallaghan-heaven-room-trance-unity-circus-afterhours-montreal-canada-2019-03-02.html,Johnocallaghan,trance,True
https://www.1001tracklists.com/tracklist/26yltz1k/john-ocallaghan-the-dream-stage-dreamstate-nos-events-center-san-bernardino-united-states-2018-11-24.html,Johnocallaghan,trance,True
https://www.1001tracklists.com/tracklist/1mdll8dt/john-ocallaghan-the-seal-pit-in-trance-we-trust-benimussa-park-ibiza-spain-2018-09-07.html,Johnocallaghan,trance,True
https://www.1001tracklists.com/tracklist/u7udvq9/john-ocallaghan-subculture-hisense-arena-melbourne-australia-2018-09-01.html,Johnocallaghan,trance,True
https://www.1001tracklists.com/tracklist/12mu2prt/john-ocallaghan-mainstage-luminosity-beach-festival-beachclub-fuel-bloemendaal-netherlands-2018-06-30.html,Johnocallaghan,trance,True
https://www.1001tracklists.com/tracklist/1kjn4cut/john-ocallaghan-groove-buenos-aires-argentina-2018-06-19.html,Johnocallaghan,trance,True
https://www.1001tracklists.com/tracklist/cbpdpt1/john-ocallaghan-a-state-of-trance-festival-850-arena-gliwice-poland-2018-05-30.html,Johnocallaghan,trance,True
https://www.1001tracklists.com/tracklist/2uhvjzs9/john-ocallaghan-digital-society-o2-academy-leeds-united-kingdom-2018-05-27.html,Johnocallaghan,trance,True
https://www.1001tracklists.com/tracklist/bp5m06t/john-ocallaghan-subculture-continuous-mix-01-2018-02-23.html,Johnocallaghan,trance,True
https://www.1001tracklists.com/tracklist/2tktgyg1/john-ocallaghan-whos-afraid-of-138-stage-a-state-of-trance-festival-850-jaarbeurs-utrecht-netherlands-2018-02-17.html,Johnocallaghan,trance,True
https://www.1001tracklists.com/tracklist/1865g6p1/john-ocallaghan-pure-trance-radio-120-2018-01-10.html,Johnocallaghan,trance,True
https://www.1001tracklists.com/tracklist/2j7lpwvt/john-ocallaghan-the-vision-stage-dreamstate-nos-events-center-san-bernardino-united-states-2017-11-25.html,Johnocallaghan,trance,True
https://www.1001tracklists.com/tracklist/1vrvnf71/john-ocallaghan-subculture-estadio-malvinass-buenos-aires-argentina-2017-11-04.html,Johnocallaghan,trance,True
https://www.1001tracklists.com/tracklist/16b9yrlk/john-ocallaghan-s13-belfast-united-kingdom-2017-09-30.html,Johnocallaghan,trance,True
https://www.1001tracklists.com/tracklist/nmukjw1/john-ocallaghan-la-presented-by-dreamstate-belasco-theater-la-united-states-2017-07-01.html,Johnocallaghan,trance,True
https://www.1001tracklists.com/tracklist/2h9c0cf1/john-ocallaghan-mainstage-luminosity-beach-festival-beachclub-fuel-bloemendaal-netherlands-2017-06-24.html,Johnocallaghan,trance,True
https://www.1001tracklists.com/tracklist/nmt6zkk/john-ocallaghan-quantumvalley-edc-las-vegas-united-states-2017-06-18.html,Johnocallaghan,trance,True
https://www.1001tracklists.com/tracklist/28sp7blk/john-ocallaghan-dreamstate-san-francisco-bill-graham-civic-auditorium-san-francisco-united-states-2017-05-28.html,Johnocallaghan,trance,True
https://www.1001tracklists.com/tracklist/bcv3cvt/john-ocallaghan-subculture-hisense-arena-melbourne-australia-2017-04-29.html,Johnocallaghan,trance,True
https://www.1001tracklists.com/tracklist/1hmx2s7t/john-ocallaghan-easter-sunday-gatecrasher-23-years-of-gatecrasher-arena-classics-set-area-sheffield-united-kingdom-2017-04-16.html,Johnocallaghan,trance,True
https://www.1001tracklists.com/tracklist/1yjrv2y9/john-ocallaghan-easter-sunday-gatecrasher-rebooted-arena-area-sheffield-united-kingdom-2017-04-16.html,Johnocallaghan,trance,True
https://www.1001tracklists.com/tracklist/v460bb9/john-ocallaghan-subculture-2017-live-mix-2017-03-18.html,Johnocallaghan,trance,True
https://www.1001tracklists.com/tracklist/w1z384k/john-ocallaghan-the-lost-oracle-transmission-bangkok-thailand-2017-03-10.html,Johnocallaghan,trance,True
https://www.1001tracklists.com/tracklist/169srmut/john-ocallaghan-ozmozis-8-year-anniversary-maison-mercer-toronto-canada-2017-02-24.html,Johnocallaghan,trance,True
https://www.1001tracklists.com/tracklist/2517c819/john-ocallaghan-whos-afraid-of-138-stage-a-state-of-trance-festival-800-jaarbeurs-utrecht-netherlands-2017-02-18.html,Johnocallaghan,trance,True
https://www.1001tracklists.com/tracklist/2mxymkt1/aly-fila-john-ocallaghan-evolution-events-tang-events-finders-keepers-events-pres.-sundown-nyd-docklands-melbourne-australia-2017-01-01.html,Johnocallaghan,trance,True
https://www.1001tracklists.com/tracklist/2slx6pw1/john-ocallaghan-grotesque-indoor-festival-maassilo-rotterdam-netherlands-2016-12-10.html,Johnocallaghan,trance,True
https://www.1001tracklists.com/tracklist/25yupwdt/john-ocallaghan-the-dream-stage-dreamstate-nos-events-center-san-bernardino-united-states-2016-11-26.html,Johnocallaghan,trance,True
https://www.1001tracklists.com/tracklist/1ut5jrpk/john-ocallaghan-subculture-o2-academy-leeds-united-kingdom-2016-11-11.html,Johnocallaghan,trance,True
https://www.1001tracklists.com/tracklist/2h8tmh31/john-ocallaghan-the-lost-oracle-transmission-prague-o2-arena-prague-czech-republic-2016-10-29.html,Johnocallaghan,trance,True
https://www.1001tracklists.com/tracklist/lrn7nut/john-ocallaghan-in-trance-we-trust-amsterdam-dance-event-amsterdam-netherlands-2016-10-19.html,Johnocallaghan,trance,True
https://www.1001tracklists.com/tracklist/mpdz7d1/menno-de-jong-liquid-soul-john-ocallaghan-cloudcast-ade-special-050-2016-10-12.html,Johnocallaghan,trance,True
https://www.1001tracklists.com/tracklist/1hmf1kdk/john-ocallaghan-cream-closing-party-part-1-amnesia-ibiza-spain-2016-09-08.html,Johnocallaghan,trance,True
https://www.1001tracklists.com/tracklist/1n8b5cu1/john-ocallaghan-awakenings-fridays-dreamstate-the-exchange-los-angeles-united-states-2016-08-05.html,Johnocallaghan,trance,True
https://www.1001tracklists.com/tracklist/xx2hgkt/john-ocallaghan-cream-amnesia-ibiza-spain-2016-06-30.html,Johnocallaghan,trance,True
https://www.1001tracklists.com/tracklist/23518x6t/john-ocallaghan-mainstage-luminosity-beach-festival-amsterdam-netherlands-2016-06-25.html,Johnocallaghan,trance,True
https://www.1001tracklists.com/tracklist/2w9prd81/john-ocallaghan-edc-las-vegas-promo-mix-2016-06-14.html,Johnocallaghan,trance,True
https://www.1001tracklists.com/tracklist/2ck6wkh9/john-ocallaghan-spin-san-diego-united-states-2016-05-28.html,Johnocallaghan,trance,True
https://www.1001tracklists.com/tracklist/9f5uzct/john-ocallaghan-bliss-awakening-wamu-theater-seattle-united-states-2016-05-07.html,Johnocallaghan,trance,True
https://www.1001tracklists.com/tracklist/27tv9zh9/john-ocallaghan-april-2016-mix-2016-04-01.html,Johnocallaghan,trance,True
https://www.1001tracklists.com/tracklist/2dgt3p3t/john-ocallaghan-become-one-estadio-malvinass-buenos-aires-argentina-2016-02-20.html,Johnocallaghan,trance,True
https://www.1001tracklists.com/tracklist/99y2pct/john-ocallaghan-dreamstate-bill-graham-civic-auditorium-san-francisco-united-states-2016-01-17.html,Johnocallaghan,trance,True
https://www.1001tracklists.com/tracklist/7x76ct1/john-ocallaghan-the-digital-society-podcast-292-2016-01-17.html,Johnocallaghan,trance,True
https://www.1001tracklists.com/tracklist/16kvhpt/john-ocallaghan-grotesque-indoor-festival-netherlands-2015-12-12.html,Johnocallaghan,trance,True
https://www.1001tracklists.com/tracklist/3zxtgw1/john-ocallaghan-dreamstate-nos-events-center-san-bernardino-united-states-2015-11-29.html,Johnocallaghan,trance,True
https://www.1001tracklists.com/tracklist/14fv4qkt/john-ocallaghan-synergy-alte-kaserne-zurich-switzerland-2015-11-07.html,Johnocallaghan,trance,True
https://www.1001tracklists.com/tracklist/10qn85bt/john-ocallaghan-cream-refinery-gallery-bratislava-slovakia-2015-10-16.html,Johnocallaghan,trance,True
https://www.1001tracklists.com/tracklist/2t25bb1/john-ocallaghan-a-state-of-trance-festival-festival-palacio-de-los-deportes-mexico-city-mexico-2015-10-10.html,Johnocallaghan,trance,True
https://www.1001tracklists.com/tracklist/6t6k6lt/john-ocallaghan-subculture-hisense-arena-melbourne-australia-2015-10-03.html,Johnocallaghan,trance,True
https://www.1001tracklists.com/tracklist/2q1ht4t/john-ocallaghan-trans_mutation-the-gallery-at-ministry-of-sound-london-united-kingdom-2015-09-25.html,Johnocallaghan,trance,True
https://www.1001tracklists.com/tracklist/3jufbf1/john-ocallaghan-subculture-103-2015-09-07.html,Johnocallaghan,trance,True
https://www.1001tracklists.com/tracklist/1wugvsxt/judge-jules-ferry-corsten-john-ocallaghan-tristan-c-trance-sanctuary-podcast-039-2015-08-26.html,Johnocallaghan,trance,True
https://www.1001tracklists.com/tracklist/8kpbzk1/aly-fila-john-ocallaghan-future-sound-of-egypt-400-city-national-civic-san-jose-united-states-2015-08-01.html,Johnocallaghan,trance,True
https://www.1001tracklists.com/tracklist/8gpz0g9/john-ocallaghan-future-sound-of-egypt-400-city-national-civic-san-jose-united-states-2015-08-01.html,Johnocallaghan,trance,True
https://www.1001tracklists.com/tracklist/4khyu1t/john-ocallaghan-trance-addict-stage-tomorrowland-belgium-2015-07-25.html,Johnocallaghan,trance,True
https://www.1001tracklists.com/tracklist/507klc9/john-ocallaghan-go-on-air-night-link-bologna-italy-2015-05-16.html,Johnocallaghan,trance,True
https://www.1001tracklists.com/tracklist/2lqlwdt/john-ocallaghan-subculture-best-buy-theater-new-york-united-states-2015-04-25.html,Johnocallaghan,trance,True
https://www.1001tracklists.com/tracklist/2ylnl79/john-ocallaghan-subculture-101-2015-04-04.html,Johnocallaghan,trance,True
https://www.1001tracklists.com/tracklist/3bdn5tk/john-ocallaghan-subculture-099-2015-02-17.html,Johnocallaghan,trance,True
https://www.1001tracklists.com/tracklist/69sbp51/aly-fila-john-ocallaghan-the-digital-society-podcast-247-2015-02-16.html,Johnocallaghan,trance,True
https://www.1001tracklists.com/tracklist/77kj411/john-ocallaghan-subculture-098-2015-02-02.html,Johnocallaghan,trance,True
https://www.1001tracklists.com/tracklist/2fkq07ck/john-ocallaghan-subculture-097-2015-01-29.html,Johnocallaghan,trance,True
https://www.1001tracklists.com/tracklist/ul756sk/mat-zo-aly-fila-john-ocallaghan-umf-radio-298-recorded-live-at-ultra-miami-2015-01-23.html,Johnocallaghan,trance,True
https://www.1001tracklists.com/tracklist/5xs5v19/john-ocallaghan-subculture-the-wright-venue-dublin-ireland-2014-12-27.html,Johnocallaghan,trance,True
https://www.1001tracklists.com/tracklist/3f7pgf1/john-ocallaghan-open-up-100-party-digital-newcastle-united-kingdom-2014-12-19.html,Johnocallaghan,trance,True
https://www.1001tracklists.com/tracklist/g21xlb1/john-ocallaghan-phonic-nightclub-washington-dc-united-states-2014-11-15.html,Johnocallaghan,trance,True
https://www.1001tracklists.com/tracklist/1clz07t/john-ocallaghan-digital-society-pres.-subculture-o2-academy-leeds-united-kingdom-2014-11-07.html,Johnocallaghan,trance,True
https://www.1001tracklists.com/tracklist/1xhuuf1/john-ocallaghan-subculture-095-2014-11-03.html,Johnocallaghan,trance,True
https://www.1001tracklists.com/tracklist/71d2wp9/john-ocallaghan-the-digital-society-podcast-234-2014-11-03.html,Johnocallaghan,trance,True
https://www.1001tracklists.com/tracklist/p0lmt49/aly-fila-john-ocallaghan-ghouls-graveyard-stage-escape-all-hallows-eve-nos-events-center-san-bernardino-united-states-2014-10-31.html,Johnocallaghan,trance,True
https://www.1001tracklists.com/tracklist/55s9dpt/john-ocallaghan-seven-sins-transmission-prague-o2-arena-prague-czech-republic-2014-10-25.html,Johnocallaghan,trance,True
https://www.1001tracklists.com/tracklist/2sb4pn9/john-ocallaghan-subculture-094-2014-10-20.html,Johnocallaghan,trance,True
https://www.1001tracklists.com/tracklist/6pdzun1/john-ocallaghan-trancepodium-8th-anniversary-2014-09-30.html,Johnocallaghan,trance,True
https://www.1001tracklists.com/tracklist/4ws7rut/john-ocallaghan-subculture-092-clandestin-pres.-full-on-ibiza-space-ibiza-spain-2014-09-12-2014-09-15.html,Johnocallaghan,trance,True
https://www.1001tracklists.com/tracklist/20bdxp9/john-ocallaghan-subculture-091-2014-09-01.html,Johnocallaghan,trance,True
https://www.1001tracklists.com/tracklist/1kffh01/john-ocallaghan-the-hashrongcast-50th-episode-2014-08-29.html,Johnocallaghan,trance,True
https://www.1001tracklists.com/tracklist/6v8wxl9/john-ocallaghan-cream-arena-creamfields-united-kingdom-2014-08-24.html,Johnocallaghan,trance,True
https://www.1001tracklists.com/tracklist/7w1clp9/aly-fila-john-ocallaghan-future-sound-of-egypt-350-monastery-of-cistercian-lubiaz-poland-2014-08-15.html,Johnocallaghan,trance,True
https://www.1001tracklists.com/tracklist/3pxgsf9/aly-fila-john-ocallaghan-future-sound-of-egypt-350-hammerstein-ballroom-new-york-city-united-states-2014-08-09.html,Johnocallaghan,trance,True
https://www.1001tracklists.com/tracklist/1nc4cv1/john-ocallaghan-future-sound-of-egypt-350-club-el-rodeo-medellin-colombia-2014-08-06.html,Johnocallaghan,trance,True
https://www.1001tracklists.com/tracklist/55m15vt/john-ocallaghan-future-sound-of-egypt-350-cifco-el-salvador-2014-08-05.html,Johnocallaghan,trance,True
https://www.1001tracklists.com/tracklist/6h99zr1/john-ocallaghan-aly-fila-godskitchen-stage-global-gathering-uk-2014-07-25.html,Johnocallaghan,trance,True
https://www.1001tracklists.com/tracklist/60dw6hk/john-ocallaghan-grotesque-stage-electronic-family-netherlands-2014-07-19.html,Johnocallaghan,trance,True
https://www.1001tracklists.com/tracklist/4qnc351/john-ocallaghan-subculture-mandarine-park-buenos-aires-argentina-2014-07-12.html,Johnocallaghan,trance,True
https://www.1001tracklists.com/tracklist/8wqsby9/allen-envy-john-ocallaghan-together-as-one-podcast-050-2014-06-26.html,Johnocallaghan,trance,True
https://www.1001tracklists.com/tracklist/638l28t/john-ocallaghan-aly-fila-subculture-089-2014-06-09.html,Johnocallaghan,trance,True
https://www.1001tracklists.com/tracklist/36w4bhk/john-ocallaghan-trance-in-france-show-300-the-international-guest-2014-06-09.html,Johnocallaghan,trance,True
https://www.1001tracklists.com/tracklist/1k8vys1/aly-fila-john-ocallaghan-fsoe-vs.-subculture-beachclub-fuel-bloemendaal-netherlands-2014-06-08.html,Johnocallaghan,trance,True
https://www.1001tracklists.com/tracklist/58g36wk/aly-fila-john-ocallaghan-fsoe-vs.-subculture-westerunie-amsterdam-netherlands-2014-06-07.html,Johnocallaghan,trance,True
https://www.1001tracklists.com/tracklist/7m1f799/john-ocallaghan-subculture-the-exchange-los-angeles-united-states-2014-05-30.html,Johnocallaghan,trance,True
https://www.1001tracklists.com/tracklist/55g3uqt/john-ocallaghan-ah.fm-8-years-anniversary-massive-celebration-2014-05-28.html,Johnocallaghan,trance,True
https://www.1001tracklists.com/tracklist/5r84jvk/john-ocallaghan-the-gallery-ministry-of-sound-london-united-kingdom-2014-04-25.html,Johnocallaghan,trance,True
https://www.1001tracklists.com/tracklist/4wfc8h1/aly-fila-john-ocallaghan-power-of-elements-trancefusion-industrial-palace-prague-czech-republic-2014-04-19.html,Johnocallaghan,trance,True
https://www.1001tracklists.com/tracklist/79xj66k/john-ocallaghan-aly-fila-subculture-087-2014-04-14.html,Johnocallaghan,trance,True
https://www.1001tracklists.com/tracklist/44k84xk/felix-leiter-john-ocallaghan-mr-thomas-elektriqa-show-054-2014-04-04.html,Johnocallaghan,trance,True
https://www.1001tracklists.com/tracklist/3vlup0t/aly-fila-john-ocallaghan-650-new-horizons-a-state-of-trance-festival-ultra-music-festival-miami-united-states-2014-03-30.html,Johnocallaghan,trance,True
https://www.1001tracklists.com/tracklist/529mpr1/john-ocallaghan-650-new-horizons-a-state-of-trance-festival-eco-park-ancol-jakarta-indonesia-2014-03-15.html,Johnocallaghan,trance,True
https://www.1001tracklists.com/tracklist/2nttlp9/john-ocallaghan-aly-fila-subculture-86-2014-03-10.html,Johnocallaghan,trance,True
https://www.1001tracklists.com/tracklist/4tc3459/aly-fila-john-ocallaghan-digital-society-7th-birthday-o2-academy-leeds-united-kingdom-2014-03-07.html,Johnocallaghan,trance,True
https://www.1001tracklists.com/tracklist/5c70plk/john-ocallaghan-trance-in-france-show-300-2014-03-02.html,Johnocallaghan,trance,True
https://www.1001tracklists.com/tracklist/7sq2q41/john-ocallaghan-ferry-corsten-full-on-stage-ultra-buenos-aires-argentina-2014-02-22.html,Johnocallaghan,trance,True
https://www.1001tracklists.com/tracklist/2xqhr2k/aly-fila-john-ocallaghan-650-new-horizons-a-state-of-trance-festival-mainstage-jaarbeurs-utrecht-netherlands-2014-02-15.html,Johnocallaghan,trance,True
https://www.1001tracklists.com/tracklist/4jcwgm9/john-ocallaghan-subculture-85-2014-02-10.html,Johnocallaghan,trance,True
https://www.1001tracklists.com/tracklist/5g4pkz1/john-ocallaghan-the-digital-society-podcast-195-2014-02-03.html,Johnocallaghan,trance,True
https://www.1001tracklists.com/tracklist/8tfrnyk/john-ocallaghan-rong-manchester-venus-manchester-united-kingdom-2014-01-31.html,Johnocallaghan,trance,True
https://www.1001tracklists.com/tracklist/8zcnqst/john-ocallaghan-subculture-84-2014-01-13.html,Johnocallaghan,trance,True
https://www.1001tracklists.com/tracklist/84jy96k/john-ocallaghan-subculture-083-21st-birthday-of-cream-liverpool-united-kingdom-2013-11-23-2013-12-09.html,Johnocallaghan,trance,True
https://www.1001tracklists.com/tracklist/7hlf86k/john-ocallaghan-the-gallery-ministry-of-sound-london-united-kingdom-2013-11-22.html,Johnocallaghan,trance,True
https://www.1001tracklists.com/tracklist/2gnfcjt/john-ocallaghan-langes-intercity-150-2013-11-20.html,Johnocallaghan,trance,True
https://www.1001tracklists.com/tracklist/81gd1p1/john-ocallaghan-a-state-of-sundays-156-2013-11-17.html,Johnocallaghan,trance,True
https://www.1001tracklists.com/tracklist/5g17u81/john-ocallaghan-subculture-082-2013-11-11.html,Johnocallaghan,trance,True
https://www.1001tracklists.com/tracklist/985v999/john-ocallaghan-subculture-081-2013-10-14.html,Johnocallaghan,trance,True
https://www.1001tracklists.com/tracklist/22n9mlt/john-ocallaghan-trancepodium-7th-anniversary-2013-09-29.html,Johnocallaghan,trance,True
https://www.1001tracklists.com/tracklist/2lfvuup1/john-ocallaghan-subculture-mandarine-park-buenos-aires-argentina-2013-09-20.html,Johnocallaghan,trance,True
https://www.1001tracklists.com/tracklist/11uhumk/john-ocallaghan-the-grill-letterkenny-ireland-2013-09-13.html,Johnocallaghan,trance,True
https://www.1001tracklists.com/tracklist/444zpc9/john-ocallaghan-electric-zoo-united-states-2013-08-30.html,Johnocallaghan,trance,True
https://www.1001tracklists.com/tracklist/4b3bhm9/john-ocallaghan-caribbean-beach-stage-luminosity-beach-festival-beachclub-fuel-bloemendaal-netherlands-2013-08-17.html,Johnocallaghan,trance,True
https://www.1001tracklists.com/tracklist/6cp548k/john-ocallaghan-future-sound-of-egypt-300-escape-amsterdam-netherlands-2013-08-16.html,Johnocallaghan,trance,True
https://www.1001tracklists.com/tracklist/73m1ms1/john-ocallaghan-ferry-corsten-full-on-electrocity-poland-2013-08-14.html,Johnocallaghan,trance,True
https://www.1001tracklists.com/tracklist/3v60j0t/john-ocallaghan-subculture-079-2013-08-12.html,Johnocallaghan,trance,True
https://www.1001tracklists.com/tracklist/51xrjpt/aly-fila-john-ocallaghan-future-sound-of-egypt-300-pepsi-center-wtc-mexico-city-mexico-2013-08-10.html,Johnocallaghan,trance,True
https://www.1001tracklists.com/tracklist/6ukhvv1/ferry-corsten-john-ocallaghan-orjan-nilsen-tomorrowland-belgium-2013-07-27.html,Johnocallaghan,trance,True
https://www.1001tracklists.com/tracklist/8f65qy9/john-ocallaghan-godskitchen-fusion-cube-stage-global-gathering-uk-2013-07-26.html,Johnocallaghan,trance,True
https://www.1001tracklists.com/tracklist/1tm8rr1/john-ocallaghan-grotesque-stage-electronic-family-netherlands-2013-07-20.html,Johnocallaghan,trance,True
https://www.1001tracklists.com/tracklist/22k2mq1/john-ocallaghan-a-state-of-sundays-141-2013-07-14.html,Johnocallaghan,trance,True
https://www.1001tracklists.com/tracklist/1wkrs1k/john-ocallaghan-trance-in-clash-club-sao-paulo-brazil-2013-07-12.html,Johnocallaghan,trance,True
https://www.1001tracklists.com/tracklist/4vxjhpk/ferry-corsten-markus-schulz-sied-van-riel-john-ocallaghan-full-on-ibiza-eden-ibiza-spain-2013-07-07.html,Johnocallaghan,trance,True
https://www.1001tracklists.com/tracklist/4vwu9qt/john-ocallaghan-the-gallery-ministry-of-sound-london-united-kingdom-2013-06-21.html,Johnocallaghan,trance,True
https://www.1001tracklists.com/tracklist/8yyfguk/john-ocallaghan-a-state-of-sundays-133-2013-05-05.html,Johnocallaghan,trance,True
https://www.1001tracklists.com/tracklist/8pz0yrt/john-ocallaghan-ocean-of-love-trancefusion-industrial-palace-prague-czech-republic-2013-04-13.html,Johnocallaghan,trance,True
https://www.1001tracklists.com/tracklist/3xyx0g1/john-ocallaghan-whos-afraid-of-138-stage-a-state-of-trance-festival-asot-600-the-expedition-brabanthallen-den-bosch-netherlands-2013-04-06.html,Johnocallaghan,trance,True
https://www.1001tracklists.com/tracklist/8yvf0wk/john-ocallaghan-600-the-expedition-a-state-of-trance-festival-forum-de-beirut-lebanon-2013-03-09.html,Johnocallaghan,trance,True
https://www.1001tracklists.com/tracklist/1mfpzm1/paul-van-dyk-john-ocallaghan-vonyc-sessions-341-2013-03-07.html,Johnocallaghan,trance,True
https://www.1001tracklists.com/tracklist/7s2r10t/john-ocallaghan-subculture-74-2013-02-07.html,Johnocallaghan,trance,True
https://www.1001tracklists.com/tracklist/83zld4k/victor-dinaire-john-ocallaghan-lost-episode-333-2013-02-04.html,Johnocallaghan,trance,True
https://www.1001tracklists.com/tracklist/4ds5dkt/john-ocallaghan-a-state-of-sundays-2013-01-20.html,Johnocallaghan,trance,True
https://www.1001tracklists.com/tracklist/7d3mjbt/john-ocallaghan-subculture-073-andrews-lane-theatre-dublin-ireland-2013-01-10.html,Johnocallaghan,trance,True
https://www.1001tracklists.com/tracklist/8su5ju9/aly-fila-john-ocallaghan-the-exchange-los-angeles-united-states-2012-12-28.html,Johnocallaghan,trance,True
https://www.1001tracklists.com/tracklist/38ynlz9/john-ocallaghan-ah.fm-end-of-year-countdown-2012-12-25.html,Johnocallaghan,trance,True
https://www.1001tracklists.com/tracklist/703ul39/john-ocallaghan-subculture-072-2012-11-12.html,Johnocallaghan,trance,True
https://www.1001tracklists.com/tracklist/91pu4z1/john-ocallaghan-grotesque-indoor-festival-maassilo-rotterdam-netherlands-2012-11-10.html,Johnocallaghan,trance,True
https://www.1001tracklists.com/tracklist/1t6zhrk/john-ocallaghan-the-gallery-at-ministry-of-sound-london-united-kingdom-2012-10-26.html,Johnocallaghan,trance,True
https://www.1001tracklists.com/tracklist/7xw6vb1/john-ocallaghan-subculture-071-2012-10-07.html,Johnocallaghan,trance,True
https://www.1001tracklists.com/tracklist/7kwv6vk/john-ocallaghan-subculture-069-2012-08-13.html,Johnocallaghan,trance,True
https://www.1001tracklists.com/tracklist/685pr19/john-ocallaghan-a-state-of-sundays-096-2012-08-12.html,Johnocallaghan,trance,True
https://www.1001tracklists.com/tracklist/89r1f61/john-ocallaghan-subculture-068-2012-07-18.html,Johnocallaghan,trance,True
https://www.1001tracklists.com/tracklist/t82777t/john-ocallaghan-cream-amnesia-ibiza-spain-2012-06-28.html,Johnocallaghan,trance,True
https://www.1001tracklists.com/tracklist/5fbnyf9/john-ocallaghan-subculture-067-2012-06-11.html,Johnocallaghan,trance,True
https://www.1001tracklists.com/tracklist/5t5z67t/john-ocallaghan-circuitgrounds-edc-new-york-united-states-a-state-of-trance-550-invasion-tour-2012-05-19.html,Johnocallaghan,trance,True
https://www.1001tracklists.com/tracklist/8skvwu9/john-ocallaghan-a-state-of-sundays-085-2012-05-13.html,Johnocallaghan,trance,True
https://www.1001tracklists.com/tracklist/1t0xlp1/john-ocallaghan-subculture-066-2012-05-13.html,Johnocallaghan,trance,True
https://www.1001tracklists.com/tracklist/1nqusdxt/paul-van-dyk-john-ocallaghan-vonyc-sessions-296-2012-04-26.html,Johnocallaghan,trance,True
https://www.1001tracklists.com/tracklist/2zrfu39/john-ocallaghan-550-invasion-tour-a-state-of-trance-festival-blue-stage-brabanthallen-den-bosch-netherlands-2012-03-31.html,Johnocallaghan,trance,True
https://www.1001tracklists.com/tracklist/8lk7svt/john-ocallaghan-garuda-in-club-space-miami-winter-music-conference-2012-03-23.html,Johnocallaghan,trance,True
https://www.1001tracklists.com/tracklist/143pm49/john-ocallaghan-550-invasion-tour-a-state-of-trance-festival-beyond-wonderland-united-states-2012-03-17.html,Johnocallaghan,trance,True
https://www.1001tracklists.com/tracklist/5w2y3j9/mark-sherry-john-ocallaghan-outburst-radioshow-250-2012-03-02.html,Johnocallaghan,trance,True
https://www.1001tracklists.com/tracklist/1pm2m59/john-ocallaghan-subculture-70-2012-02-19.html,Johnocallaghan,trance,True
https://www.1001tracklists.com/tracklist/89lgnwt/john-ocallaghan-subculture-064-trancefusion-czech-republic-2012-02-10-2012-02-17.html,Johnocallaghan,trance,True
https://www.1001tracklists.com/tracklist/2fug7u9/john-ocallaghan-solar-nightclub-navan-2012-02-12.html,Johnocallaghan,trance,True
https://www.1001tracklists.com/tracklist/43gkvn1/john-ocallaghan-trancefusion-czech-republic-2012-02-10.html,Johnocallaghan,trance,True
https://www.1001tracklists.com/tracklist/80mxnq9/john-ocallaghan-the-yost-theater-santa-ana-united-states-2012-02-02.html,Johnocallaghan,trance,True
https://www.1001tracklists.com/tracklist/mp7xmk/john-ocallaghan-subculture-063-2012-01-09.html,Johnocallaghan,trance,True
https://www.1001tracklists.com/tracklist/vd5n39/john-ocallaghan-subculture-062-button-factory-dublin-ireland-2011-12-12.html,Johnocallaghan,trance,True
https://www.1001tracklists.com/tracklist/6u66p9/john-ocallaghan-subculture-061-ministry-of-sound-london-united-kingdom-2011-11-11-2011-11-14.html,Johnocallaghan,trance,True
https://www.1001tracklists.com/tracklist/1dv4nnx9/sneijder-john-ocallaghan-magentax-john-barkess-distant-world-one-year-anniversary-episode-012-2011-10-12.html,Johnocallaghan,trance,True
https://www.1001tracklists.com/tracklist/f2gvu1/john-ocallaghan-subculture-060-cream-amnesia-ibiza-spain-2011-09-22-2011-10-10.html,Johnocallaghan,trance,True
https://www.1001tracklists.com/tracklist/u43bwt/john-ocallaghan-subculture-059-2011-09-12.html,Johnocallaghan,trance,True
https://www.1001tracklists.com/tracklist/hgsbsk/john-ocallaghan-subculture-058-2011-08-08.html,Johnocallaghan,trance,True
https://www.1001tracklists.com/tracklist/ks4n8t/john-ocallaghan-a-state-of-sundays-042-2011-07-10.html,Johnocallaghan,trance,True
https://www.1001tracklists.com/tracklist/6k1kxd1/john-ocallaghan-tom-neptunes-trance-in-france-show-185-2011-07-03.html,Johnocallaghan,trance,True
https://www.1001tracklists.com/tracklist/lbum19/john-ocallaghan-circuitgrounds-edc-las-vegas-united-states-2011-06-26.html,Johnocallaghan,trance,True
https://www.1001tracklists.com/tracklist/8tp8tt/john-ocallaghan-tytanium-sessions-100-party-webster-hall-new-york-city-united-states-2011-06-25.html,Johnocallaghan,trance,True
https://www.1001tracklists.com/tracklist/ggs2dt/john-ocallaghan-subculture-057-cream-amnesia-ibiza-spain-2011-06-20.html,Johnocallaghan,trance,True
https://www.1001tracklists.com/tracklist/nfcut1/john-ocallaghan-subculture-056-2011-06-13.html,Johnocallaghan,trance,True
https://www.1001tracklists.com/tracklist/2nfcus91/ferry-corsten-resonation-radio-281-2026-04-15.html,Ferrycorsten,trance,True
https://www.1001tracklists.com/tracklist/27d31gh1/ferry-corsten-resonation-radio-280-2026-04-08.html,Ferrycorsten,trance,True
https://www.1001tracklists.com/tracklist/p2rd94t/ferry-corsten-resonation-radio-279-2026-04-01.html,Ferrycorsten,trance,True
https://www.1001tracklists.com/tracklist/2u02gkjk/above-beyond-ferry-corsten-group-therapy-radio-670-2026-03-27.html,Ferrycorsten,trance,True
https://www.1001tracklists.com/tracklist/1w6dgzkk/ferry-corsten-resonation-radio-278-2026-03-25.html,Ferrycorsten,trance,True
https://www.1001tracklists.com/tracklist/23ns7sct/ferry-corsten-resonation-radio-277-2026-03-18.html,Ferrycorsten,trance,True
https://www.1001tracklists.com/tracklist/vm6uft9/ferry-corsten-resonation-radio-276-2026-03-11.html,Ferrycorsten,trance,True
https://www.1001tracklists.com/tracklist/2wtbzq99/ferry-corsten-friends-of-a-state-of-trance-vol.-1-flashover-recordings-2026-03-06.html,Ferrycorsten,trance,True
https://www.1001tracklists.com/tracklist/fn4cmft/ferry-corsten-resonation-radio-275-2026-03-04.html,Ferrycorsten,trance,True
https://www.1001tracklists.com/tracklist/buq8q5t/ferry-corsten-area-two-a-state-of-trance-festival-ahoy-rotterdam-netherlands-2026-02-27.html,Ferrycorsten,trance,True
https://www.1001tracklists.com/tracklist/1w66kxrt/ferry-corsten-resonation-radio-274-2026-02-25.html,Ferrycorsten,trance,True
https://www.1001tracklists.com/tracklist/2jpu4jl1/ferry-corsten-resonation-radio-273-2026-02-18.html,Ferrycorsten,trance,True
https://www.1001tracklists.com/tracklist/26fycx8t/ferry-corsten-resonation-radio-272-2026-02-11.html,Ferrycorsten,trance,True
https://www.1001tracklists.com/tracklist/stlwzt9/ferry-corsten-resonation-radio-271-2026-02-04.html,Ferrycorsten,trance,True
https://www.1001tracklists.com/tracklist/27cp8tw9/ferry-corsten-resonation-radio-270-2026-01-28.html,Ferrycorsten,trance,True
https://www.1001tracklists.com/tracklist/1ppd51h1/ferry-corsten-resonation-radio-269-2026-01-21.html,Ferrycorsten,trance,True
https://www.1001tracklists.com/tracklist/1ubfuk0t/ferry-corsten-blueprint-reprinted-showcase-space-expo-netherlands-2026-01-20.html,Ferrycorsten,trance,True
https://www.1001tracklists.com/tracklist/2jpmgkw9/ferry-corsten-resonation-radio-268-2026-01-14.html,Ferrycorsten,trance,True
https://www.1001tracklists.com/tracklist/16sgtufk/ferry-corsten-resonation-radio-267-2026-01-07.html,Ferrycorsten,trance,True
https://www.1001tracklists.com/tracklist/2hrr7xn9/ferry-corsten-resonation-radio-266-new-years-eve-special-2025-12-31.html,Ferrycorsten,trance,True
https://www.1001tracklists.com/tracklist/1bhlvq8t/ferry-corsten-resonation-radio-265-flashover-special-2025-12-24.html,Ferrycorsten,trance,True
https://www.1001tracklists.com/tracklist/25htypqk/ferry-corsten-resonation-radio-264-2025-12-17.html,Ferrycorsten,trance,True
https://www.1001tracklists.com/tracklist/1lvr4u61/ferry-corsten-resonation-radio-263-2025-12-10.html,Ferrycorsten,trance,True
https://www.1001tracklists.com/tracklist/1yz3mqp1/ferry-corsten-resonation-radio-262-2025-12-03.html,Ferrycorsten,trance,True
https://www.1001tracklists.com/tracklist/1lvmvmz9/ferry-corsten-the-dream-stage-dreamstate-socal-queen-mary-waterfront-united-states-2025-11-22.html,Ferrycorsten,trance,True
https://www.1001tracklists.com/tracklist/1zwukcpt/ferry-corsten-resonation-radio-260-2025-11-19.html,Ferrycorsten,trance,True
https://www.1001tracklists.com/tracklist/18mrc8xk/ferry-corsten-resonation-radio-259-2025-11-12.html,Ferrycorsten,trance,True
https://www.1001tracklists.com/tracklist/27c58r59/ferry-corsten-resonation-radio-258-2025-11-05.html,Ferrycorsten,trance,True
https://www.1001tracklists.com/tracklist/19kgcrt9/ferry-corsten-ruben-de-ronde-resonation-radio-257-2025-10-29.html,Ferrycorsten,trance,True
https://www.1001tracklists.com/tracklist/1f8n87mt/ferry-corsten-transmission-prague-present-25-years-of-gouryella-afas-live-amsterdam-dance-event-netherlands-2025-10-24.html,Ferrycorsten,trance,True
https://www.1001tracklists.com/tracklist/2gtj19qt/ferry-corsten-giuseppe-ottaviani-helslowed-matt-fax-resonation-radio-257-ade-special-amsterdam-dance-event-netherlands-2025-10-22.html,Ferrycorsten,trance,True
https://www.1001tracklists.com/tracklist/1154pvkt/ferry-corsten-resonation-radio-255-2025-10-15.html,Ferrycorsten,trance,True
https://www.1001tracklists.com/tracklist/2s3dpfu9/ferry-corsten-resonation-radio-253-2025-10-01.html,Ferrycorsten,trance,True
https://www.1001tracklists.com/tracklist/2czxgwp9/ferry-corsten-resonation-radio-252-2025-09-24.html,Ferrycorsten,trance,True
https://www.1001tracklists.com/tracklist/btrk8gk/ferry-corsten-sean-maynard-dance-anthems-radio-show-285-2025-09-20.html,Ferrycorsten,trance,True
https://www.1001tracklists.com/tracklist/1v7g0d09/ferry-corsten-resonation-radio-251-flashover-special-2025-09-17.html,Ferrycorsten,trance,True
https://www.1001tracklists.com/tracklist/1zwf2qft/ferry-corsten-resonation-radio-250-2025-09-10.html,Ferrycorsten,trance,True
https://www.1001tracklists.com/tracklist/un8r7hk/ferry-corsten-resonation-radio-249-2025-09-03.html,Ferrycorsten,trance,True
https://www.1001tracklists.com/tracklist/2ncz5pu1/ferry-corsten-resonation-radio-248-2025-08-27.html,Ferrycorsten,trance,True
https://www.1001tracklists.com/tracklist/2jnr575t/ferry-corsten-resonation-radio-247-2025-08-20.html,Ferrycorsten,trance,True
https://www.1001tracklists.com/tracklist/xfkszj9/ferry-corsten-resonation-radio-246-2025-08-13.html,Ferrycorsten,trance,True
https://www.1001tracklists.com/tracklist/23mf1mv9/ferry-corsten-resonation-radio-245-2025-08-06.html,Ferrycorsten,trance,True
https://www.1001tracklists.com/tracklist/25gzq1b1/ferry-corsten-rebirth-stage-sunrise-festival-poland-2025-08-02.html,Ferrycorsten,trance,True
https://www.1001tracklists.com/tracklist/2t0u602k/ferry-corsten-resonation-radio-244-2025-07-30.html,Ferrycorsten,trance,True
https://www.1001tracklists.com/tracklist/1kx3w0v1/ferry-corsten-discopussy-las-vegas-united-states-2025-07-26.html,Ferrycorsten,trance,True
https://www.1001tracklists.com/tracklist/dnzn35t/ferry-corsten-sherano-resonation-radio-243-2025-07-23.html,Ferrycorsten,trance,True
https://www.1001tracklists.com/tracklist/1y0h1f61/ferry-corsten-resonation-radio-242-mainstage-beach-luminosity-beach-festival-netherlands-2025-06-29-2025-07-16.html,Ferrycorsten,trance,True
https://www.1001tracklists.com/tracklist/2r52z159/ferry-corsten-resonation-radio-241-2025-07-09.html,Ferrycorsten,trance,True
https://www.1001tracklists.com/tracklist/122b9qwt/ferry-corsten-resonation-radio-240-2025-07-02.html,Ferrycorsten,trance,True
https://www.1001tracklists.com/tracklist/1db42xvt/ferry-corsten-mainstage-beach-luminosity-beach-festival-netherlands-2025-06-29.html,Ferrycorsten,trance,True
https://www.1001tracklists.com/tracklist/2t0mn94k/ferry-corsten-resonation-radio-239-2025-06-25.html,Ferrycorsten,trance,True
https://www.1001tracklists.com/tracklist/24jxlc89/ferry-corsten-resonation-radio-238-2025-06-18.html,Ferrycorsten,trance,True
https://www.1001tracklists.com/tracklist/1db11gr9/ferry-corsten-resonation-radio-237-2025-06-11.html,Ferrycorsten,trance,True
https://www.1001tracklists.com/tracklist/1kx0lspt/ferry-corsten-hype-park-krakow-poland-2025-06-06.html,Ferrycorsten,trance,True
https://www.1001tracklists.com/tracklist/pyrl6j9/ferry-corsten-resonation-radio-236-2025-06-04.html,Ferrycorsten,trance,True
https://www.1001tracklists.com/tracklist/2c1fnx71/ferry-corsten-resonation-radio-235-2025-05-28.html,Ferrycorsten,trance,True
https://www.1001tracklists.com/tracklist/2s2mt2fk/ferry-corsten-resonation-radio-234-flashover-special-2025-05-21.html,Ferrycorsten,trance,True
https://www.1001tracklists.com/tracklist/1h38sz61/ferry-corsten-ruben-de-ronde-resonation-radio-233-2025-05-14.html,Ferrycorsten,trance,True
https://www.1001tracklists.com/tracklist/dnlx0u1/ferry-corsten-uno-main-rong-open-air-festival-malta-2025-05-11.html,Ferrycorsten,trance,True
https://www.1001tracklists.com/tracklist/1x29u7k9/ferry-corsten-boat-party-rong-open-air-festival-malta-2025-05-11.html,Ferrycorsten,trance,True
https://www.1001tracklists.com/tracklist/2cz3fugt/ferry-corsten-resonation-radio-232-2025-05-07.html,Ferrycorsten,trance,True
https://www.1001tracklists.com/tracklist/24jnslp1/ferry-corsten-resonation-radio-231-2025-04-30.html,Ferrycorsten,trance,True
https://www.1001tracklists.com/tracklist/1w4ddv1t/ferry-corsten-resonation-radio-230-2025-04-23.html,Ferrycorsten,trance,True
https://www.1001tracklists.com/tracklist/cqn17yk/ferry-corsten-resonation-radio-229-2025-04-16.html,Ferrycorsten,trance,True
https://www.1001tracklists.com/tracklist/1ccvlb69/ferry-corsten-resonation-radio-228-2025-04-09.html,Ferrycorsten,trance,True
https://www.1001tracklists.com/tracklist/1ccu5y8t/ferry-corsten-resonation-radio-227-2025-04-02.html,Ferrycorsten,trance,True
https://www.1001tracklists.com/tracklist/17nl6639/ferry-corsten-resonation-radio-226-2025-03-26.html,Ferrycorsten,trance,True
https://www.1001tracklists.com/tracklist/1w45rd01/ferry-corsten-resonation-radio-225-2025-03-19.html,Ferrycorsten,trance,True
https://www.1001tracklists.com/tracklist/2s26nnb9/ferry-corsten-resonation-radio-224-2025-03-12.html,Ferrycorsten,trance,True
https://www.1001tracklists.com/tracklist/wgu6xlt/ferry-corsten-resonation-radio-223-2025-03-05.html,Ferrycorsten,trance,True
https://www.1001tracklists.com/tracklist/1v689fy1/ferry-corsten-resonation-radio-222-2025-02-26.html,Ferrycorsten,trance,True
https://www.1001tracklists.com/tracklist/14uzwm91/ferry-corsten-stereobloom-edc-mexico-2025-02-23.html,Ferrycorsten,trance,True
https://www.1001tracklists.com/tracklist/2r49ltyk/ferry-corsten-area-two-a-state-of-trance-festival-ahoy-rotterdam-netherlands-2025-02-21.html,Ferrycorsten,trance,True
https://www.1001tracklists.com/tracklist/25g1r0ut/ruben-de-ronde-ferry-corsten-area-one-a-state-of-trance-festival-ahoy-rotterdam-netherlands-2025-02-21.html,Ferrycorsten,trance,True
https://www.1001tracklists.com/tracklist/1w40npy9/ferry-corsten-resonation-radio-221-2025-02-19.html,Ferrycorsten,trance,True
https://www.1001tracklists.com/tracklist/vjwshwt/ferry-corsten-resonation-radio-220-2025-02-12.html,Ferrycorsten,trance,True
https://www.1001tracklists.com/tracklist/20synyjt/armin-van-buuren-ruben-de-ronde-ferry-corsten-a-state-of-trance-1211-2025-02-06.html,Ferrycorsten,trance,True
https://www.1001tracklists.com/tracklist/9umnz9k/ferry-corsten-resonation-radio-219-2025-02-05.html,Ferrycorsten,trance,True
https://www.1001tracklists.com/tracklist/ghlqfdt/ferry-corsten-resonation-radio-218-2025-01-29.html,Ferrycorsten,trance,True
https://www.1001tracklists.com/tracklist/1sdnr2ft/ferry-corsten-resonation-radio-217-2025-01-22.html,Ferrycorsten,trance,True
https://www.1001tracklists.com/tracklist/105rxx81/ferry-corsten-resonation-radio-216-2025-01-15.html,Ferrycorsten,trance,True
https://www.1001tracklists.com/tracklist/tp2x6rt/ferry-corsten-resonation-radio-215-2025-01-08.html,Ferrycorsten,trance,True
https://www.1001tracklists.com/tracklist/ulvhzyt/armin-van-buuren-ruben-de-ronde-ferry-corsten-a-state-of-trance-1206-2025-01-02.html,Ferrycorsten,trance,True
https://www.1001tracklists.com/tracklist/cq0j50t/ferry-corsten-resonation-radio-214-yearmix-2025-01-01.html,Ferrycorsten,trance,True
https://www.1001tracklists.com/tracklist/2s1shgct/ferry-corsten-resonation-radio-213-2024-12-25.html,Ferrycorsten,trance,True
https://www.1001tracklists.com/tracklist/2uv41tht/armin-van-buuren-ruben-de-ronde-ferry-corsten-a-state-of-trance-1204-top-50-of-2024-special-2024-12-19.html,Ferrycorsten,trance,True
https://www.1001tracklists.com/tracklist/2szjdm6k/ferry-corsten-resonation-radio-212-2024-12-18.html,Ferrycorsten,trance,True
https://www.1001tracklists.com/tracklist/xd404j9/above-beyond-ferry-corsten-group-therapy-radio-608-2024-12-13.html,Ferrycorsten,trance,True
https://www.1001tracklists.com/tracklist/ulqlyl9/ferry-corsten-resonation-radio-211-2024-12-11.html,Ferrycorsten,trance,True
https://www.1001tracklists.com/tracklist/1v5ssqft/ferry-corsten-armada-music-x-killacutz-records-amsterdam-dance-event-netherlands-2024-12-07.html,Ferrycorsten,trance,True
https://www.1001tracklists.com/tracklist/1mrbsx4t/armin-van-buuren-ruben-de-ronde-ferry-corsten-a-state-of-trance-1202-2024-12-05.html,Ferrycorsten,trance,True
https://www.1001tracklists.com/tracklist/y9w2m8k/ferry-corsten-resonation-radio-210-2024-12-04.html,Ferrycorsten,trance,True
https://www.1001tracklists.com/tracklist/2vstjmht/ferry-corsten-resonation-radio-209-2024-11-27.html,Ferrycorsten,trance,True
https://www.1001tracklists.com/tracklist/qvgh4jk/ferry-corsten-grand-stage-dreamstate-socal-afterparty-queen-mary-waterfront-united-states-2024-11-23.html,Ferrycorsten,trance,True
https://www.1001tracklists.com/tracklist/26cb4yzt/farius-ferry-corsten-enhanced-sessions-777-2024-11-22.html,Ferrycorsten,trance,True
https://www.1001tracklists.com/tracklist/dml63ut/armin-van-buuren-ruben-de-ronde-ferry-corsten-a-state-of-trance-1200-vinyl-special-2024-11-21.html,Ferrycorsten,trance,True
https://www.1001tracklists.com/tracklist/rt64gd1/ferry-corsten-resonation-radio-208-connect-album-special-2024-11-20.html,Ferrycorsten,trance,True
https://www.1001tracklists.com/tracklist/1ywv461k/ferry-corsten-resonation-radio-207-2024-11-13.html,Ferrycorsten,trance,True
https://www.1001tracklists.com/tracklist/2s1h6w49/armin-van-buuren-ruben-de-ronde-ferry-corsten-a-state-of-trance-1198-2024-11-07.html,Ferrycorsten,trance,True
https://www.1001tracklists.com/tracklist/2uuw1hc1/ferry-corsten-resonation-radio-206-2024-11-06.html,Ferrycorsten,trance,True
https://www.1001tracklists.com/tracklist/2jm0blrt/ferry-corsten-resonation-radio-205-2024-10-30.html,Ferrycorsten,trance,True
https://www.1001tracklists.com/tracklist/2dvsc3ck/ferry-corsten-resonation-radio-204-2024-10-23.html,Ferrycorsten,trance,True
https://www.1001tracklists.com/tracklist/qvdt7x1/ferry-corsten-marsh-tom-westy-superstrings-faralda-crane-hotel-amsterdam-amsterdam-dance-event-netherlands-2024-10-19.html,Ferrycorsten,trance,True
https://www.1001tracklists.com/tracklist/sqtv5gk/ben-malone-maxim-lany-ferry-corsten-superstrings-kiss-nights-2024-10-18.html,Ferrycorsten,trance,True
https://www.1001tracklists.com/tracklist/2ftjzq69/armin-van-buuren-ruben-de-ronde-ferry-corsten-a-state-of-trance-1195-ade-special-amsterdam-dance-event-netherlands-2024-10-17.html,Ferrycorsten,trance,True
https://www.1001tracklists.com/tracklist/1qjgxkuk/ferry-corsten-cubicore-uufo-resonation-radio-203-ade-special-amsterdam-dance-event-netherlands-2024-10-16.html,Ferrycorsten,trance,True
https://www.1001tracklists.com/tracklist/m3xwq9t/ferry-corsten-resonation-radio-202-2024-10-09.html,Ferrycorsten,trance,True
https://www.1001tracklists.com/tracklist/1nnt7x19/ben-malone-ferry-corsten-kiss-nights-2024-10-04.html,Ferrycorsten,trance,True
https://www.1001tracklists.com/tracklist/tnjd28t/armin-van-buuren-ruben-de-ronde-ferry-corsten-a-state-of-trance-1193-2024-10-03.html,Ferrycorsten,trance,True
https://www.1001tracklists.com/tracklist/1plldubt/ferry-corsten-resonation-radio-201-2024-10-02.html,Ferrycorsten,trance,True
https://www.1001tracklists.com/tracklist/k87tfz1/ferry-corsten-resonation-radio-200-2024-09-25.html,Ferrycorsten,trance,True
https://www.1001tracklists.com/tracklist/16pp5q4t/ferry-corsten-resonation-radio-199-2024-09-18.html,Ferrycorsten,trance,True
https://www.1001tracklists.com/tracklist/wftc88k/ferry-corsten-resonation-radio-198-2024-09-11.html,Ferrycorsten,trance,True
https://www.1001tracklists.com/tracklist/2twqu1w9/armin-van-buuren-ruben-de-ronde-ferry-corsten-a-state-of-trance-1189-2024-09-05.html,Ferrycorsten,trance,True
https://www.1001tracklists.com/tracklist/ggr0qn1/ferry-corsten-resonation-radio-197-2024-09-04.html,Ferrycorsten,trance,True
https://www.1001tracklists.com/tracklist/13w4bmmk/ferry-corsten-resonation-radio-196-2024-08-28.html,Ferrycorsten,trance,True
https://www.1001tracklists.com/tracklist/26c6u601/ferry-corsten-sounds-of-freedom-jarocin-poland-2024-08-24.html,Ferrycorsten,trance,True
https://www.1001tracklists.com/tracklist/2dvdxtx1/ferry-corsten-resonation-radio-195-2024-08-21.html,Ferrycorsten,trance,True
https://www.1001tracklists.com/tracklist/15rplm69/ferry-corsten-resonation-radio-194-2024-08-14.html,Ferrycorsten,trance,True
https://www.1001tracklists.com/tracklist/hdd81ct/ferry-corsten-resonation-radio-193-shine-ibiza-eden-ibiza-spain-2024-07-18-2024-08-07.html,Ferrycorsten,trance,True
https://www.1001tracklists.com/tracklist/fjry5y9/armin-van-buuren-ruben-de-ronde-ferry-corsten-a-state-of-trance-1184-2024-08-01.html,Ferrycorsten,trance,True
https://www.1001tracklists.com/tracklist/17m6pwdk/ferry-corsten-resonation-radio-192-2024-07-31.html,Ferrycorsten,trance,True
https://www.1001tracklists.com/tracklist/rsk0rbk/ferry-corsten-resonation-radio-191-2024-07-24.html,Ferrycorsten,trance,True
https://www.1001tracklists.com/tracklist/18jxvp5t/ferry-corsten-resonation-radio-190-2024-07-17.html,Ferrycorsten,trance,True
https://www.1001tracklists.com/tracklist/1t9bwmf9/ferry-corsten-resonation-radio-189-2024-07-10.html,Ferrycorsten,trance,True
https://www.1001tracklists.com/tracklist/z6v2dh9/armin-van-buuren-ruben-de-ronde-ferry-corsten-a-state-of-trance-1180-2024-07-04.html,Ferrycorsten,trance,True
https://www.1001tracklists.com/tracklist/2twddqwk/ferry-corsten-resonation-radio-188-2024-07-03.html,Ferrycorsten,trance,True
https://www.1001tracklists.com/tracklist/tmzxct1/kastra-ferry-corsten-niteshift-radio-037-2024-06-28.html,Ferrycorsten,trance,True
https://www.1001tracklists.com/tracklist/1v4vs4l1/ferry-corsten-resonation-radio-187-2024-06-26.html,Ferrycorsten,trance,True
https://www.1001tracklists.com/tracklist/104l03gk/ferry-corsten-resonation-radio-186-2024-06-19.html,Ferrycorsten,trance,True
https://www.1001tracklists.com/tracklist/1yw041qk/ferry-corsten-resonation-radio-185-2024-06-12.html,Ferrycorsten,trance,True
https://www.1001tracklists.com/tracklist/9t7pbd1/armin-van-buuren-ruben-de-ronde-ferry-corsten-a-state-of-trance-1176-2024-06-06.html,Ferrycorsten,trance,True
https://www.1001tracklists.com/tracklist/2mcmrzht/ferry-corsten-resonation-radio-184-2024-06-05.html,Ferrycorsten,trance,True
https://www.1001tracklists.com/tracklist/2b1kpwz9/ferry-corsten-resonation-radio-183-2024-05-29.html,Ferrycorsten,trance,True
https://www.1001tracklists.com/tracklist/1nn2quu9/khomha-ferry-corsten-night-owl-radio-458-2024-05-24.html,Ferrycorsten,trance,True
https://www.1001tracklists.com/tracklist/285x50y9/ferry-corsten-resonation-radio-182-2024-05-22.html,Ferrycorsten,trance,True
https://www.1001tracklists.com/tracklist/1pl5gcnk/ferry-corsten-quantumvalley-edc-las-vegas-united-states-2024-05-18.html,Ferrycorsten,trance,True
https://www.1001tracklists.com/tracklist/12xsybc1/ferry-corsten-resonation-radio-181-2024-05-15.html,Ferrycorsten,trance,True
https://www.1001tracklists.com/tracklist/vhbcwd9/ferry-corsten-resonation-radio-180-2024-05-08.html,Ferrycorsten,trance,True
https://www.1001tracklists.com/tracklist/27800qj1/armin-van-buuren-ruben-de-ronde-ferry-corsten-a-state-of-trance-1171-2024-05-02.html,Ferrycorsten,trance,True
https://www.1001tracklists.com/tracklist/1yvst62k/ferry-corsten-resonation-radio-179-2024-05-01.html,Ferrycorsten,trance,True
https://www.1001tracklists.com/tracklist/1u6rbfct/armin-van-buuren-ruben-de-ronde-ferry-corsten-a-state-of-trance-1170-top-1000-2024-final-50-2024-04-25.html,Ferrycorsten,trance,True
https://www.1001tracklists.com/tracklist/2lflpjx9/ferry-corsten-resonation-radio-178-2024-04-24.html,Ferrycorsten,trance,True
https://www.1001tracklists.com/tracklist/fj80w31/ferry-corsten-art-of-rave-138-2024-04-17.html,Ferrycorsten,trance,True
https://www.1001tracklists.com/tracklist/1kugxds1/ferry-corsten-resonation-radio-177-2024-04-17.html,Ferrycorsten,trance,True
https://www.1001tracklists.com/tracklist/fj4ktf1/ferry-corsten-marsh-resonation-radio-176-la-otra-miami-music-week-united-states-2024-03-24-2024-04-10.html,Ferrycorsten,trance,True
https://www.1001tracklists.com/tracklist/2q7kjtfk/dj-fuel-ferry-corsten-the-party-life-radio-show-579-2024-04-05.html,Ferrycorsten,trance,True
https://www.1001tracklists.com/tracklist/2wp9pw49/armin-van-buuren-ruben-de-ronde-ferry-corsten-a-state-of-trance-1167-2024-04-04.html,Ferrycorsten,trance,True
https://www.1001tracklists.com/tracklist/2fsgnzzt/ferry-corsten-resonation-radio-175-2024-04-03.html,Ferrycorsten,trance,True
https://www.1001tracklists.com/tracklist/9sv69u9/ferry-corsten-resonation-radio-174-2024-03-27.html,Ferrycorsten,trance,True
https://www.1001tracklists.com/tracklist/fj0mgg1/ferry-corsten-resonation-radio-173-2024-03-20.html,Ferrycorsten,trance,True
https://www.1001tracklists.com/tracklist/14t1qnl9/gary-jamze-ferry-corsten-manyfew-mixdown-with-gary-jamze-2024-03-15.html,Ferrycorsten,trance,True
https://www.1001tracklists.com/tracklist/277r8ug9/ferry-corsten-resonation-radio-172-2024-03-13.html,Ferrycorsten,trance,True
https://www.1001tracklists.com/tracklist/23jq4049/dim3nsion-ferry-corsten-dim3nsion-selection-427-2024-03-08.html,Ferrycorsten,trance,True
https://www.1001tracklists.com/tracklist/1hynhtp1/ferry-corsten-dim3nsion-selection-427-2024-03-08.html,Ferrycorsten,trance,True
https://www.1001tracklists.com/tracklist/1sbvkhkt/ferry-corsten-slam-2024-03-08.html,Ferrycorsten,trance,True
https://www.1001tracklists.com/tracklist/16nmm6ck/armin-van-buuren-ruben-de-ronde-ferry-corsten-a-state-of-trance-1163-2024-03-07.html,Ferrycorsten,trance,True
https://www.1001tracklists.com/tracklist/1u6glu39/ferry-corsten-resonation-radio-171-2024-03-06.html,Ferrycorsten,trance,True
https://www.1001tracklists.com/tracklist/2dugr1d9/ferry-corsten-resonation-radio-170-2024-02-28.html,Ferrycorsten,trance,True
https://www.1001tracklists.com/tracklist/2s02gd99/ryui-bossen-ferry-corsten-trance-all-over-the-world-223-2024-02-26.html,Ferrycorsten,trance,True
https://www.1001tracklists.com/tracklist/gfpttxt/ferry-corsten-area-one-a-state-of-trance-festival-ahoy-rotterdam-netherlands-2024-02-24.html,Ferrycorsten,trance,True
https://www.1001tracklists.com/tracklist/1hykf9b1/ferry-corsten-resonation-radio-169-2024-02-21.html,Ferrycorsten,trance,True
https://www.1001tracklists.com/tracklist/1qh3p23t/ferry-corsten-resonation-radio-168-2024-02-14.html,Ferrycorsten,trance,True
https://www.1001tracklists.com/tracklist/z60h75k/armin-van-buuren-ruben-de-ronde-ferry-corsten-a-state-of-trance-1159-2024-02-08.html,Ferrycorsten,trance,True
https://www.1001tracklists.com/tracklist/spdl1d9/ferry-corsten-resonation-radio-167-2024-02-07.html,Ferrycorsten,trance,True
https://www.1001tracklists.com/tracklist/l4uhkjt/ruben-de-ronde-ferry-corsten-a-state-of-trams-rotterdam-netherlands-2024-02-05.html,Ferrycorsten,trance,True
https://www.1001tracklists.com/tracklist/1ku0r0qt/armin-van-buuren-ruben-de-ronde-ferry-corsten-a-state-of-trance-1158-2024-02-01.html,Ferrycorsten,trance,True
https://www.1001tracklists.com/tracklist/1nmfgm7t/ferry-corsten-resonation-radio-166-2024-01-31.html,Ferrycorsten,trance,True
https://www.1001tracklists.com/tracklist/2lf1v1h1/ferry-corsten-resonation-radio-165-2024-01-24.html,Ferrycorsten,trance,True
https://www.1001tracklists.com/tracklist/1bcjqsxt/ferry-corsten-resonation-radio-164-2024-01-17.html,Ferrycorsten,trance,True
https://www.1001tracklists.com/tracklist/l4n2nw9/ferry-corsten-resonation-radio-163-2024-01-10.html,Ferrycorsten,trance,True
https://www.1001tracklists.com/tracklist/19fnxz21/armin-van-buuren-ruben-de-ronde-ferry-corsten-a-state-of-trance-1154-2024-01-04.html,Ferrycorsten,trance,True
https://www.1001tracklists.com/tracklist/1rdpwrbt/ferry-corsten-resonation-radio-162-best-of-2023-2024-01-03.html,Ferrycorsten,trance,True
https://www.1001tracklists.com/tracklist/rrcm42t/ferry-corsten-resonation-radio-161-2023-12-27.html,Ferrycorsten,trance,True
https://www.1001tracklists.com/tracklist/1nm7h0d9/armin-van-buuren-ferry-corsten-umf-radio-763-2023-12-27.html,Ferrycorsten,trance,True
https://www.1001tracklists.com/tracklist/1qgtsn4k/armin-van-buuren-ruben-de-ronde-ferry-corsten-a-state-of-trance-1152-top-50-of-2023-special-2023-12-21.html,Ferrycorsten,trance,True
https://www.1001tracklists.com/tracklist/1zsuc469/ferry-corsten-resonation-radio-160-2023-12-20.html,Ferrycorsten,trance,True
https://www.1001tracklists.com/tracklist/2r1v15ft/ferry-corsten-resonation-radio-159-2023-12-13.html,Ferrycorsten,trance,True
https://www.1001tracklists.com/tracklist/25cl86r1/armin-van-buuren-ruben-de-ronde-ferry-corsten-a-state-of-trance-1150-2023-12-07.html,Ferrycorsten,trance,True
https://www.1001tracklists.com/tracklist/1hy3lgf9/ferry-corsten-resonation-radio-158-2023-12-06.html,Ferrycorsten,trance,True
https://www.1001tracklists.com/tracklist/1117ntd1/ferry-corsten-resonation-radio-157-2023-11-29.html,Ferrycorsten,trance,True
https://www.1001tracklists.com/tracklist/l4f2871/ferry-corsten-djakarta-warehouse-project-mix-2023-11-28.html,Ferrycorsten,trance,True
https://www.1001tracklists.com/tracklist/2frqxp59/ferry-corsten-resonation-radio-156-2023-11-22.html,Ferrycorsten,trance,True
https://www.1001tracklists.com/tracklist/mzz9mqt/ferry-corsten-armada-stage-dreamfields-festival-mexico-2023-11-19.html,Ferrycorsten,trance,True
https://www.1001tracklists.com/tracklist/pvw7wut/ferry-corsten-at-the-dream-stage-dreamstate-socal-queen-mary-waterfront-united-states-2023-11-18.html,Ferrycorsten,trance,True
https://www.1001tracklists.com/tracklist/2rzhzf51/ferry-corsten-resonation-radio-155-2023-11-15.html,Ferrycorsten,trance,True
https://www.1001tracklists.com/tracklist/19fc2s4t/ferry-corsten-resonation-radio-154-2023-11-08.html,Ferrycorsten,trance,True
https://www.1001tracklists.com/tracklist/k6gfkxk/armin-van-buuren-ruben-de-ronde-ferry-corsten-a-state-of-trance-1145-2023-11-02.html,Ferrycorsten,trance,True
https://www.1001tracklists.com/tracklist/2b0df31t/ferry-corsten-resonation-radio-153-2023-11-01.html,Ferrycorsten,trance,True
https://www.1001tracklists.com/tracklist/2sx60d6t/ferry-corsten-resonation-radio-152-assured-showcase-amsterdam-dance-event-netherlands-2023-10-21-2023-10-21.html,Ferrycorsten,trance,True
https://www.1001tracklists.com/tracklist/1nlvxxut/farius-praana-solarstone-enhanced-sessions-723-elandsstraat-90-amsterdam-dance-event-netherlands-2023-10-20.html,Ferrycorsten,trance,True
https://www.1001tracklists.com/tracklist/292kgg39/ferry-corsten-art-of-rave-113-2023-10-18.html,Ferrycorsten,trance,True
https://www.1001tracklists.com/tracklist/1nlvr32t/ferry-corsten-farius-cubicore-funkin-matt-resonation-radio-151-ade-special-amsterdam-dance-event-netherlands-2023-10-18.html,Ferrycorsten,trance,True
https://www.1001tracklists.com/tracklist/2ldk3rlt/ferry-corsten-armada-in-the-mix-schiphol-airport-amsterdam-amsterdam-dance-event-netherlands-2023-10-18.html,Ferrycorsten,trance,True
https://www.1001tracklists.com/tracklist/qt4t2j9/ferry-corsten-resonation-radio-150-2023-10-11.html,Ferrycorsten,trance,True
https://www.1001tracklists.com/tracklist/2n825uq9/armin-van-buuren-ruben-de-ronde-ferry-corsten-a-state-of-trance-1141-2023-10-05.html,Ferrycorsten,trance,True
https://www.1001tracklists.com/tracklist/24fffndk/ferry-corsten-resonation-radio-149-2023-10-04.html,Ferrycorsten,trance,True
https://www.1001tracklists.com/tracklist/2dtlz95t/ferry-corsten-resonation-radio-148-2023-09-27.html,Ferrycorsten,trance,True
https://www.1001tracklists.com/tracklist/gdtjf8t/ferry-corsten-resonation-radio-147-2023-09-20.html,Ferrycorsten,trance,True
https://www.1001tracklists.com/tracklist/268xnkd9/ferry-corsten-what-the-f-pacha-poznan-poland-2023-09-16.html,Ferrycorsten,trance,True
https://www.1001tracklists.com/tracklist/1lr1ms3t/ferry-corsten-resonation-radio-146-2023-09-13.html,Ferrycorsten,trance,True
https://www.1001tracklists.com/tracklist/2dthgzft/armin-van-buuren-ruben-de-ronde-ferry-corsten-a-state-of-trance-1137-2023-09-07.html,Ferrycorsten,trance,True
https://www.1001tracklists.com/tracklist/17kdbtb9/ferry-corsten-resonation-radio-145-2023-09-06.html,Ferrycorsten,trance,True
https://www.1001tracklists.com/tracklist/1rdf5ht9/ferry-corsten-slam-mixmarathon-2023-09-01.html,Ferrycorsten,trance,True
https://www.1001tracklists.com/tracklist/23hg0ku9/ferry-corsten-melodic-deep-in-depth-podcast-2023-09-01.html,Ferrycorsten,trance,True
https://www.1001tracklists.com/tracklist/1rczqfv1/ferry-corsten-resonation-radio-144-2023-08-30.html,Ferrycorsten,trance,True
https://www.1001tracklists.com/tracklist/20pzc8pt/ferry-corsten-resonation-radio-143-2023-08-23.html,Ferrycorsten,trance,True
https://www.1001tracklists.com/tracklist/1yubxwyk/ferry-corsten-resonation-radio-142-2023-08-16.html,Ferrycorsten,trance,True
https://www.1001tracklists.com/tracklist/snf5hw1/ferry-corsten-resonation-radio-141-2023-08-09.html,Ferrycorsten,trance,True
https://www.1001tracklists.com/tracklist/2cvj7qf1/armin-van-buuren-ruben-de-ronde-ferry-corsten-a-state-of-trance-1132-2023-08-03.html,Ferrycorsten,trance,True
https://www.1001tracklists.com/tracklist/1kt15f31/ferry-corsten-resonation-radio-140-2023-08-02.html,Ferrycorsten,trance,True
https://www.1001tracklists.com/tracklist/276gku51/ferry-corsten-resonation-radio-139-hrad-spilberk-brno-czech-republic-2022-09-02-2023-07-26.html,Ferrycorsten,trance,True
https://www.1001tracklists.com/tracklist/2hlpds7k/ferry-corsten-fsoe-stage-sunrise-festival-poland-2023-07-21.html,Ferrycorsten,trance,True
https://www.1001tracklists.com/tracklist/23h6tdck/ferry-corsten-resonation-radio-138-2023-07-19.html,Ferrycorsten,trance,True
https://www.1001tracklists.com/tracklist/1d64m821/ferry-corsten-art-of-rave-99-2023-07-12.html,Ferrycorsten,trance,True
https://www.1001tracklists.com/tracklist/2jjf4f99/ferry-corsten-resonation-radio-137-2023-07-12.html,Ferrycorsten,trance,True
https://www.1001tracklists.com/tracklist/276cdwp9/armin-van-buuren-ruben-de-ronde-ferry-corsten-a-state-of-trance-1128-2023-07-06.html,Ferrycorsten,trance,True
https://www.1001tracklists.com/tracklist/1rcqrh79/ferry-corsten-resonation-radio-136-2023-07-05.html,Ferrycorsten,trance,True
https://www.1001tracklists.com/tracklist/1g1p4qy9/ferry-corsten-kennedy-ones-dark-city-radio-083-2023-06-30.html,Ferrycorsten,trance,True
https://www.1001tracklists.com/tracklist/1s9h8sm1/ferry-corsten-resonation-radio-135-2023-06-28.html,Ferrycorsten,trance,True
https://www.1001tracklists.com/tracklist/20pqbght/ferry-corsten-umf-radio-737-2023-06-28.html,Ferrycorsten,trance,True
https://www.1001tracklists.com/tracklist/15pfg24t/ferry-corsten-dancefloor-romancer-095-2023-06-23.html,Ferrycorsten,trance,True
https://www.1001tracklists.com/tracklist/z4t6n7k/ferry-corsten-what-the-f-mainstage-beach-luminosity-beach-festival-netherlands-2023-06-23.html,Ferrycorsten,trance,True
https://www.1001tracklists.com/tracklist/1qfuwwr1/armin-van-buuren-ruben-de-ronde-ferry-corsten-a-state-of-trance-1126-de-zalmhaven-rotterdam-netherlands-2023-06-22.html,Ferrycorsten,trance,True
https://www.1001tracklists.com/tracklist/2hlhzl7t/ferry-corsten-resonation-radio-134-2023-06-21.html,Ferrycorsten,trance,True
https://www.1001tracklists.com/tracklist/tkxtqmk/ferry-corsten-resonation-radio-133-2023-06-14.html,Ferrycorsten,trance,True
https://www.1001tracklists.com/tracklist/bp1ynlk/armin-van-buuren-ruben-de-ronde-perry-oneil-a-state-of-trance-1124-armada-music-20-years-special-2023-06-08.html,Ferrycorsten,trance,True
https://www.1001tracklists.com/tracklist/2bxf89n9/ferry-corsten-resonation-radio-132-2023-06-07.html,Ferrycorsten,trance,True
https://www.1001tracklists.com/tracklist/sn1zqp1/armin-van-buuren-ruben-de-ronde-ferry-corsten-a-state-of-trance-1123-2023-06-01.html,Ferrycorsten,trance,True
https://www.1001tracklists.com/tracklist/qsggbg1/ferry-corsten-resonation-radio-131-2023-05-31.html,Ferrycorsten,trance,True
https://www.1001tracklists.com/tracklist/cltczkt/ferry-corsten-ruben-de-ronde-resonation-radio-130-2023-05-24.html,Ferrycorsten,trance,True
https://www.1001tracklists.com/tracklist/20pn9r6k/ferry-corsten-quantumvalley-edc-las-vegas-united-states-2023-05-19.html,Ferrycorsten,trance,True
https://www.1001tracklists.com/tracklist/2cv3vwdk/ferry-corsten-resonation-radio-129-2023-05-17.html,Ferrycorsten,trance,True
https://www.1001tracklists.com/tracklist/1nl102rk/ferry-corsten-resonation-radio-128-2023-05-10.html,Ferrycorsten,trance,True
https://www.1001tracklists.com/tracklist/1wy918g9/terry-golden-ferry-corsten-art-of-rave-90-2023-05-09.html,Ferrycorsten,trance,True
https://www.1001tracklists.com/tracklist/rq476qk/armin-van-buuren-ruben-de-ronde-ferry-corsten-a-state-of-trance-1119-2023-05-04.html,Ferrycorsten,trance,True
https://www.1001tracklists.com/tracklist/1t70blw1/ferry-corsten-resonation-radio-127-2023-05-03.html,Ferrycorsten,trance,True
https://www.1001tracklists.com/tracklist/1xvzn3sk/ferry-corsten-resonation-radio-126-2023-04-26.html,Ferrycorsten,trance,True
https://www.1001tracklists.com/tracklist/14r9bg69/ferry-corsten-resonation-radio-125-2023-04-19.html,Ferrycorsten,trance,True
https://www.1001tracklists.com/tracklist/1u4rpvg9/dj-fuel-ferry-corsten-the-party-life-radio-show-ep535-2023-04-13.html,Ferrycorsten,trance,True
https://www.1001tracklists.com/tracklist/18gh25pt/ferry-corsten-resonation-radio-124-2023-04-12.html,Ferrycorsten,trance,True
https://www.1001tracklists.com/tracklist/25bb669t/armin-van-buuren-ruben-de-ronde-ferry-corsten-a-state-of-trance-1115-2023-04-06.html,Ferrycorsten,trance,True
https://www.1001tracklists.com/tracklist/1v2hlsh1/ferry-corsten-resonation-radio-123-2023-04-05.html,Ferrycorsten,trance,True
https://www.1001tracklists.com/tracklist/rpyz9p1/ferry-corsten-resonation-radio-122-2023-03-29.html,Ferrycorsten,trance,True
https://www.1001tracklists.com/tracklist/1nku8t2t/ferry-corsten-asot-stage-ultra-music-festival-miami-united-states-2023-03-24.html,Ferrycorsten,trance,True
https://www.1001tracklists.com/tracklist/2q2qcpn9/armin-van-buuren-ferry-corsten-asot-stage-ultra-music-festival-miami-united-states-2023-03-24.html,Ferrycorsten,trance,True
https://www.1001tracklists.com/tracklist/1phmbsn9/ferry-corsten-resonation-radio-121-2023-03-22.html,Ferrycorsten,trance,True
https://www.1001tracklists.com/tracklist/2p4v7tq1/ferry-corsten-resonation-radio-120-2023-03-15.html,Ferrycorsten,trance,True
https://www.1001tracklists.com/tracklist/h9nm2lk/ferry-corsten-cubicore-resonation-radio-119-2023-03-08.html,Ferrycorsten,trance,True
https://www.1001tracklists.com/tracklist/1s8xq8m1/ferry-corsten-reflexion-stage-a-state-of-trance-festival-jaarbeurs-utrecht-netherlands-2023-03-04.html,Ferrycorsten,trance,True
https://www.1001tracklists.com/tracklist/1qmfklb1/rank-1-area-four-a-state-of-trance-festival-ahoy-rotterdam-netherlands-2026-02-28.html,Rank1,trance,True
https://www.1001tracklists.com/tracklist/22m9qym1/rank-1-copacabana-beach-trance-classics-luminosity-beach-festival-netherlands-2024-06-28.html,Rank1,trance,True
https://www.1001tracklists.com/tracklist/2p59qjbk/rank-1-target-one-festival-trance-edition-poland-2023-06-17.html,Rank1,trance,True
https://www.1001tracklists.com/tracklist/267scdr1/rank-1-behind-the-mask-transmission-australia-melbourne-2022-09-17.html,Rank1,trance,True
https://www.1001tracklists.com/tracklist/188fxs7t/rank-1-mainstage-a-state-of-trance-festival-950-jaarbeurs-utrecht-netherlands-2020-02-15.html,Rank1,trance,True
https://www.1001tracklists.com/tracklist/2ujg2c21/rank-1-quantumvalley-edc-china-guangdong-2018-11-24.html,Rank1,trance,True
https://www.1001tracklists.com/tracklist/1ykbm9z9/rank-1-the-dream-stage-dreamstate-nos-events-center-san-bernardino-united-states-2017-11-25.html,Rank1,trance,True
https://www.1001tracklists.com/tracklist/26xh574k/rank-1-back-forth-3.0-poland-2017-10-14.html,Rank1,trance,True
https://www.1001tracklists.com/tracklist/28srmc69/rank-1-mainstage-luminosity-beach-festival-bloemendaal-beachclub-vroeger-bloemendaal-netherlands-2017-06-24.html,Rank1,trance,True
https://www.1001tracklists.com/tracklist/1wnt2x91/rank-1-memoryland-eindhoven-netherlands-2016-11-05.html,Rank1,trance,True
https://www.1001tracklists.com/tracklist/g210vct/rank-1-15-years-counting-stage-a-state-of-trance-festival-asot-750-jaarbeurs-utrecht-netherlands-2016-02-27.html,Rank1,trance,True
https://www.1001tracklists.com/tracklist/4ktzcvt/rank-1-dreamstate-promo-mix-2015-11-28.html,Rank1,trance,True
https://www.1001tracklists.com/tracklist/8xubvl1/markus-schulz-rank-1-global-dj-broadcast-2015-11-05.html,Rank1,trance,True
https://www.1001tracklists.com/tracklist/274zyhk/rank-1-sound-bar-chicago-united-states-2015-09-19.html,Rank1,trance,True
https://www.1001tracklists.com/tracklist/1gq5hukt/rank-1-trance-classics-stage-luminosity-beach-festival-bloemendaal-aan-zee-netherlands-2015-06-28.html,Rank1,trance,True
https://www.1001tracklists.com/tracklist/2dwlju1/rank-1-luminosity-beach-festival-netherlands-2015-06-27.html,Rank1,trance,True
https://www.1001tracklists.com/tracklist/8g5drq9/rank-1-afterhours.fm-techno-club-30-years-special-2014-12-18.html,Rank1,trance,True
https://www.1001tracklists.com/tracklist/4c157ck/rank-1-mysterious-noise-radio-rush-055-2014-11-18.html,Rank1,trance,True
https://www.1001tracklists.com/tracklist/8tzz1wt/rank-1-the-gallery-halloween-party-ministry-of-sound-london-united-kingdom-2014-10-31.html,Rank1,trance,True
https://www.1001tracklists.com/tracklist/41zvm71/rank-1-transmission-prague-transmix-seven-sins-2014-10-25.html,Rank1,trance,True
https://www.1001tracklists.com/tracklist/8k0sbd9/rank-1-the-legends-trancefusion-czech-republic-2014-10-11.html,Rank1,trance,True
https://www.1001tracklists.com/tracklist/7b7yu6t/rank-1-deyer-radio-rush-054-2014-09-16.html,Rank1,trance,True
https://www.1001tracklists.com/tracklist/1nf5tm1/judge-jules-rank-1-global-warmup-548-2014-09-05.html,Rank1,trance,True
https://www.1001tracklists.com/tracklist/87x3urk/rank-1-westerman-oostink-radio-rush-052-2014-07-15.html,Rank1,trance,True
https://www.1001tracklists.com/tracklist/47q2uuk/rank-1-miss-legacee-radio-rush-51-2014-06-18.html,Rank1,trance,True
https://www.1001tracklists.com/tracklist/262kq0t/rank-1-radio-rush-050-2014-05-20.html,Rank1,trance,True
https://www.1001tracklists.com/tracklist/6p463z9/rank-1-proyal-radio-rush-049-2014-04-15.html,Rank1,trance,True
https://www.1001tracklists.com/tracklist/1k6zk51/rank-1-erikas-tranauskas-radio-rush-048-2014-03-18.html,Rank1,trance,True
https://www.1001tracklists.com/tracklist/41lku71/rank-1-the-spiritual-gateway-transmission-prague-slovnaft-arena-bratislava-slovakia-2014-03-15.html,Rank1,trance,True
https://www.1001tracklists.com/tracklist/1jzp551/rank-1-650-new-horizons-a-state-of-trance-festival-atakent-expo-almaty-kazakhstan-2014-01-31.html,Rank1,trance,True
https://www.1001tracklists.com/tracklist/5kkzy6t/rank-1-enlusion-radio-rush-046-2014-01-21.html,Rank1,trance,True
https://www.1001tracklists.com/tracklist/3vxd7s9/rank-1-johnny-el-radio-rush-044-2013-11-20.html,Rank1,trance,True
https://www.1001tracklists.com/tracklist/7q3g911/rank-1-alexander-one-radio-rush-043-2013-10-15.html,Rank1,trance,True
https://www.1001tracklists.com/tracklist/4z15pd9/rank-1-sunburn-india-2013-10-06.html,Rank1,trance,True
https://www.1001tracklists.com/tracklist/1mqwt61/rank-1-radio-rush-042-2013-09-17.html,Rank1,trance,True
https://www.1001tracklists.com/tracklist/4j200n1/rank-1-pierce-hill-radio-rush-041-2013-08-20.html,Rank1,trance,True
https://www.1001tracklists.com/tracklist/3y5n28t/rank-1-stadium-live-moscow-russia-2013-08-18.html,Rank1,trance,True
https://www.1001tracklists.com/tracklist/3hzwm79/rank-1-enlusion-radio-rush-040-2013-07-21.html,Rank1,trance,True
https://www.1001tracklists.com/tracklist/6gkpyck/rank-1-transet-radio-rush-039-2013-06-18.html,Rank1,trance,True
https://www.1001tracklists.com/tracklist/1tfzsht/rank-1-anbrok-radio-rush-037-2013-04-16.html,Rank1,trance,True
https://www.1001tracklists.com/tracklist/8129bp1/rank-1-xabi-only-radio-rush-036-2013-03-19.html,Rank1,trance,True
https://www.1001tracklists.com/tracklist/2c92x5t/rank-1-600-the-expedition-a-state-of-trance-festival-royal-western-turf-club-mumbai-india-2013-03-16.html,Rank1,trance,True
https://www.1001tracklists.com/tracklist/8pwfwk9/rank-1-dj-axt-radio-rush-035-2013-02-19.html,Rank1,trance,True
https://www.1001tracklists.com/tracklist/5tgvwm1/above-beyond-rank-1-group-therapy-radio-012-2013-01-25.html,Rank1,trance,True
https://www.1001tracklists.com/tracklist/1w8gp6t/rank-1-radio-rush-034-2013-01-01.html,Rank1,trance,True
https://www.1001tracklists.com/tracklist/8pty3tt/rank-1-ah.fm-end-of-year-countdown-2012-12-25.html,Rank1,trance,True
https://www.1001tracklists.com/tracklist/8zulbyk/rank-1-radio-rush-033-2012-12-04.html,Rank1,trance,True
https://www.1001tracklists.com/tracklist/51jx4v1/rank-1-radio-rush-032-2012-11-06.html,Rank1,trance,True
https://www.1001tracklists.com/tracklist/1q6ffwt/rank-1-radio-rush-031-2012-10-02.html,Rank1,trance,True
https://www.1001tracklists.com/tracklist/41w3jg9/rank-1-radio-rush-030-2012-09-04.html,Rank1,trance,True
https://www.1001tracklists.com/tracklist/60gudr1/rank-1-radio-rush-029-2012-08-07.html,Rank1,trance,True
https://www.1001tracklists.com/tracklist/1q4d7yt/rank-1-nature-one-germany-2012-08-03.html,Rank1,trance,True
https://www.1001tracklists.com/tracklist/1f5j3b1/rank-1-radio-rush-028-2012-07-12.html,Rank1,trance,True
https://www.1001tracklists.com/tracklist/1t1vtgk/rank-1-circuitgrounds-edc-las-vegas-united-states-a-state-of-trance-550-invasion-tour-2012-06-09.html,Rank1,trance,True
https://www.1001tracklists.com/tracklist/54by481/rank-1-radio-rush-027-2012-06-05.html,Rank1,trance,True
https://www.1001tracklists.com/tracklist/653fmqt/rank-1-circuitgrounds-edc-new-york-550-invasion-tour-a-state-of-trance-festival-netherlands-2012-05-19.html,Rank1,trance,True
https://www.1001tracklists.com/tracklist/6wxsu69/rank-1-radio-rush-026-2012-05-02.html,Rank1,trance,True
https://www.1001tracklists.com/tracklist/5m6bsy1/rank-1-tranceclassixx-matrixx-nijmegen-netherlands-2012-04-21.html,Rank1,trance,True
https://www.1001tracklists.com/tracklist/35s77z9/rank-1-radio-rush-025-2012-04-03.html,Rank1,trance,True
https://www.1001tracklists.com/tracklist/680k9b9/rank-1-550-invasion-tour-a-state-of-trance-festival-netherlands-expocentre-moscow-2012-03-07.html,Rank1,trance,True
https://www.1001tracklists.com/tracklist/1sywdr1/rank-1-radio-rush-024-2012-03-06.html,Rank1,trance,True
https://www.1001tracklists.com/tracklist/4hdkdy9/rank-1-radio-rush-023-2012-02-07.html,Rank1,trance,True
https://www.1001tracklists.com/tracklist/6qw8gxk/rank-1-digital-society-5th-birthday-o2-academy-leeds-united-kingdom-2012-01-27.html,Rank1,trance,True
https://www.1001tracklists.com/tracklist/5w1ww11/rank-1-the-digital-society-podcast-096-2012-01-25.html,Rank1,trance,True
https://www.1001tracklists.com/tracklist/8xkn9k/rank-1-radio-rush-022-2012-01-03.html,Rank1,trance,True
https://www.1001tracklists.com/tracklist/xspm21/rank-1-ah.fm-end-of-year-countdown-2011-12-23.html,Rank1,trance,True
https://www.1001tracklists.com/tracklist/lg31u1/rank-1-jochen-miller-christmas-party-the-gallery-at-ministry-of-sound-london-united-kingdom-2011-12-16.html,Rank1,trance,True
https://www.1001tracklists.com/tracklist/vd93ft/rank-1-radio-rush-021-2011-12-06.html,Rank1,trance,True
https://www.1001tracklists.com/tracklist/p40g91/rank-1-radio-rush-020-2011-11-01.html,Rank1,trance,True
https://www.1001tracklists.com/tracklist/8wv6vht/rank-1-radio-rush-019-2011-10-04.html,Rank1,trance,True
https://www.1001tracklists.com/tracklist/q8bpq1/rank-1-radio-rush-018-2011-09-06.html,Rank1,trance,True
https://www.1001tracklists.com/tracklist/7t2u09t/rank-1-radio-rush-017-2011-08-02.html,Rank1,trance,True
https://www.1001tracklists.com/tracklist/bwwxc1/rank-1-jochen-miller-electronic-family-netherlands-2011-07-30.html,Rank1,trance,True
https://www.1001tracklists.com/tracklist/lnslu9/rank-1-tomorrowland-belgium-be-at-tv-2011-07-24.html,Rank1,trance,True
https://www.1001tracklists.com/tracklist/1ltrcqs9/rank-1-airbeat-one-germany-2011-07-16.html,Rank1,trance,True
https://www.1001tracklists.com/tracklist/k57wqt/rank-1-radio-rush-016-2011-07-05.html,Rank1,trance,True
https://www.1001tracklists.com/tracklist/6fsf5k/rank-1-marquee-las-vegas-united-states-2011-07-01.html,Rank1,trance,True
https://www.1001tracklists.com/tracklist/1cggq2k/rank-1-radio-rush-015-2011-06-07.html,Rank1,trance,True
https://www.1001tracklists.com/tracklist/lvy567k/rank-1-ah.fm-5-year-anniversary-2011-05-29.html,Rank1,trance,True
https://www.1001tracklists.com/tracklist/1gfufc9/rank-1-radio-rush-014-2011-05-03.html,Rank1,trance,True
https://www.1001tracklists.com/tracklist/2c6tgm1/rank-1-a-state-of-trance-festival-500-brabanthallen-den-bosch-netherlands-2011-04-09.html,Rank1,trance,True
https://www.1001tracklists.com/tracklist/58mwgn1/rank-1-radio-rush-013-2011-04-05.html,Rank1,trance,True
https://www.1001tracklists.com/tracklist/b7xzmt/rank-1-ah.fm-radio-rush-012-2011-03-01.html,Rank1,trance,True
https://www.1001tracklists.com/tracklist/12jcbdt/rank-1-radio-rush-011-2011-02-01.html,Rank1,trance,True
https://www.1001tracklists.com/tracklist/rd8vh51/rank-1-intuition-winter-festival-netherlands-2011-01-22.html,Rank1,trance,True
https://www.1001tracklists.com/tracklist/66fkv8k/rank-1-radio-rush-010-2011-01-04.html,Rank1,trance,True
https://www.1001tracklists.com/tracklist/vc1t71t/rank-1-ah.fm-end-of-year-countdown-2010-12-23.html,Rank1,trance,True
https://www.1001tracklists.com/tracklist/5glmrb1/rank-1-radio-rush-009-2010-12-07.html,Rank1,trance,True
https://www.1001tracklists.com/tracklist/3sy00vk/rank-1-radio-rush-008-2010-11-02.html,Rank1,trance,True
https://www.1001tracklists.com/tracklist/gul141/rank-1-radio-rush-007-2010-10-07.html,Rank1,trance,True
https://www.1001tracklists.com/tracklist/6v94049/rank-1-radio-rush-006-2010-09-07.html,Rank1,trance,True
https://www.1001tracklists.com/tracklist/17c3hw61/lange-rank-1-markus-schulz-intercity-050-2010-08-25.html,Rank1,trance,True
https://www.1001tracklists.com/tracklist/52p4lf1/rank-1-radio-rush-005-2010-08-03.html,Rank1,trance,True
https://www.1001tracklists.com/tracklist/rfjkvk/rank-1-radio-rush-004-2010-07-06.html,Rank1,trance,True
https://www.1001tracklists.com/tracklist/1nf5fv0t/rank-1-luminosity-beach-festival-netherlands-2010-07-04.html,Rank1,trance,True
https://www.1001tracklists.com/tracklist/1zlm9c61/mark-sherry-rank-1-outburst-radioshow-160-2010-06-11.html,Rank1,trance,True
https://www.1001tracklists.com/tracklist/nrpy89/rank-1-radio-rush-003-2010-06-01.html,Rank1,trance,True
https://www.1001tracklists.com/tracklist/2d7hl5t/rank-1-radio-rush-001-2010-04-06.html,Rank1,trance,True
https://www.1001tracklists.com/tracklist/93s1x1/rank-1-radio-rush-002-2010-04-05.html,Rank1,trance,True
https://www.1001tracklists.com/tracklist/505s6f9/rank-1-a-state-of-trance-450-roseland-ballroom-new-york-city-united-states-2010-04-02.html,Rank1,trance,True
https://www.1001tracklists.com/tracklist/1ndcrkkk/above-and-beyond-rank-1-trance-around-the-world-310-2010-03-05.html,Rank1,trance,True
https://www.1001tracklists.com/tracklist/29tszg2k/above-and-beyond-rank-1-trance-around-the-world-283-2009-08-28.html,Rank1,trance,True
https://www.1001tracklists.com/tracklist/wcdmw1/rank-1-sunrise-festival-poland-2009-07-24.html,Rank1,trance,True
https://www.1001tracklists.com/tracklist/1hr9vg2k/rank-1-a-state-of-trance-2009-04-17.html,Rank1,trance,True
https://www.1001tracklists.com/tracklist/2brlzmg9/paul-van-dyk-rank-1-vonyc-sessions-131-2009-02-26.html,Rank1,trance,True
https://www.1001tracklists.com/tracklist/1w1dkjs9/rank-1-the-new-world-transmission-prague-o2-arena-prague-czech-republic-2008-11-08.html,Rank1,trance,True
https://www.1001tracklists.com/tracklist/2n8c8pbt/rank-1-trance-vibrations-romania-2008-10-18.html,Rank1,trance,True
https://www.1001tracklists.com/tracklist/rmr7pq9/rank-1-trance-a-mission-forsage-dance-club-kyiv-ukraine-2008-03-01.html,Rank1,trance,True
https://www.1001tracklists.com/tracklist/2p0hbl6k/rank-1-trance-energy-jaarbeurs-utrecht-netherlands-2008-02-23.html,Rank1,trance,True
https://www.1001tracklists.com/tracklist/2fk909t9/rank-1-mayday-poland-2007-11-10.html,Rank1,trance,True
https://www.1001tracklists.com/tracklist/1nhbgmq1/rank-1-mysteryland-netherlands-2007-08-28.html,Rank1,trance,True
https://www.1001tracklists.com/tracklist/10yby8p9/rank-1-mysteryland-netherlands-2007-08-25.html,Rank1,trance,True
https://www.1001tracklists.com/tracklist/22fkz3b9/rank-1-ah.fm-1-year-anniversary-massive-celebration-2007-06-01.html,Rank1,trance,True
https://www.1001tracklists.com/tracklist/1t28gp9k/rank-1-trance-energy-jaarbeurs-utrecht-netherlands-2007-03-03.html,Rank1,trance,True
https://www.1001tracklists.com/tracklist/2l9tnmb9/rank-1-synergy-budapest-hungary-2006-11-18.html,Rank1,trance,True
https://www.1001tracklists.com/tracklist/2660b8ut/markus-schulz-rank-1-global-dj-broadcast-ibiza-summer-sessions-space-ibiza-spain-2006-09-07.html,Rank1,trance,True
https://www.1001tracklists.com/tracklist/2ld50ky1/rank-1-beach-party-gdynia-poland-2006-08-12.html,Rank1,trance,True
https://www.1001tracklists.com/tracklist/6wgpx29/armin-van-buuren-jonas-steur-m.i.k.e.-push-a-state-of-trance-festival-250-asta-den-haag-netherlands-2006-05-25.html,Rank1,trance,True
https://www.1001tracklists.com/tracklist/11zv4cjk/rank-1-popsicle-san-francisco-2006-04-01.html,Rank1,trance,True
https://www.1001tracklists.com/tracklist/1nbbfsk/ferry-tayle-rank-1-universal-language-015-etn.fm-2005-08-13.html,Rank1,trance,True
https://www.1001tracklists.com/tracklist/2fkt6711/rank-1-club-malta-poznan-poland-2005-06-24.html,Rank1,trance,True
https://www.1001tracklists.com/tracklist/1r8rjt2t/rank-1-trance-energy-netherlands-2005-02-12.html,Rank1,trance,True
https://www.1001tracklists.com/tracklist/2wjulg4k/rank-1-tranceescape-2004-10-29.html,Rank1,trance,True
https://www.1001tracklists.com/tracklist/1lktd4r9/rank-1-club-heaven-los-angeles-united-states-2004-10-22.html,Rank1,trance,True
https://www.1001tracklists.com/tracklist/w76zywt/rank-1-decibel-outdoor-festival-netherlands-2004-08-29.html,Rank1,trance,True
https://www.1001tracklists.com/tracklist/l6d0vzt/rank-1-tranceairwaves-2004-07-26.html,Rank1,trance,True
https://www.1001tracklists.com/tracklist/1t1qw0f9/armin-van-buuren-rank-1-a-state-of-trance-147-xxl-2004-05-06.html,Rank1,trance,True
https://www.1001tracklists.com/tracklist/rmzvumk/rank-1-trance-energy-netherlands-2004-01-31.html,Rank1,trance,True
https://www.1001tracklists.com/tracklist/248k15u1/rank-1-sonic-3-basel-switzerland-2003-11-08.html,Rank1,trance,True
https://www.1001tracklists.com/tracklist/1uygpsh1/rank-1-orange-area-defqon.1-netherlands-2003-06-14.html,Rank1,trance,True
https://www.1001tracklists.com/tracklist/7u83qkk/rank-1-go-park-herford-2002-07-09.html,Rank1,trance,True
https://www.1001tracklists.com/tracklist/8bx1k6k/rank-1-trance-energy-jaarbeurs-utrecht-netherlands-2002-02-16.html,Rank1,trance,True
https://www.1001tracklists.com/tracklist/2gu6dv5k/rank-1-natural-obsessions-2002-01-01.html,Rank1,trance,True
https://www.1001tracklists.com/tracklist/7r10r59/rank-1-idandt-radio-2001-10-12.html,Rank1,trance,True
https://www.1001tracklists.com/tracklist/jp4hkk/rank-1-sensation-netherlands-2001-07-07.html,Rank1,trance,True
https://www.1001tracklists.com/tracklist/1wtmth81/rank-1-slam-2001-05-30.html,Rank1,trance,True
https://www.1001tracklists.com/tracklist/1jktwyh1/rank-1-slam-2001-03-15.html,Rank1,trance,True
https://www.1001tracklists.com/tracklist/8v150b9/rank-1-club-incasa-leiden-2000-10-27.html,Rank1,trance,True
https://www.1001tracklists.com/tracklist/4zrgpt9/rank-1-trance-energy-netherlands-2000-09-30.html,Rank1,trance,True
https://www.1001tracklists.com/tracklist/27vbr689/rank-1-incasa-leiden-2000-09-15.html,Rank1,trance,True
https://www.1001tracklists.com/tracklist/2b5kd4rt/aly-fila-future-sound-of-egypt-958-2026-04-15.html,Alyandfila,trance,True
https://www.1001tracklists.com/tracklist/1lwg6tfk/aly-fila-future-sound-of-egypt-957-2026-04-08.html,Alyandfila,trance,True
https://www.1001tracklists.com/tracklist/1rkf7zqt/aly-fila-future-sound-of-egypt-956-2026-04-01.html,Alyandfila,trance,True
https://www.1001tracklists.com/tracklist/2uxtt2nt/alan-banks-aly-fila-grant-trowbridge-trance-sanctuary-podcast-trance-sanctuary-presents-fsoe-london-future-sound-of-egypt-here-at-outernet-london-united-kingdom-2025-03-22-2026-03-16.html,Alyandfila,trance,True
https://www.1001tracklists.com/tracklist/zbf30bt/aly-fila-dreamstate-bill-graham-civic-auditorium-san-francisco-united-states-2026-03-07.html,Alyandfila,trance,True
https://www.1001tracklists.com/tracklist/p2jpswk/aly-fila-area-two-a-state-of-trance-festival-ahoy-rotterdam-netherlands-2026-02-27.html,Alyandfila,trance,True
https://www.1001tracklists.com/tracklist/1x3yw4kk/aly-fila-future-sound-of-egypt-950-2026-02-18.html,Alyandfila,trance,True
https://www.1001tracklists.com/tracklist/1k0h79d9/aly-fila-mainstage-tranceformations-hala-stulecia-wroclaw-poland-2026-02-07.html,Alyandfila,trance,True
https://www.1001tracklists.com/tracklist/17qcyy89/aly-fila-future-sound-of-egypt-947-2026-01-26.html,Alyandfila,trance,True
https://www.1001tracklists.com/tracklist/dq2bw39/aly-fila-future-sound-of-egypt-946-2026-01-20.html,Alyandfila,trance,True
https://www.1001tracklists.com/tracklist/1zx57tq1/aly-fila-future-sound-of-egypt-945-2026-01-14.html,Alyandfila,trance,True
https://www.1001tracklists.com/tracklist/1y1jlyqk/aly-fila-future-sound-of-egypt-944-2026-01-06.html,Alyandfila,trance,True
https://www.1001tracklists.com/tracklist/fms9wp1/aly-fila-future-sound-of-egypt-943-year-in-review-part-3-2025-12-31.html,Alyandfila,trance,True
https://www.1001tracklists.com/tracklist/1k06kuh9/aly-fila-future-sound-of-egypt-942-year-in-review-part-2-2025-12-24.html,Alyandfila,trance,True
https://www.1001tracklists.com/tracklist/m6hl27k/aly-fila-future-sound-of-egypt-941-year-in-review-part-1-uv-special-2025-12-17.html,Alyandfila,trance,True
https://www.1001tracklists.com/tracklist/2gttdf01/aly-fila-future-sound-of-egypt-940-2025-12-10.html,Alyandfila,trance,True
https://www.1001tracklists.com/tracklist/14wnnzm9/aly-fila-future-sound-of-egypt-939-2025-12-03.html,Alyandfila,trance,True
https://www.1001tracklists.com/tracklist/dprwlut/aly-fila-future-sound-of-egypt-938-2025-11-26.html,Alyandfila,trance,True
https://www.1001tracklists.com/tracklist/2ndhf1xt/aly-fila-future-sound-of-egypt-937-2025-11-19.html,Alyandfila,trance,True
https://www.1001tracklists.com/tracklist/1x3d6rck/aly-fila-future-sound-of-egypt-936-2025-11-12.html,Alyandfila,trance,True
https://www.1001tracklists.com/tracklist/2q802lq9/aly-fila-future-sound-of-egypt-935-2025-11-05.html,Alyandfila,trance,True
https://www.1001tracklists.com/tracklist/ycu9cct/aly-fila-future-sound-of-egypt-934-2025-10-29.html,Alyandfila,trance,True
https://www.1001tracklists.com/tracklist/18mmfnf9/aly-fila-future-sound-of-egypt-933-2025-10-22.html,Alyandfila,trance,True
https://www.1001tracklists.com/tracklist/9w5fp3t/aly-fila-transmission-the-awakening-sepang-international-circuit-kuala-lumpur-malaysia-2025-10-19.html,Alyandfila,trance,True
https://www.1001tracklists.com/tracklist/2jp233h1/aly-fila-future-sound-of-egypt-932-2025-10-15.html,Alyandfila,trance,True
https://www.1001tracklists.com/tracklist/2fvmm481/aly-fila-future-sound-of-egypt-931-2025-10-08.html,Alyandfila,trance,True
https://www.1001tracklists.com/tracklist/tr0fk29/aly-fila-move-nightclub-exeter-united-kingdom-2025-10-03.html,Alyandfila,trance,True
https://www.1001tracklists.com/tracklist/kbd0u49/aly-fila-future-sound-of-egypt-929-2025-09-24.html,Alyandfila,trance,True
https://www.1001tracklists.com/tracklist/btqz4d1/aly-fila-future-sound-of-egypt-928-2025-09-17.html,Alyandfila,trance,True
https://www.1001tracklists.com/tracklist/1kxczv9k/aly-fila-future-sound-of-egypt-927-2025-09-10.html,Alyandfila,trance,True
https://www.1001tracklists.com/tracklist/tqh1pyt/aly-fila-future-sound-of-egypt-926-2025-09-03.html,Alyandfila,trance,True
https://www.1001tracklists.com/tracklist/ruuczn9/aly-fila-future-sound-of-egypt-925-2025-08-27.html,Alyandfila,trance,True
https://www.1001tracklists.com/tracklist/2uwkmtrt/aly-fila-future-sound-of-egypt-924-2025-08-20.html,Alyandfila,trance,True
https://www.1001tracklists.com/tracklist/2968fzwt/aly-fila-future-sound-of-egypt-923-2025-08-13.html,Alyandfila,trance,True
https://www.1001tracklists.com/tracklist/m5pz45t/aly-fila-future-sound-of-egypt-922-2025-08-06.html,Alyandfila,trance,True
https://www.1001tracklists.com/tracklist/n3gb2fk/aly-fila-future-sound-of-egypt-921-2025-07-30.html,Alyandfila,trance,True
https://www.1001tracklists.com/tracklist/14vv2yv1/aly-fila-future-sound-of-egypt-920-2025-07-23.html,Alyandfila,trance,True
https://www.1001tracklists.com/tracklist/23m93rk1/aly-fila-future-sound-of-egypt-919-2025-07-16.html,Alyandfila,trance,True
https://www.1001tracklists.com/tracklist/2pbp1kck/aly-fila-cream-stage-lost-minds-festival-exhibition-park-newcastle-united-kingdom-2025-07-12.html,Alyandfila,trance,True
https://www.1001tracklists.com/tracklist/bt9pg9t/aly-fila-future-sound-of-egypt-918-2025-07-09.html,Alyandfila,trance,True
https://www.1001tracklists.com/tracklist/25gtvz6t/aly-fila-future-sound-of-egypt-917-2025-07-02.html,Alyandfila,trance,True
https://www.1001tracklists.com/tracklist/1rhs5tx9/aly-fila-mainstage-beach-luminosity-beach-festival-netherlands-2025-06-29.html,Alyandfila,trance,True
https://www.1001tracklists.com/tracklist/2uw6yns1/aly-fila-future-sound-of-egypt-916-2025-06-25.html,Alyandfila,trance,True
https://www.1001tracklists.com/tracklist/ss6vcdk/aly-fila-future-sound-of-egypt-915-fsoe-label-showcase-uplifting-special-2025-06-18.html,Alyandfila,trance,True
https://www.1001tracklists.com/tracklist/2dx3mc89/aly-fila-future-sound-of-egypt-914-2025-06-11.html,Alyandfila,trance,True
https://www.1001tracklists.com/tracklist/2s2xds41/aly-fila-target-one-festival-wroclaw-poland-2025-06-07.html,Alyandfila,trance,True
https://www.1001tracklists.com/tracklist/1nq6s5n1/aly-fila-future-sound-of-egypt-913-2025-06-04.html,Alyandfila,trance,True
https://www.1001tracklists.com/tracklist/15tbqsh1/aly-fila-future-sound-of-egypt-912-2025-05-28.html,Alyandfila,trance,True
https://www.1001tracklists.com/tracklist/13xq1lrt/aly-fila-future-sound-of-egypt-911-2025-05-21.html,Alyandfila,trance,True
https://www.1001tracklists.com/tracklist/2jn50vwk/aly-fila-future-sound-of-egypt-910-2025-05-14.html,Alyandfila,trance,True
https://www.1001tracklists.com/tracklist/1g5gy2sk/aly-fila-cafe-del-mar-rong-open-air-festival-2025-05-10.html,Alyandfila,trance,True
https://www.1001tracklists.com/tracklist/9v4jjxk/aly-fila-future-sound-of-egypt-909-2025-05-07.html,Alyandfila,trance,True
https://www.1001tracklists.com/tracklist/1u8ud1jt/aly-fila-future-sound-of-egypt-908-2025-04-30.html,Alyandfila,trance,True
https://www.1001tracklists.com/tracklist/19jbvs79/aly-fila-future-sound-of-egypt-907-2025-04-23.html,Alyandfila,trance,True
https://www.1001tracklists.com/tracklist/l77tflt/aly-fila-future-sound-of-egypt-906-2025-04-16.html,Alyandfila,trance,True
https://www.1001tracklists.com/tracklist/1g58n7t1/aly-fila-future-sound-of-egypt-905-2025-04-09.html,Alyandfila,trance,True
https://www.1001tracklists.com/tracklist/10664m1t/aly-fila-future-sound-of-egypt-904-2025-04-02.html,Alyandfila,trance,True
https://www.1001tracklists.com/tracklist/2hq2t3yk/aly-fila-cheshire-woods-beyond-wonderland-socal-nos-events-center-san-bernardino-united-states-2025-03-29.html,Alyandfila,trance,True
https://www.1001tracklists.com/tracklist/1xzuf76t/aly-fila-future-sound-of-egypt-903-2025-03-26.html,Alyandfila,trance,True
https://www.1001tracklists.com/tracklist/2wr8c711/aly-fila-future-sound-of-egypt-902-2025-03-19.html,Alyandfila,trance,True
https://www.1001tracklists.com/tracklist/21qyhcv9/aly-fila-future-sound-of-egypt-901-2025-03-12.html,Alyandfila,trance,True
https://www.1001tracklists.com/tracklist/295bwttt/alan-banks-aly-fila-chris-blaylock-trance-sanctuary-podcast-124-trance-sanctuary-pres.-fsoe-london-here-at-outernet-london-united-kingdom-2024-03-09-2025-03-07.html,Alyandfila,trance,True
https://www.1001tracklists.com/tracklist/1h2vrhu1/aly-fila-future-sound-of-egypt-900-fsoe-label-showcase-2025-03-05.html,Alyandfila,trance,True
https://www.1001tracklists.com/tracklist/2mf3vb91/aly-fila-future-sound-of-egypt-899-2025-02-26.html,Alyandfila,trance,True
https://www.1001tracklists.com/tracklist/1mrty9d1/aly-fila-area-two-a-state-of-trance-festival-ahoy-rotterdam-netherlands-2025-02-21.html,Alyandfila,trance,True
https://www.1001tracklists.com/tracklist/ybc81g9/armin-van-buuren-ruben-de-ronde-ben-hemsley-a-state-of-trance-1213-a-state-of-transformation-special-2025-02-20.html,Alyandfila,trance,True
https://www.1001tracklists.com/tracklist/2hpvu931/aly-fila-future-sound-of-egypt-898-2025-02-19.html,Alyandfila,trance,True
https://www.1001tracklists.com/tracklist/z83hr69/aly-fila-future-sound-of-egypt-897-2025-02-12.html,Alyandfila,trance,True
https://www.1001tracklists.com/tracklist/2b2z6xz9/aly-fila-future-sound-of-egypt-896-2025-02-05.html,Alyandfila,trance,True
https://www.1001tracklists.com/tracklist/dmzdldk/aly-fila-future-sound-of-egypt-895-2025-01-29.html,Alyandfila,trance,True
https://www.1001tracklists.com/tracklist/fkrpn2t/aly-fila-future-sound-of-egypt-894-2025-01-22.html,Alyandfila,trance,True
https://www.1001tracklists.com/tracklist/hf8jnn9/aly-fila-future-sound-of-egypt-892-2025-01-08.html,Alyandfila,trance,True
https://www.1001tracklists.com/tracklist/xd8949k/aly-fila-future-sound-of-egypt-891-2025-01-01.html,Alyandfila,trance,True
https://www.1001tracklists.com/tracklist/1u82tg21/aly-fila-future-sound-of-egypt-890-end-of-year-review-part-3-2024-12-25.html,Alyandfila,trance,True
https://www.1001tracklists.com/tracklist/2jm9fw11/aly-fila-future-sound-of-egypt-889-end-of-year-review-part-2-2024-12-18.html,Alyandfila,trance,True
https://www.1001tracklists.com/tracklist/1kvsh9dk/aly-fila-future-sound-of-egypt-888-end-of-year-review-part-1-uv-special-2024-12-11.html,Alyandfila,trance,True
https://www.1001tracklists.com/tracklist/2kjz38z1/aly-fila-future-sound-of-egypt-886-2024-11-27.html,Alyandfila,trance,True
https://www.1001tracklists.com/tracklist/23kyklp9/aly-fila-the-vision-stage-dreamstate-socal-queen-mary-waterfront-united-states-2024-11-23.html,Alyandfila,trance,True
https://www.1001tracklists.com/tracklist/bryqyx1/aly-fila-future-sound-of-egypt-885-2024-11-20.html,Alyandfila,trance,True
https://www.1001tracklists.com/tracklist/1jxu1lr9/aly-fila-future-sound-of-egypt-884-2024-11-13.html,Alyandfila,trance,True
https://www.1001tracklists.com/tracklist/1plt3bm1/aly-fila-future-sound-of-egypt-883-2024-11-06.html,Alyandfila,trance,True
https://www.1001tracklists.com/tracklist/cpngn3k/aly-fila-future-sound-of-egypt-882-2024-10-30.html,Alyandfila,trance,True
https://www.1001tracklists.com/tracklist/brtj22t/aly-fila-future-sound-of-egypt-881-2024-10-23.html,Alyandfila,trance,True
https://www.1001tracklists.com/tracklist/1v5jvvmk/aly-fila-luminosity-pres.-this-is-trance-ade-2024-amsterdam-dance-event-panama-netherlands-2024-10-18.html,Alyandfila,trance,True
https://www.1001tracklists.com/tracklist/1x12qxkk/aly-fila-future-sound-of-egypt-880-2024-10-16.html,Alyandfila,trance,True
https://www.1001tracklists.com/tracklist/1t9undj9/aly-fila-future-sound-of-egypt-879-2024-10-09.html,Alyandfila,trance,True
https://www.1001tracklists.com/tracklist/1f6ccn21/aly-fila-future-sound-of-egypt-878-2024-10-02.html,Alyandfila,trance,True
https://www.1001tracklists.com/tracklist/l61j7k1/aly-fila-future-sound-of-egypt-877-2024-09-25.html,Alyandfila,trance,True
https://www.1001tracklists.com/tracklist/brm02u1/aly-fila-future-sound-of-egypt-876-2024-09-18.html,Alyandfila,trance,True
https://www.1001tracklists.com/tracklist/16pn9qnk/aly-fila-beachclub-fuel-bloemendaal-netherlands-2024-09-14.html,Alyandfila,trance,True
https://www.1001tracklists.com/tracklist/hdky0mk/aly-fila-future-sound-of-egypt-875-2024-09-11.html,Alyandfila,trance,True
https://www.1001tracklists.com/tracklist/104yvgk9/aly-fila-future-sound-of-egypt-874-fsoe-summer-recap-2024-09-04.html,Alyandfila,trance,True
https://www.1001tracklists.com/tracklist/sqj8rt9/aly-fila-future-sound-of-egypt-873-2024-08-29.html,Alyandfila,trance,True
https://www.1001tracklists.com/tracklist/2kjfblr9/aly-fila-future-sound-of-egypt-872-2024-08-21.html,Alyandfila,trance,True
https://www.1001tracklists.com/tracklist/12y8n5x9/aly-fila-future-sound-of-egypt-871-2024-08-14.html,Alyandfila,trance,True
https://www.1001tracklists.com/tracklist/29443twk/aly-fila-future-sound-of-egypt-870-2024-08-07.html,Alyandfila,trance,True
https://www.1001tracklists.com/tracklist/2q5bf90k/aly-fila-future-sound-of-egypt-869-2024-07-31.html,Alyandfila,trance,True
https://www.1001tracklists.com/tracklist/1u771g1k/aly-fila-future-sound-of-egypt-868-2024-07-24.html,Alyandfila,trance,True
https://www.1001tracklists.com/tracklist/l5r4gc1/aly-fila-rebirth-stage-sunrise-festival-poland-2024-07-20.html,Alyandfila,trance,True
https://www.1001tracklists.com/tracklist/2bzputy9/aly-fila-unkonscious-beach-festival-zrce-beach-novalja-croatia-2024-07-17.html,Alyandfila,trance,True
https://www.1001tracklists.com/tracklist/1w2t29k1/aly-fila-future-sound-of-egypt-867-2024-07-17.html,Alyandfila,trance,True
https://www.1001tracklists.com/tracklist/xc8qkft/aly-fila-future-sound-of-egypt-866-2024-07-10.html,Alyandfila,trance,True
https://www.1001tracklists.com/tracklist/1xyb6vrt/aly-fila-future-sound-of-egypt-865-2024-07-03.html,Alyandfila,trance,True
https://www.1001tracklists.com/tracklist/1cb7vwt9/aly-fila-mainstage-beach-luminosity-beach-festival-netherlands-2024-06-29.html,Alyandfila,trance,True
https://www.1001tracklists.com/tracklist/12y08jhk/aly-fila-future-sound-of-egypt-864-2024-06-26.html,Alyandfila,trance,True
https://www.1001tracklists.com/tracklist/26bgq10k/aly-fila-future-sound-of-egypt-863-2024-06-19.html,Alyandfila,trance,True
https://www.1001tracklists.com/tracklist/2q521fr9/aly-fila-future-sound-of-egypt-862-2024-06-12.html,Alyandfila,trance,True
https://www.1001tracklists.com/tracklist/22m5p95t/aly-fila-future-sound-of-egypt-861-2024-06-05.html,Alyandfila,trance,True
https://www.1001tracklists.com/tracklist/2sydj849/aly-fila-future-sound-of-egypt-860-2024-05-29.html,Alyandfila,trance,True
https://www.1001tracklists.com/tracklist/j9ss3lt/aly-fila-future-sound-of-egypt-859-2024-05-23.html,Alyandfila,trance,True
https://www.1001tracklists.com/tracklist/ukvwdvt/aly-fila-quantumvalley-edc-las-vegas-united-states-2024-05-18.html,Alyandfila,trance,True
https://www.1001tracklists.com/tracklist/n0y6k71/aly-fila-future-sound-of-egypt-858-2024-05-16.html,Alyandfila,trance,True
https://www.1001tracklists.com/tracklist/l59qng1/aly-fila-future-sound-of-egypt-857-2024-05-09.html,Alyandfila,trance,True
https://www.1001tracklists.com/tracklist/11237hh1/aly-fila-future-sound-of-egypt-856-2024-05-01.html,Alyandfila,trance,True
https://www.1001tracklists.com/tracklist/2n962cn1/aly-fila-future-sound-of-egypt-855-2024-04-25.html,Alyandfila,trance,True
https://www.1001tracklists.com/tracklist/285r4wj9/aly-fila-future-sound-of-egypt-854-2024-04-17.html,Alyandfila,trance,True
https://www.1001tracklists.com/tracklist/1v4gkvvt/aly-fila-future-sound-of-egypt-853-2024-04-10.html,Alyandfila,trance,True
https://www.1001tracklists.com/tracklist/1h0zfzpk/aly-fila-future-sound-of-egypt-852-2024-04-03.html,Alyandfila,trance,True
https://www.1001tracklists.com/tracklist/1h0y5zdt/aly-fila-future-sound-of-egypt-851-2024-03-27.html,Alyandfila,trance,True
https://www.1001tracklists.com/tracklist/1ku9t009/aly-fila-future-sound-of-egypt-850-2024-03-20.html,Alyandfila,trance,True
https://www.1001tracklists.com/tracklist/1qh95nj9/aly-fila-future-sound-of-egypt-849-2024-03-13.html,Alyandfila,trance,True
https://www.1001tracklists.com/tracklist/wdt12jk/aly-fila-future-sound-of-egypt-848-2024-03-06.html,Alyandfila,trance,True
https://www.1001tracklists.com/tracklist/1yvfnh19/aly-fila-future-sound-of-egypt-847-2024-02-28.html,Alyandfila,trance,True
https://www.1001tracklists.com/tracklist/y8d4nc9/aly-fila-stereobloom-edc-mexico-2024-02-23.html,Alyandfila,trance,True
https://www.1001tracklists.com/tracklist/2r27std1/aly-fila-future-sound-of-egypt-846-2024-02-21.html,Alyandfila,trance,True
https://www.1001tracklists.com/tracklist/2vr6nzj9/aly-fila-future-sound-of-egypt-845-2024-02-14.html,Alyandfila,trance,True
https://www.1001tracklists.com/tracklist/k6z6cp1/aly-fila-future-sound-of-egypt-844-fsoe-sydney-special-2024-02-07.html,Alyandfila,trance,True
https://www.1001tracklists.com/tracklist/1mpnxkq1/aly-fila-tranceformations-hala-stulecia-wroclaw-poland-2024-02-03.html,Alyandfila,trance,True
https://www.1001tracklists.com/tracklist/cn3uh7k/aly-fila-future-sound-of-egypt-843-2024-01-31.html,Alyandfila,trance,True
https://www.1001tracklists.com/tracklist/1rdtkjnk/aly-fila-future-sound-of-egypt-842-2024-01-24.html,Alyandfila,trance,True
https://www.1001tracklists.com/tracklist/hc9260t/aly-fila-open-to-close-epic-club-prague-czech-republic-2024-01-20.html,Alyandfila,trance,True
https://www.1001tracklists.com/tracklist/2fs0d0y9/aly-fila-future-sound-of-egypt-841-2024-01-17.html,Alyandfila,trance,True
https://www.1001tracklists.com/tracklist/j919myt/aly-and-fila-future-sound-of-egypt-840-2024-01-10.html,Alyandfila,trance,True
https://www.1001tracklists.com/tracklist/dkswtu9/aly-and-fila-future-sound-of-egypt-839-2024-01-03.html,Alyandfila,trance,True
https://www.1001tracklists.com/tracklist/wdd0w51/aly-and-fila-future-sound-of-egypt-838-year-in-review-part-3-2023-12-28.html,Alyandfila,trance,True
https://www.1001tracklists.com/tracklist/tlz2721/aly-and-fila-we-rave-you-hq-amsterdam-2023-12-26.html,Alyandfila,trance,True
https://www.1001tracklists.com/tracklist/11z4tx6t/aly-and-fila-future-sound-of-egypt-837-year-in-review-part-2-2023-12-20.html,Alyandfila,trance,True
https://www.1001tracklists.com/tracklist/1f4rrkv9/aly-and-fila-future-sound-of-egypt-836-year-in-review-part-1-2023-12-13.html,Alyandfila,trance,True
https://www.1001tracklists.com/tracklist/1rdk02nk/aly-and-fila-future-sound-of-egypt-835-2023-12-06.html,Alyandfila,trance,True
https://www.1001tracklists.com/tracklist/15q81l69/aly-and-fila-future-sound-of-egypt-834-2023-11-29.html,Alyandfila,trance,True
https://www.1001tracklists.com/tracklist/1rdgsnj9/aly-and-fila-future-sound-of-egypt-833-2023-11-22.html,Alyandfila,trance,True
https://www.1001tracklists.com/tracklist/pvk4fut/aly-and-fila-future-sound-of-egypt-832-2023-11-15.html,Alyandfila,trance,True
https://www.1001tracklists.com/tracklist/25cfb9zk/aly-and-fila-future-sound-of-egypt-831-2023-11-08.html,Alyandfila,trance,True
https://www.1001tracklists.com/tracklist/hbuzj4t/aly-and-fila-future-sound-of-egypt-830-2023-11-01.html,Alyandfila,trance,True
https://www.1001tracklists.com/tracklist/2b0c81j9/aly-and-fila-future-sound-of-egypt-829-uplifting-special-2023-10-25.html,Alyandfila,trance,True
https://www.1001tracklists.com/tracklist/fh6qpxt/aly-fila-luminosity-pres.-this-is-trance-panama-amsterdam-dance-event-netherlands-2023-10-20.html,Alyandfila,trance,True
https://www.1001tracklists.com/tracklist/2mbbu1jt/aly-and-fila-future-sound-of-egypt-828-uv-ade-special-2023-10-18.html,Alyandfila,trance,True
https://www.1001tracklists.com/tracklist/13ud82tt/aly-and-fila-future-sound-of-egypt-827-2023-10-11.html,Alyandfila,trance,True
https://www.1001tracklists.com/tracklist/1zsf2x01/aly-and-fila-future-sound-of-egypt-826-2023-10-04.html,Alyandfila,trance,True
https://www.1001tracklists.com/tracklist/dk7flb1/aly-and-fila-future-sound-of-egypt-825-2023-09-27.html,Alyandfila,trance,True
https://www.1001tracklists.com/tracklist/1031cylk/aly-and-fila-future-sound-of-egypt-824-2023-09-20.html,Alyandfila,trance,True
https://www.1001tracklists.com/tracklist/20q2sjst/aly-and-fila-future-sound-of-egypt-823-2023-09-13.html,Alyandfila,trance,True
https://www.1001tracklists.com/tracklist/1rd0ug61/aly-and-fila-future-sound-of-egypt-822-2023-09-06.html,Alyandfila,trance,True
https://www.1001tracklists.com/tracklist/1s9tdrt1/aly-and-fila-future-sound-of-egypt-821-2023-08-30.html,Alyandfila,trance,True
https://www.1001tracklists.com/tracklist/2vq6vlvt/aly-and-fila-future-sound-of-egypt-819-2023-08-16.html,Alyandfila,trance,True
https://www.1001tracklists.com/tracklist/1gzpd95k/aly-and-fila-future-sound-of-egypt-818-2023-08-09.html,Alyandfila,trance,True
https://www.1001tracklists.com/tracklist/110m1yct/aly-and-fila-future-sound-of-egypt-817-2023-08-02.html,Alyandfila,trance,True
https://www.1001tracklists.com/tracklist/l3r4b9t/aly-and-fila-future-sound-of-egypt-816-2023-07-26.html,Alyandfila,trance,True
https://www.1001tracklists.com/tracklist/bp9cmlt/aly-and-fila-fsoe-stage-sunrise-festival-poland-2023-07-21.html,Alyandfila,trance,True
https://www.1001tracklists.com/tracklist/24f0hq9k/aly-and-fila-future-sound-of-egypt-815-2023-07-19.html,Alyandfila,trance,True
https://www.1001tracklists.com/tracklist/2ryukupt/aly-and-fila-future-sound-of-egypt-814-2023-07-12.html,Alyandfila,trance,True
https://www.1001tracklists.com/tracklist/12w1xsgk/aly-and-fila-future-sound-of-egypt-813-2023-07-05.html,Alyandfila,trance,True
https://www.1001tracklists.com/tracklist/1hx877lk/aly-and-fila-future-sound-of-egypt-812-2023-06-28.html,Alyandfila,trance,True
https://www.1001tracklists.com/tracklist/1pj1rxh1/aly-fila-mainstage-beach-luminosity-beach-festival-netherlands-2023-06-25.html,Alyandfila,trance,True
https://www.1001tracklists.com/tracklist/18gtq1p1/aly-and-fila-dj-th-future-sound-of-egypt-811-2023-06-21.html,Alyandfila,trance,True
https://www.1001tracklists.com/tracklist/y6y4gz9/aly-and-fila-future-sound-of-egypt-810-2023-06-14.html,Alyandfila,trance,True
https://www.1001tracklists.com/tracklist/2wmp31kk/aly-and-fila-future-sound-of-egypt-809-2023-06-07.html,Alyandfila,trance,True
https://www.1001tracklists.com/tracklist/2jj694q1/aly-and-fila-future-sound-of-egypt-808-2023-05-31.html,Alyandfila,trance,True
https://www.1001tracklists.com/tracklist/2q2zby0k/aly-and-fila-future-sound-of-egypt-807-2023-05-24.html,Alyandfila,trance,True
https://www.1001tracklists.com/tracklist/h9z266t/aly-and-fila-future-sound-of-egypt-806-2023-05-17.html,Alyandfila,trance,True
https://www.1001tracklists.com/tracklist/1phuqpgt/aly-and-fila-future-sound-of-egypt-805-2023-05-10.html,Alyandfila,trance,True
https://www.1001tracklists.com/tracklist/nwuww8k/aly-and-fila-iluminati-zillion-club-belgium-2023-05-05.html,Alyandfila,trance,True
https://www.1001tracklists.com/tracklist/1xw0r3w9/aly-and-fila-future-sound-of-egypt-804-2023-05-03.html,Alyandfila,trance,True
https://www.1001tracklists.com/tracklist/1c7y39r9/aly-and-fila-future-sound-of-egypt-803-2023-04-26.html,Alyandfila,trance,True
https://www.1001tracklists.com/tracklist/1wy4wkd1/aly-and-fila-future-sound-of-egypt-802-2023-04-19.html,Alyandfila,trance,True
https://www.1001tracklists.com/tracklist/24dhcv1k/aly-and-fila-future-sound-of-egypt-799-2023-03-29.html,Alyandfila,trance,True
https://www.1001tracklists.com/tracklist/15nyx471/aly-and-fila-future-sound-of-egypt-798-2023-03-22.html,Alyandfila,trance,True
https://www.1001tracklists.com/tracklist/2cuvj139/aly-and-fila-luxe-club-singapore-2023-03-18.html,Alyandfila,trance,True
https://www.1001tracklists.com/tracklist/14r45b0k/aly-and-fila-future-sound-of-egypt-797-2023-03-15.html,Alyandfila,trance,True
https://www.1001tracklists.com/tracklist/2cutg9lt/aly-and-fila-future-sound-of-egypt-796-2023-03-08.html,Alyandfila,trance,True
https://www.1001tracklists.com/tracklist/23gkblu9/aly-and-fila-future-sound-of-egypt-795-2023-03-01.html,Alyandfila,trance,True
https://www.1001tracklists.com/tracklist/1qf8t211/aly-and-fila-future-sound-of-egypt-794-2023-02-22.html,Alyandfila,trance,True
https://www.1001tracklists.com/tracklist/1w01pclk/aly-fila-unkonscious-beach-festival-2023-thailand-2023-02-09.html,Alyandfila,trance,True
https://www.1001tracklists.com/tracklist/2kfh73k9/aly-and-fila-future-sound-of-egypt-792-2023-02-08.html,Alyandfila,trance,True
https://www.1001tracklists.com/tracklist/j791q9t/aly-and-fila-future-sound-of-egypt-791-2023-02-01.html,Alyandfila,trance,True
https://www.1001tracklists.com/tracklist/rpn64rk/aly-and-fila-future-sound-of-egypt-789-2023-01-18.html,Alyandfila,trance,True
https://www.1001tracklists.com/tracklist/19cv0qd1/aly-and-fila-future-sound-of-egypt-788-2023-01-11.html,Alyandfila,trance,True
https://www.1001tracklists.com/tracklist/11xdkzkt/aly-and-fila-future-sound-of-egypt-787-end-of-year-review-part-3-2023-01-04.html,Alyandfila,trance,True
https://www.1001tracklists.com/tracklist/283835bt/aly-and-fila-future-sound-of-egypt-786-end-of-year-review-part-2-2022-12-28.html,Alyandfila,trance,True
https://www.1001tracklists.com/tracklist/l2pvb79/aly-and-fila-future-sound-of-egypt-785-end-of-year-review-part-1-2022-12-21.html,Alyandfila,trance,True
https://www.1001tracklists.com/tracklist/15nh1h39/aly-and-fila-future-sound-of-egypt-783-2022-12-07.html,Alyandfila,trance,True
https://www.1001tracklists.com/tracklist/1vzq6u2t/aly-and-fila-future-sound-of-egypt-782-2022-11-30.html,Alyandfila,trance,True
https://www.1001tracklists.com/tracklist/x86j5sk/aly-and-fila-seventy-seven-hamilton-canada-2022-11-26.html,Alyandfila,trance,True
https://www.1001tracklists.com/tracklist/1gyfu2mt/aly-and-fila-future-sound-of-egypt-781-2022-11-23.html,Alyandfila,trance,True
https://www.1001tracklists.com/tracklist/11x5clj9/aly-and-fila-xijaro-and-pitch-future-sound-of-egypt-780-2022-11-16.html,Alyandfila,trance,True
https://www.1001tracklists.com/tracklist/21lfc6l9/aly-and-fila-future-sound-of-egypt-779-2022-11-09.html,Alyandfila,trance,True
https://www.1001tracklists.com/tracklist/1b9bduw9/aly-and-fila-future-sound-of-egypt-778-2022-11-02.html,Alyandfila,trance,True
https://www.1001tracklists.com/tracklist/22j4wjj1/aly-and-fila-future-sound-of-egypt-777-2022-10-26.html,Alyandfila,trance,True
https://www.1001tracklists.com/tracklist/259kk2c9/aly-and-fila-luminosity-pres.-this-is-trance-panama-amsterdam-dance-event-netherlands-2022-10-21.html,Alyandfila,trance,True
https://www.1001tracklists.com/tracklist/1zqqwnx1/armin-van-buuren-ruben-de-ronde-aly-fila-a-state-of-trance-1091-ade-special-amsterdam-dance-event-netherlands-2022-10-20.html,Alyandfila,trance,True
https://www.1001tracklists.com/tracklist/ckt24kk/aly-and-fila-future-sound-of-egypt-776-2022-10-19.html,Alyandfila,trance,True
https://www.1001tracklists.com/tracklist/1g0fvbmt/aly-and-fila-bryan-kearney-future-sound-of-egypt-775-2022-10-12.html,Alyandfila,trance,True
https://www.1001tracklists.com/tracklist/1mm7k2mt/aly-and-fila-shine-london-printworks-london-united-kingdom-2022-10-07.html,Alyandfila,trance,True
https://www.1001tracklists.com/tracklist/282vjtck/aly-and-fila-daxson-future-sound-of-egypt-774-2022-10-05.html,Alyandfila,trance,True
https://www.1001tracklists.com/tracklist/29yg41qt/aly-and-fila-luxe-club-singapore-2022-09-30.html,Alyandfila,trance,True
https://www.1001tracklists.com/tracklist/12urghd9/aly-and-fila-future-sound-of-egypt-773-2022-09-28.html,Alyandfila,trance,True
https://www.1001tracklists.com/tracklist/274zmhy1/aly-and-fila-future-sound-of-egypt-772-celebrating-650-label-releases-2022-09-21.html,Alyandfila,trance,True
https://www.1001tracklists.com/tracklist/y5nvr9t/aly-and-fila-future-sound-of-egypt-771-2022-09-14.html,Alyandfila,trance,True
https://www.1001tracklists.com/tracklist/j6lvrkt/aly-and-fila-new-dance-order-stage-rock-in-rio-brazil-2022-09-09.html,Alyandfila,trance,True
https://www.1001tracklists.com/tracklist/1c6v1n5k/aly-and-fila-future-sound-of-egypt-770-2022-09-07.html,Alyandfila,trance,True
https://www.1001tracklists.com/tracklist/2598lmck/aly-and-fila-future-sound-of-egypt-769-2022-08-31.html,Alyandfila,trance,True
https://www.1001tracklists.com/tracklist/2uqpy439/aly-and-fila-future-sound-of-egypt-768-2022-08-24.html,Alyandfila,trance,True
https://www.1001tracklists.com/tracklist/1f2bmq5k/aly-and-fila-future-sound-of-egypt-767-2022-08-17.html,Alyandfila,trance,True
https://www.1001tracklists.com/tracklist/1mm7t4ft/aly-and-fila-stereo-live-houston-united-states-2022-08-12.html,Alyandfila,trance,True
https://www.1001tracklists.com/tracklist/nvfrs41/aly-and-fila-future-sound-of-egypt-766-2022-08-10.html,Alyandfila,trance,True
https://www.1001tracklists.com/tracklist/h8q7kqt/aly-and-fila-open-air-floor-nature-one-germany-2022-08-06.html,Alyandfila,trance,True
https://www.1001tracklists.com/tracklist/l1zwnw1/aly-and-fila-fortune-stage-untold-festival-romania-2022-08-05.html,Alyandfila,trance,True
https://www.1001tracklists.com/tracklist/1njpc2n9/aly-and-fila-future-sound-of-egypt-765-2022-08-03.html,Alyandfila,trance,True
https://www.1001tracklists.com/tracklist/2kdhvv1k/aly-and-fila-future-sound-of-egypt-764-2022-07-27.html,Alyandfila,trance,True
https://www.1001tracklists.com/tracklist/vcxdrjk/aly-and-fila-future-sound-of-egypt-763-2022-07-20.html,Alyandfila,trance,True
https://www.1001tracklists.com/tracklist/y592us9/aly-and-fila-1001tracklists-exclusive-mix-2022-07-14.html,Alyandfila,trance,True
https://www.1001tracklists.com/tracklist/slgzs01/aly-and-fila-future-sound-of-egypt-762-2022-07-13.html,Alyandfila,trance,True
https://www.1001tracklists.com/tracklist/266rdgx1/aly-and-fila-future-sound-of-egypt-761-2022-07-06.html,Alyandfila,trance,True
https://www.1001tracklists.com/tracklist/1s7pbz9t/armin-van-buuren-ruben-de-ronde-aly-and-fila-a-state-of-trance-1075-2022-06-30.html,Alyandfila,trance,True
https://www.1001tracklists.com/tracklist/nv5ldv1/aly-and-fila-future-sound-of-egypt-760-2022-06-29.html,Alyandfila,trance,True
https://www.1001tracklists.com/tracklist/1jt6vk1k/aly-and-fila-mainstage-beach-luminosity-beach-festival-netherlands-2022-06-24.html,Alyandfila,trance,True
https://www.1001tracklists.com/tracklist/2p3hqzd1/aly-and-fila-future-sound-of-egypt-759-2022-06-22.html,Alyandfila,trance,True
https://www.1001tracklists.com/tracklist/1zpzzlwt/aly-and-fila-future-sound-of-egypt-758-2022-06-15.html,Alyandfila,trance,True
https://www.1001tracklists.com/tracklist/1lnr7qzk/aly-and-fila-future-sound-of-egypt-757-2022-06-08.html,Alyandfila,trance,True
https://www.1001tracklists.com/tracklist/2dr4ygrt/aly-and-fila-future-sound-of-egypt-756-2022-06-01.html,Alyandfila,trance,True
https://www.1001tracklists.com/tracklist/2dr3tyst/aly-and-fila-ciaran-mcauley-future-sound-of-egypt-755-2022-05-25.html,Alyandfila,trance,True
https://www.1001tracklists.com/tracklist/k3wdd21/aly-and-fila-quantumvalley-edc-las-vegas-united-states-2022-05-21.html,Alyandfila,trance,True
https://www.1001tracklists.com/tracklist/266gvmgt/aly-and-fila-future-sound-of-egypt-754-2022-05-18.html,Alyandfila,trance,True
https://www.1001tracklists.com/tracklist/1hv5b6w9/aly-and-fila-future-sound-of-egypt-753-2022-05-11.html,Alyandfila,trance,True
https://www.1001tracklists.com/tracklist/15m9sddk/aly-and-fila-future-sound-of-egypt-752-2022-05-04.html,Alyandfila,trance,True
https://www.1001tracklists.com/tracklist/281xu5g1/aly-and-fila-dreamstate-europe-arena-gliwice-poland-2022-04-23.html,Alyandfila,trance,True
https://www.1001tracklists.com/tracklist/gb45qgt/aly-and-fila-umf-radio-674-2022-04-13.html,Alyandfila,trance,True
https://www.1001tracklists.com/tracklist/gb82brt/aly-and-fila-elysium-greenwood-hotel-sydney-australia-2022-04-09.html,Alyandfila,trance,True
https://www.1001tracklists.com/tracklist/1b8549s1/aly-and-fila-future-sound-of-egypt-748-2022-04-06.html,Alyandfila,trance,True
https://www.1001tracklists.com/tracklist/11vwt9lt/aly-and-fila-future-sound-of-egypt-747-2022-03-30.html,Alyandfila,trance,True
https://www.1001tracklists.com/tracklist/rn1jzt1/aly-and-fila-asot-10th-anniversary-worldwide-stage-ultra-music-festival-miami-united-states-2022-03-25.html,Alyandfila,trance,True
https://www.1001tracklists.com/tracklist/1fz9d5zk/aly-and-fila-future-sound-of-egypt-746-2022-03-23.html,Alyandfila,trance,True
https://www.1001tracklists.com/tracklist/vc6gu59/aly-and-fila-future-sound-of-egypt-745-2022-03-16.html,Alyandfila,trance,True
https://www.1001tracklists.com/tracklist/psc1dx9/aly-and-fila-future-sound-of-egypt-744-2022-03-09.html,Alyandfila,trance,True
https://www.1001tracklists.com/tracklist/1nhszvd9/aly-and-fila-future-sound-of-egypt-743-2022-03-02.html,Alyandfila,trance,True
https://www.1001tracklists.com/tracklist/1kqblg69/aly-and-fila-future-sound-of-egypt-742-2022-02-23.html,Alyandfila,trance,True
https://www.1001tracklists.com/tracklist/w8uq3jk/aly-and-fila-future-sound-of-egypt-741-2022-02-16.html,Alyandfila,trance,True
https://www.1001tracklists.com/tracklist/273q9s19/aly-and-fila-future-sound-of-egypt-740-2022-02-09.html,Alyandfila,trance,True
https://www.1001tracklists.com/tracklist/2csp5dm1/aly-and-fila-future-sound-of-egypt-739-2022-02-02.html,Alyandfila,trance,True
https://www.1001tracklists.com/tracklist/2csmz5y1/aly-and-fila-future-sound-of-egypt-738-2022-01-26.html,Alyandfila,trance,True
https://www.1001tracklists.com/tracklist/m73rdn1/andy-c-worldwide-stage-ultra-music-festival-miami-united-states-2026-03-29.html,Andyc,drum and base,True
https://www.1001tracklists.com/tracklist/2gtrnrs1/andy-c-quarantine-zone-apocalypse-zombieland-queen-mary-waterfront-united-states-2025-11-29.html,Andyc,drum and base,True
https://www.1001tracklists.com/tracklist/pzwx0w9/andy-c-30-years-of-the-end-koko-london-united-kingdom-2025-10-12.html,Andyc,drum and base,True
https://www.1001tracklists.com/tracklist/1rjhfjrt/andy-c-boiler-room-london-2025-09-25.html,Andyc,drum and base,True
https://www.1001tracklists.com/tracklist/1lujs5t1/andy-c-basspod-edc-las-vegas-united-states-2025-05-16.html,Andyc,drum and base,True
https://www.1001tracklists.com/tracklist/25g8jvk9/andy-c-worldwide-stage-ultra-music-festival-miami-united-states-2025-03-30.html,Andyc,drum and base,True
https://www.1001tracklists.com/tracklist/1j0jwu39/charlie-hedges-andy-c-bbc-radio-1-dance-anthems-2025-02-08.html,Andyc,drum and base,True
https://www.1001tracklists.com/tracklist/2grtl1k1/andy-c-umf-radio-816-2024-12-31.html,Andyc,drum and base,True
https://www.1001tracklists.com/tracklist/105h1vf1/andy-c-deadmau5-the-containment-zone-apocalypse-zombieland-queen-mary-waterfront-united-states-2024-11-29.html,Andyc,drum and base,True
https://www.1001tracklists.com/tracklist/2p89ygxk/charlie-tee-andy-c-euphonique-martha-drum-bass-show-2024-11-23.html,Andyc,drum and base,True
https://www.1001tracklists.com/tracklist/1v4l5yqt/andy-c-dnb-allstars-360-2024-04-25.html,Andyc,drum and base,True
https://www.1001tracklists.com/tracklist/2mc6wdm1/andy-c-worldwide-stage-ultra-music-festival-miami-united-states-2024-03-24.html,Andyc,drum and base,True
https://www.1001tracklists.com/tracklist/wdvzru1/andy-c-mad-hatters-castle-beyond-wonderland-nos-events-center-san-bernardino-united-states-2024-03-23.html,Andyc,drum and base,True
https://www.1001tracklists.com/tracklist/1hx22nl1/andy-c-basspod-edc-las-vegas-united-states-2023-05-19.html,Andyc,drum and base,True
https://www.1001tracklists.com/tracklist/1phktw5t/andy-c-rampage-total-takeover-belgium-2023-03-11.html,Andyc,drum and base,True
https://www.1001tracklists.com/tracklist/mxrn251/rene-lavice-andy-c-goldie-radio-1s-drum-bass-show-final-show-2022-08-30.html,Andyc,drum and base,True
https://www.1001tracklists.com/tracklist/1kr297g9/andy-c-moon-stage-rampage-open-air-belgium-2022-07-01.html,Andyc,drum and base,True
https://www.1001tracklists.com/tracklist/1s7btv71/andy-c-bbc-radio-1-residency-2022-04-28.html,Andyc,drum and base,True
https://www.1001tracklists.com/tracklist/1jswszs9/andy-c-bbc-radio-1-residency-2022-04-21.html,Andyc,drum and base,True
https://www.1001tracklists.com/tracklist/2dqytc41/andy-c-bbc-radio-1-residency-2022-04-14.html,Andyc,drum and base,True
https://www.1001tracklists.com/tracklist/16k23fl1/andy-c-bbc-radio-1-residency-2022-04-07.html,Andyc,drum and base,True
https://www.1001tracklists.com/tracklist/2fn15d6k/danny-howard-jodie-harsh-mk-dance-party-2021-12-24.html,Andyc,drum and base,True
https://www.1001tracklists.com/tracklist/2qv21n29/andy-c-ukf-on-air-one7four-stream-dandbtv-locked-in-united-kingdom-2020-06-12.html,Andyc,drum and base,True
https://www.1001tracklists.com/tracklist/2pw0t2m9/andy-c-bbc-radio-1-essential-mix-2019-06-01.html,Andyc,drum and base,True
https://www.1001tracklists.com/tracklist/tbumn11/andy-c-basspod-edc-las-vegas-united-states-2019-05-17.html,Andyc,drum and base,True
https://www.1001tracklists.com/tracklist/2gff9t3k/andy-c-rampage-sportpaleis-antwerp-belgium-2019-03-30.html,Andyc,drum and base,True
https://www.1001tracklists.com/tracklist/2tppcmlk/andy-c-the-exchange-los-angeles-united-states-2018-11-28.html,Andyc,drum and base,True
https://www.1001tracklists.com/tracklist/2k5n1x3k/andy-c-rampage-belgium-2018-03-02.html,Andyc,drum and base,True
https://www.1001tracklists.com/tracklist/1zgj7l0k/andy-c-beats-1-radio-residency-2017-03-25.html,Andyc,drum and base,True
https://www.1001tracklists.com/tracklist/219zm8wk/andy-c-residency-xoyo-london-united-kingdom-2017-02-03.html,Andyc,drum and base,True
https://www.1001tracklists.com/tracklist/2nvsyyjt/andy-c-beats-1-radio-residency-2017-01-14.html,Andyc,drum and base,True
https://www.1001tracklists.com/tracklist/1cwghrbk/andy-c-welcome-to-2017-beats-1-mix-2017-01-01.html,Andyc,drum and base,True
https://www.1001tracklists.com/tracklist/w131nj9/andy-c-dj-isaac-night-owl-radio-028-2016-03-06.html,Andyc,drum and base,True
https://www.1001tracklists.com/tracklist/4ghmlz1/andy-c-worldwide-stage-ultra-europe-croatia-2015-07-10.html,Andyc,drum and base,True
https://www.1001tracklists.com/tracklist/82pq5fk/friction-andy-c-spor-hell-stage-glastonbury-festival-united-kingdom-radio-1s-essential-mix-2015-06-27.html,Andyc,drum and base,True
https://www.1001tracklists.com/tracklist/6b1bnz9/andy-c-basspod-edc-las-vegas-united-states-2015-06-19.html,Andyc,drum and base,True
https://www.1001tracklists.com/tracklist/1nfj1rz9/andy-c-circuitgrounds-edc-mexico-2015-02-28.html,Andyc,drum and base,True
https://www.1001tracklists.com/tracklist/1yl50zk/12th-planet-andy-c-umf-radio-303-ultra-music-festival-miami-united-states-2015-02-27.html,Andyc,drum and base,True
https://www.1001tracklists.com/tracklist/2ymkstk/andy-c-all-night-mix-2014-2014-11-01.html,Andyc,drum and base,True
https://www.1001tracklists.com/tracklist/779m2d1/danny-howard-don-diablo-andy-c-bbc-radio-1-dance-anthems-2014-10-11.html,Andyc,drum and base,True
https://www.1001tracklists.com/tracklist/3b44jg1/annie-mac-andy-c-friend-within-annie-mac-radio-show-2014-10-10.html,Andyc,drum and base,True
https://www.1001tracklists.com/tracklist/ul6sbp1/andy-c-12th-planet-umf-radio-259-recorded-live-at-ultra-2014-04-25.html,Andyc,drum and base,True
https://www.1001tracklists.com/tracklist/8tk4y0t/andy-c-worldwide-stage-ultra-music-festival-miami-united-states-2014-03-28.html,Andyc,drum and base,True
https://www.1001tracklists.com/tracklist/1zywlkt/danny-howard-andy-c-bbc-radio-1-dance-anthems-2014-03-22.html,Andyc,drum and base,True
https://www.1001tracklists.com/tracklist/7vfqfv9/annie-mac-friend-within-andy-c-annie-mac-radio-show-2013-10-11.html,Andyc,drum and base,True
https://www.1001tracklists.com/tracklist/7d71jv1/andy-c-worldwide-stage-ultra-music-festival-miami-united-states-2013-03-23.html,Andyc,drum and base,True
https://www.1001tracklists.com/tracklist/38srj69/andy-c-bbc-radio-1-hackney-weekend-hackney-marshes-united-kingdom-2012-06-24.html,Andyc,drum and base,True
https://www.1001tracklists.com/tracklist/2785195k/andy-c-detonate-rock-city-nottingham-united-kingdom-2005-05-01.html,Andyc,drum and base,True
https://www.1001tracklists.com/tracklist/4yzhts1/andy-c-bbc-radio-1-essential-mix-2005-05-01.html,Andyc,drum and base,True
https://www.1001tracklists.com/tracklist/1b1zg29k/andy-c-mc-skibadee-phaze-club-germany-2003-07-11.html,Andyc,drum and base,True
https://www.1001tracklists.com/tracklist/1pchk3t9/andy-c-the-millennium-celebration-rex-music-arena-london-united-kingdom-1999-12-31.html,Andyc,drum and base,True
https://www.1001tracklists.com/tracklist/bj822nk/andy-c-one-nation-and-warning-rex-music-arena-london-united-kingdom-1999-10-02.html,Andyc,drum and base,True
https://www.1001tracklists.com/tracklist/gjsb6w9/calibre-lunar-stage-liquicity-festival-netherlands-2025-07-26.html,Calibre,drum and base,True
https://www.1001tracklists.com/tracklist/2tv8p63t/calibre-dekmantel-festival-netherlands-2023-08-06.html,Calibre,drum and base,True
https://www.1001tracklists.com/tracklist/15p7suc1/bou-sabrina-calibre-charlie-tee-drum-bass-show-2023-05-20.html,Calibre,drum and base,True
https://www.1001tracklists.com/tracklist/1t6lubv1/calibre-boiler-room-amsterdam-2023-02-01.html,Calibre,drum and base,True
https://www.1001tracklists.com/tracklist/10y8rznk/calibre-hor-berlin-2021-07-08.html,Calibre,drum and base,True
https://www.1001tracklists.com/tracklist/pqblg8k/calibre-sherelle-bbc-radio-1-residency-2021-03-22.html,Calibre,drum and base,True
https://www.1001tracklists.com/tracklist/1t2j7q1k/calibre-resident-advisor-podcast-765-2021-02-01.html,Calibre,drum and base,True
https://www.1001tracklists.com/tracklist/cdvv0gk/calibre-cologne-mix-2020-03-25.html,Calibre,drum and base,True
https://www.1001tracklists.com/tracklist/1czn62z9/calibre-crack-magazine-sunday-mix-2020-01-19.html,Calibre,drum and base,True
https://www.1001tracklists.com/tracklist/1czjkkhk/calibre-the-monday-is-okay-2019-12-02.html,Calibre,drum and base,True
https://www.1001tracklists.com/tracklist/1lfhqwyk/calibre-bbc-radio-1-essential-mix-2017-07-01.html,Calibre,drum and base,True
https://www.1001tracklists.com/tracklist/20cszbn1/calibre-solar-stage-liquicity-festival-netherlands-2016-07-24.html,Calibre,drum and base,True
https://www.1001tracklists.com/tracklist/2l1qhhg1/calibre-sunandbass-podcast-32-2014-12-28.html,Calibre,drum and base,True
https://www.1001tracklists.com/tracklist/u680hzt/calibre-craig-richards-mixmag-the-lab-london-united-kingdom-2014-03-07.html,Calibre,drum and base,True
https://www.1001tracklists.com/tracklist/4m8nuw9/friction-nulogic-camo-krooked-bbc-radio-1-best-guest-mixes-2013-2014-01-05.html,Calibre,drum and base,True
https://www.1001tracklists.com/tracklist/6kk2589/friction-calibre-bbc-radio-1-friction-dandb-show-2013-06-16.html,Calibre,drum and base,True
https://www.1001tracklists.com/tracklist/248f126k/calibre-jazz-upstairs-weekender-guru-bar-athens-greece-2007-11-30.html,Calibre,drum and base,True
https://www.1001tracklists.com/tracklist/l60f8dk/calibre-drs-band-on-the-wall-manchester-soulution-signature-records-launch-party-united-kingdom-2003-06-20.html,Calibre,drum and base,True
https://www.1001tracklists.com/tracklist/1kv9g3xt/marcus-intalex-calibre-groovetech-radio-london-2003-03-20.html,Calibre,drum and base,True
https://www.1001tracklists.com/tracklist/2gnu7dg1/ltj-bukem-bbc-radio-1-dance-presents-glastonbury-iicon-stage-glastonbury-festival-united-kingdom-2023-07-15.html,Ltjbukem,drum and base,True
https://www.1001tracklists.com/tracklist/1qftypxk/ltj-bukem-bbc-6-music-exclusive-mix-for-mary-anne-hobbs-2023-06-16.html,Ltjbukem,drum and base,True
https://www.1001tracklists.com/tracklist/2fsq5bfk/ltj-bukem-tipper-friends-spirit-of-the-suwannee-music-park-florida-united-states-2022-04-03.html,Ltjbukem,drum and base,True
https://www.1001tracklists.com/tracklist/k2pxs5t/ltj-bukem-bbc-radio-1-dance-presents-drumandbassarena-2021-11-20.html,Ltjbukem,drum and base,True
https://www.1001tracklists.com/tracklist/9n0s8b1/above-and-beyond-ltj-bukem-group-therapy-radio-455-2021-10-08.html,Ltjbukem,drum and base,True
https://www.1001tracklists.com/tracklist/1xy1r6d9/ltj-bukem-fussy-listener-mix-vol.-2-openlab-radio-2021-05-06.html,Ltjbukem,drum and base,True
https://www.1001tracklists.com/tracklist/16nzvc61/ltj-bukem-fussy-listener-mix-2020-12-23.html,Ltjbukem,drum and base,True
https://www.1001tracklists.com/tracklist/2s1shxzt/ltj-bukem-outlook-festival-croatia-2017-09-08.html,Ltjbukem,drum and base,True
https://www.1001tracklists.com/tracklist/1cb06wy9/ltj-bukem-tipper-friends-spirit-of-the-suwannee-music-park-florida-united-states-2017-05-19.html,Ltjbukem,drum and base,True
https://www.1001tracklists.com/tracklist/2r3ysvnk/ltj-bukem-soundcrash-brooklyn-bowl-promo-mix-2017-02-03.html,Ltjbukem,drum and base,True
https://www.1001tracklists.com/tracklist/1wsscsbt/ltj-bukem-soundcrash-mix-2016-03-01.html,Ltjbukem,drum and base,True
https://www.1001tracklists.com/tracklist/45vgpr1/friction-ltj-bukem-fourward-bbc-radio-1-friction-dandb-show-2015-11-17.html,Ltjbukem,drum and base,True
https://www.1001tracklists.com/tracklist/1wq8c0z9/ltj-bukem-stamina-mc-halle-02-germany-2014-07-05.html,Ltjbukem,drum and base,True
https://www.1001tracklists.com/tracklist/20p2xbjk/ltj-bukem-stamina-mc-bukem-in-session-2014-03-21.html,Ltjbukem,drum and base,True
https://www.1001tracklists.com/tracklist/2kq1vwt/ltj-bukem-mc-conrad-radio-1s-essential-mix-at-20-em-classics-selection-frictions-choice-2013-12-27.html,Ltjbukem,drum and base,True
https://www.1001tracklists.com/tracklist/65ld74k/friction-ltj-bukem-bbc-radio-1-friction-dandb-show-2013-05-26.html,Ltjbukem,drum and base,True
https://www.1001tracklists.com/tracklist/9qfl9k9/ltj-bukem-one-world-bbc-radio-1-2004-08-30.html,Ltjbukem,drum and base,True
https://www.1001tracklists.com/tracklist/1kjgb9rk/ltj-bukem-kiss-fm-1997-04-16.html,Ltjbukem,drum and base,True
https://www.1001tracklists.com/tracklist/2j7zj6s1/ltj-bukem-mc-conrad-radio-1s-essential-mix-1996-03-24.html,Ltjbukem,drum and base,True
https://www.1001tracklists.com/tracklist/2wg2qxdk/ltj-bukem-quest-1994-06-04.html,Ltjbukem,drum and base,True
https://www.1001tracklists.com/tracklist/rklj6w9/ltj-bukem-dance-planet-the-warehouse-plymouth-1993-09-17.html,Ltjbukem,drum and base,True
https://www.1001tracklists.com/tracklist/1rb7p439/ltj-bukem-the-edge-bank-holiday-celebration-saturday-night-special-1993-08-28.html,Ltjbukem,drum and base,True
https://www.1001tracklists.com/tracklist/xg4s65k/ltj-bukem-dreamscape-sanctuary-milton-keynes-england-united-kingdom-1992-05-29.html,Ltjbukem,drum and base,True
https://www.1001tracklists.com/tracklist/1cdsput9/noisia-the-resonance-viii-full-album-2025-09-12.html,Noisia,drum and base,True
https://www.1001tracklists.com/tracklist/1t8yuc21/noisia-the-resonance-vii-full-album-2024-05-02.html,Noisia,drum and base,True
https://www.1001tracklists.com/tracklist/1lqhxj01/noisia-the-resonance-vi-full-album-2023-05-26.html,Noisia,drum and base,True
https://www.1001tracklists.com/tracklist/1zr8rfkt/noisia-the-resonance-v-full-album-2023-02-17.html,Noisia,drum and base,True
https://www.1001tracklists.com/tracklist/ffqktbt/noisia-vision-radio-s02e52-end-of-year-reload-special-2022-12-28.html,Noisia,drum and base,True
https://www.1001tracklists.com/tracklist/23g5jm3t/noisia-vision-radio-s02e50-2022-12-14.html,Noisia,drum and base,True
https://www.1001tracklists.com/tracklist/1f2wcd61/noisia-vision-radio-s02e49-2022-12-07.html,Noisia,drum and base,True
https://www.1001tracklists.com/tracklist/29yr82g1/noisia-vision-radio-s02e48-2022-11-30.html,Noisia,drum and base,True
https://www.1001tracklists.com/tracklist/21lw4l11/noisia-the-resonance-iv-full-album-2022-10-28.html,Noisia,drum and base,True
https://www.1001tracklists.com/tracklist/y5t9y2t/noisia-icicle-vision-radio-s02e41-2022-10-12.html,Noisia,drum and base,True
https://www.1001tracklists.com/tracklist/2qzq7w0t/noisia-icicle-vision-radio-s02e40-2022-10-05.html,Noisia,drum and base,True
https://www.1001tracklists.com/tracklist/2n684j41/noisia-vision-radio-s02e39-2022-09-28.html,Noisia,drum and base,True
https://www.1001tracklists.com/tracklist/21l5lx89/noisia-vision-radio-s02e38-2022-09-21.html,Noisia,drum and base,True
https://www.1001tracklists.com/tracklist/2bw56zpt/noisia-vision-radio-s02e37-2022-09-14.html,Noisia,drum and base,True
https://www.1001tracklists.com/tracklist/1d4nnqm1/noisia-vision-radio-s02e36-2022-09-07.html,Noisia,drum and base,True
https://www.1001tracklists.com/tracklist/2drpx029/noisia-vision-radio-s02e35-2022-08-31.html,Noisia,drum and base,True
https://www.1001tracklists.com/tracklist/y5udqdk/noisia-lowlands-festival-the-last-ever-noisia-show-netherlands-2022-08-21.html,Noisia,drum and base,True
https://www.1001tracklists.com/tracklist/23fkm5p1/noisia-vision-radio-s02e32-2022-08-10.html,Noisia,drum and base,True
https://www.1001tracklists.com/tracklist/12uc36y9/noisia-the-resonance-iii-full-album-2022-07-22.html,Noisia,drum and base,True
https://www.1001tracklists.com/tracklist/2rx23fzt/noisia-vision-radio-s02e29-2022-07-20.html,Noisia,drum and base,True
https://www.1001tracklists.com/tracklist/19bvp43t/noisia-vision-radio-s02e27-the-summer-reload-special-2022-07-06.html,Noisia,drum and base,True
https://www.1001tracklists.com/tracklist/1fzunlrt/noisia-vision-radio-s02e26-2022-06-29.html,Noisia,drum and base,True
https://www.1001tracklists.com/tracklist/2qz2yl3t/noisia-vision-radio-s02e25-2022-06-22.html,Noisia,drum and base,True
https://www.1001tracklists.com/tracklist/2q182bb1/noisia-vision-radio-s02e24-2022-06-15.html,Noisia,drum and base,True
https://www.1001tracklists.com/tracklist/x78n8wt/noisia-vision-radio-s02e23-2022-06-08.html,Noisia,drum and base,True
https://www.1001tracklists.com/tracklist/1ys3v5y1/noisia-vision-radio-s02e22-2022-06-01.html,Noisia,drum and base,True
https://www.1001tracklists.com/tracklist/fdkx1zt/noisia-vision-radio-s02e21-2022-05-25.html,Noisia,drum and base,True
https://www.1001tracklists.com/tracklist/282244h9/noisia-vision-radio-s02e20-2022-05-18.html,Noisia,drum and base,True
https://www.1001tracklists.com/tracklist/24bumhqk/noisia-noisia-invites-2022-final-edition-melkweg-amsterdam-netherlands-2022-05-13.html,Noisia,drum and base,True
https://www.1001tracklists.com/tracklist/nuwzqtt/noisia-closer-full-album-2022-05-12.html,Noisia,drum and base,True
https://www.1001tracklists.com/tracklist/1vylzmst/noisia-vision-radio-s02e19-2022-05-11.html,Noisia,drum and base,True
https://www.1001tracklists.com/tracklist/21kcvxb9/noisia-vision-radio-s02e18-2022-05-04.html,Noisia,drum and base,True
https://www.1001tracklists.com/tracklist/20mjt2lk/noisia-vision-radio-s02e17-2022-04-27.html,Noisia,drum and base,True
https://www.1001tracklists.com/tracklist/1ww91wu9/noisia-vision-radio-s02e16-2022-04-20.html,Noisia,drum and base,True
https://www.1001tracklists.com/tracklist/2n59mx4t/noisia-vision-radio-s02e15-2022-04-13.html,Noisia,drum and base,True
https://www.1001tracklists.com/tracklist/19bch019/noisia-vision-radio-s02e14-2022-04-06.html,Noisia,drum and base,True
https://www.1001tracklists.com/tracklist/20mczsbk/noisia-vision-radio-s02e13-2022-03-30.html,Noisia,drum and base,True
https://www.1001tracklists.com/tracklist/1s73ukqt/noisia-vision-radio-s02e12-2022-03-23.html,Noisia,drum and base,True
https://www.1001tracklists.com/tracklist/thmg71t/noisia-rampage-sportpaleis-antwerp-belgium-2022-03-18.html,Noisia,drum and base,True
https://www.1001tracklists.com/tracklist/2589tpt1/noisia-vision-radio-s02e11-together-with-ukraine-2022-03-16.html,Noisia,drum and base,True
https://www.1001tracklists.com/tracklist/l14b6m1/noisia-vision-radio-s02e10-together-with-ukraine-2022-03-09.html,Noisia,drum and base,True
https://www.1001tracklists.com/tracklist/2p2vl6l1/noisia-vision-radio-s02e09-2022-03-02.html,Noisia,drum and base,True
https://www.1001tracklists.com/tracklist/1xts9341/noisia-vision-radio-s02e08-2022-02-22.html,Noisia,drum and base,True
https://www.1001tracklists.com/tracklist/1v0b9gct/noisia-the-resonance-ii-full-album-2022-02-18.html,Noisia,drum and base,True
https://www.1001tracklists.com/tracklist/j5dv4wk/noisia-vision-radio-s02e07-2022-02-16.html,Noisia,drum and base,True
https://www.1001tracklists.com/tracklist/uf5ty51/noisia-vision-radio-s02e06-2022-02-09.html,Noisia,drum and base,True
https://www.1001tracklists.com/tracklist/qpxnn81/noisia-vision-radio-s02e05-2022-02-02.html,Noisia,drum and base,True
https://www.1001tracklists.com/tracklist/21jtcj99/noisia-vision-radio-s02e04-2022-01-26.html,Noisia,drum and base,True
https://www.1001tracklists.com/tracklist/2hhtg369/noisia-vision-radio-s02e03-2022-01-19.html,Noisia,drum and base,True
https://www.1001tracklists.com/tracklist/2p2kx9tk/noisia-vision-radio-s02e02-2022-01-12.html,Noisia,drum and base,True
https://www.1001tracklists.com/tracklist/265pyhnt/noisia-vision-radio-s02e01-2022-01-05.html,Noisia,drum and base,True
https://www.1001tracklists.com/tracklist/199sdqrt/noisia-vision-radio-s01e52-the-2021-reload-special-2021-12-29.html,Noisia,drum and base,True
https://www.1001tracklists.com/tracklist/zzqk56t/noisia-vision-radio-s01e51-2021-12-22.html,Noisia,drum and base,True
https://www.1001tracklists.com/tracklist/prvs7m1/noisia-the-resonance-i-full-album-2021-12-20.html,Noisia,drum and base,True
https://www.1001tracklists.com/tracklist/2wjtzjpk/noisia-vision-radio-s01e50-2021-12-15.html,Noisia,drum and base,True
https://www.1001tracklists.com/tracklist/2p2c9jgk/noisia-vision-radio-s01e49-2021-12-08.html,Noisia,drum and base,True
https://www.1001tracklists.com/tracklist/11v5zwsk/noisia-vision-radio-s01e48-2021-12-01.html,Noisia,drum and base,True
https://www.1001tracklists.com/tracklist/udtu5w9/noisia-vision-radio-s01e47-2021-11-24.html,Noisia,drum and base,True
https://www.1001tracklists.com/tracklist/15lb3j91/noisia-vision-radio-s01e46-2021-11-17.html,Noisia,drum and base,True
https://www.1001tracklists.com/tracklist/1xt4fv01/noisia-vision-radio-s01e45-2021-11-10.html,Noisia,drum and base,True
https://www.1001tracklists.com/tracklist/2dpxwcu1/noisia-vision-radio-s01e44-2021-11-03.html,Noisia,drum and base,True
https://www.1001tracklists.com/tracklist/249q28p9/noisia-psycho-circus-escape-halloween-nos-events-center-san-bernardino-united-states-2021-10-29.html,Noisia,drum and base,True
https://www.1001tracklists.com/tracklist/y3y7ym1/noisia-noisia-farewell-tour-avant-gardner-new-york-united-states-2021-10-28.html,Noisia,drum and base,True
https://www.1001tracklists.com/tracklist/17ftphc9/noisia-vision-radio-s01e43-2021-10-27.html,Noisia,drum and base,True
https://www.1001tracklists.com/tracklist/20lfnwy9/noisia-vision-radio-s01e42-2021-10-20.html,Noisia,drum and base,True
https://www.1001tracklists.com/tracklist/1s6553gt/noisia-vision-radio-s01e41-2021-10-13.html,Noisia,drum and base,True
https://www.1001tracklists.com/tracklist/tgpu189/noisia-noisia-invites-2021-final-groningen-edition-netherlands-2021-10-09.html,Noisia,drum and base,True
https://www.1001tracklists.com/tracklist/1mk3p1rk/noisia-vision-radio-s01e40-2021-10-06.html,Noisia,drum and base,True
https://www.1001tracklists.com/tracklist/1c4wbudt/noisia-spotify-dj-mix-retrospective-2021-09-29.html,Noisia,drum and base,True
https://www.1001tracklists.com/tracklist/19983ttk/noisia-vision-radio-s01e39-2021-09-29.html,Noisia,drum and base,True
https://www.1001tracklists.com/tracklist/1uzgu8lk/noisia-vision-radio-s01e38-2021-09-22.html,Noisia,drum and base,True
https://www.1001tracklists.com/tracklist/vb4syyk/noisia-vision-radio-s01e37-2021-09-15.html,Noisia,drum and base,True
https://www.1001tracklists.com/tracklist/zz3tcv9/noisia-vision-radio-s01e36-2021-09-08.html,Noisia,drum and base,True
https://www.1001tracklists.com/tracklist/1gvxks31/noisia-vision-radio-s01e35-2021-09-01.html,Noisia,drum and base,True
https://www.1001tracklists.com/tracklist/lxu5fj1/noisia-vision-radio-s01e34-2021-08-25.html,Noisia,drum and base,True
https://www.1001tracklists.com/tracklist/2gk48bpt/noisia-vision-radio-s01e33-2021-08-18.html,Noisia,drum and base,True
https://www.1001tracklists.com/tracklist/1c4x9ktk/noisia-let-it-roll-save-the-rave-czech-republic-2021-08-07.html,Noisia,drum and base,True
https://www.1001tracklists.com/tracklist/2497q8y1/noisia-vision-radio-s01e31-2021-08-04.html,Noisia,drum and base,True
https://www.1001tracklists.com/tracklist/1s5sq8sk/noisia-dj-ride-vision-radio-s01e30-2021-07-28.html,Noisia,drum and base,True
https://www.1001tracklists.com/tracklist/nuwnx39/noisia-vision-radio-s01e29-2021-07-21.html,Noisia,drum and base,True
https://www.1001tracklists.com/tracklist/23cbjqgk/noisia-vision-radio-s01e28-2021-07-14.html,Noisia,drum and base,True
https://www.1001tracklists.com/tracklist/1s5mpr29/noisia-vision-radio-s01e26-2021-06-30.html,Noisia,drum and base,True
https://www.1001tracklists.com/tracklist/16hbg9h1/noisia-vision-radio-s01e25-2021-06-23.html,Noisia,drum and base,True
https://www.1001tracklists.com/tracklist/2crd4dz1/noisia-vision-radio-s01e24-2021-06-16.html,Noisia,drum and base,True
https://www.1001tracklists.com/tracklist/1xs9sm99/noisia-vision-radio-s01e23-2021-06-09.html,Noisia,drum and base,True
https://www.1001tracklists.com/tracklist/ddrnptk/noisia-vision-radio-s01e22-2021-06-02.html,Noisia,drum and base,True
https://www.1001tracklists.com/tracklist/ucrb7qt/noisia-vision-radio-s01e21-2021-05-26.html,Noisia,drum and base,True
https://www.1001tracklists.com/tracklist/18br7zc1/noisia-vision-radio-s02e20-2021-05-19.html,Noisia,drum and base,True
https://www.1001tracklists.com/tracklist/z0p4mu1/noisia-koan-sound-vision-radio-s01e19-2021-05-12.html,Noisia,drum and base,True
https://www.1001tracklists.com/tracklist/2k9y8gm1/noisia-vision-radio-s01e18-2021-05-05.html,Noisia,drum and base,True
https://www.1001tracklists.com/tracklist/1u0v10vt/noisia-vision-radio-s01e17-2021-04-28.html,Noisia,drum and base,True
https://www.1001tracklists.com/tracklist/fbfuzs1/noisia-vision-kingsnight-2021-04-26.html,Noisia,drum and base,True
https://www.1001tracklists.com/tracklist/1hszc6g9/noisia-vision-radio-s01e16-2021-04-21.html,Noisia,drum and base,True
https://www.1001tracklists.com/tracklist/cgnnll1/noisia-vision-radio-s01e15-2021-04-14.html,Noisia,drum and base,True
https://www.1001tracklists.com/tracklist/1knhxdsk/noisia-vision-radio-s01e14-2021-04-07.html,Noisia,drum and base,True
https://www.1001tracklists.com/tracklist/bjs5619/noisia-vision-radio-s01e13-2021-03-31.html,Noisia,drum and base,True
https://www.1001tracklists.com/tracklist/1vw7hff9/noisia-vision-radio-s01e12-2021-03-24.html,Noisia,drum and base,True
https://www.1001tracklists.com/tracklist/1jql1jf9/noisia-vision-radio-s01e11-2021-03-17.html,Noisia,drum and base,True
https://www.1001tracklists.com/tracklist/17dhtkfk/noisia-vision-radio-s01e10-2021-03-10.html,Noisia,drum and base,True
https://www.1001tracklists.com/tracklist/16gnst2t/noisia-vision-radio-s01e09-2021-03-03.html,Noisia,drum and base,True
https://www.1001tracklists.com/tracklist/21gvt6hk/noisia-vision-radio-s01e08-2021-02-24.html,Noisia,drum and base,True
https://www.1001tracklists.com/tracklist/1lkzpuuk/noisia-vision-radio-s01e07-2021-02-17.html,Noisia,drum and base,True
https://www.1001tracklists.com/tracklist/1c3jxlc1/noisia-vision-radio-s01e06-2021-02-09.html,Noisia,drum and base,True
https://www.1001tracklists.com/tracklist/15jpfpzt/noisia-vision-radio-s01e05-2021-02-03.html,Noisia,drum and base,True
https://www.1001tracklists.com/tracklist/29ux6muk/noisia-vision-radio-s01e04-2021-01-27.html,Noisia,drum and base,True
https://www.1001tracklists.com/tracklist/y25c4z1/noisia-vision-radio-s01e03-2021-01-20.html,Noisia,drum and base,True
https://www.1001tracklists.com/tracklist/2bsnk6x9/noisia-vision-radio-s01e02-2021-01-13.html,Noisia,drum and base,True
https://www.1001tracklists.com/tracklist/1pc52051/noisia-vision-radio-s01e01-2021-01-06.html,Noisia,drum and base,True
https://www.1001tracklists.com/tracklist/1q8xcrbt/noisia-noisia-radio-s06e53-the-reload-special-2020-12-30.html,Noisia,drum and base,True
https://www.1001tracklists.com/tracklist/2dn4m8n9/noisia-noisia-radio-s06e52-2020-12-23.html,Noisia,drum and base,True
https://www.1001tracklists.com/tracklist/13ntwyw1/noisia-noisia-radio-s06e51-2020-12-16.html,Noisia,drum and base,True
https://www.1001tracklists.com/tracklist/x453ksk/noisia-noisia-radio-s06e50-2020-12-09.html,Noisia,drum and base,True
https://www.1001tracklists.com/tracklist/1s4dj3ut/noisia-noisia-radio-s06e49-2020-12-02.html,Noisia,drum and base,True
https://www.1001tracklists.com/tracklist/2m4munh9/noisia-noisia-radio-s06e48-2020-11-25.html,Noisia,drum and base,True
https://www.1001tracklists.com/tracklist/g76t6n1/noisia-noisia-radio-s06e47-2020-11-18.html,Noisia,drum and base,True
https://www.1001tracklists.com/tracklist/1kmph8m1/noisia-noisia-radio-s06e46-2020-11-11.html,Noisia,drum and base,True
https://www.1001tracklists.com/tracklist/239w58r9/noisia-noisia-radio-s06e45-2020-11-04.html,Noisia,drum and base,True
https://www.1001tracklists.com/tracklist/28wp0m0t/noisia-noisia-radio-s06e44-2020-10-28.html,Noisia,drum and base,True
https://www.1001tracklists.com/tracklist/239sqrmt/noisia-posij-former-noisia-radio-s06e42-2020-10-14.html,Noisia,drum and base,True
https://www.1001tracklists.com/tracklist/2vjm1kyt/noisia-noisia-radio-s06e41-2020-10-07.html,Noisia,drum and base,True
https://www.1001tracklists.com/tracklist/tdm31xk/noisia-noisia-radio-s06e40-mission-01-special-2020-09-30.html,Noisia,drum and base,True
https://www.1001tracklists.com/tracklist/10uzf7d9/noisia-noisia-radio-s06e39-2020-09-23.html,Noisia,drum and base,True
https://www.1001tracklists.com/tracklist/f925znt/noisia-noisia-radio-s06e37-2020-09-09.html,Noisia,drum and base,True
https://www.1001tracklists.com/tracklist/k07yz5k/noisia-noisia-radio-s06e36-2020-09-02.html,Noisia,drum and base,True
https://www.1001tracklists.com/tracklist/1d0hkkn1/noisia-noisia-radio-s06e35-2020-08-26.html,Noisia,drum and base,True
https://www.1001tracklists.com/tracklist/w5u1xb9/noisia-noisia-radio-s06e34-2020-08-19.html,Noisia,drum and base,True
https://www.1001tracklists.com/tracklist/pp5qmd9/noisia-emperor-noisia-radio-s06e33-2020-08-12.html,Noisia,drum and base,True
https://www.1001tracklists.com/tracklist/1tzfx5rt/noisia-noisia-radio-s06e32-2020-08-05.html,Noisia,drum and base,True
https://www.1001tracklists.com/tracklist/2gh1q3q1/noisia-noisia-radio-s06e31-2020-07-29.html,Noisia,drum and base,True
https://www.1001tracklists.com/tracklist/2dmfh9xk/noisia-noisia-radio-s06e30-2020-07-22.html,Noisia,drum and base,True
https://www.1001tracklists.com/tracklist/w6vgpjk/noisia-noisia-radio-s06e29-2020-07-15.html,Noisia,drum and base,True
https://www.1001tracklists.com/tracklist/2l65wk1k/noisia-forbidden-society-noisia-radio-s06e28-2020-07-08.html,Noisia,drum and base,True
https://www.1001tracklists.com/tracklist/13n14dl9/noisia-noisia-radio-s06e27-2020-07-01.html,Noisia,drum and base,True
https://www.1001tracklists.com/tracklist/2vj4cb3k/noisia-noisia-radio-s06e26-2020-06-24.html,Noisia,drum and base,True
https://www.1001tracklists.com/tracklist/u9xxt3k/noisia-arigto-noisia-radio-s06e25-2020-06-17.html,Noisia,drum and base,True
https://www.1001tracklists.com/tracklist/1hrc7s1k/noisia-noisia-radio-s06e24-2020-06-10.html,Noisia,drum and base,True
https://www.1001tracklists.com/tracklist/1d047qjt/noisia-night-owl-radio-251-2020-06-05.html,Noisia,drum and base,True
https://www.1001tracklists.com/tracklist/1wsjcryk/noisia-noisia-radio-s06e22-2020-05-27.html,Noisia,drum and base,True
https://www.1001tracklists.com/tracklist/j2zzmu1/noisia-mefjus-noisia-radio-s06e21-2020-05-20.html,Noisia,drum and base,True
https://www.1001tracklists.com/tracklist/2cqc4kvk/noisia-synergy-noisia-radio-s06e20-2020-05-13.html,Noisia,drum and base,True
https://www.1001tracklists.com/tracklist/g69bud1/noisia-noisia-radio-s06e19-2020-05-06.html,Noisia,drum and base,True
https://www.1001tracklists.com/tracklist/u9qlxhk/noisia-beatport-live-reconnect-drum-and-bass-2020-05-02.html,Noisia,drum and base,True
https://www.1001tracklists.com/tracklist/w59dmwk/noisia-phace-noisia-radio-s06e18-2020-04-29.html,Noisia,drum and base,True
https://www.1001tracklists.com/tracklist/mt19nl1/noisia-maere-noisia-radio-s06e17-2020-04-22.html,Noisia,drum and base,True
https://www.1001tracklists.com/tracklist/2jb54nb9/noisia-muadeep-noisia-radio-s06e16-2020-04-15.html,Noisia,drum and base,True
https://www.1001tracklists.com/tracklist/1mg82y21/noisia-noisia-radio-s06e15-2020-04-08.html,Noisia,drum and base,True
https://www.1001tracklists.com/tracklist/1ymv73q1/noisia-malux-noisia-radio-s06e14-2020-04-01.html,Noisia,drum and base,True
https://www.1001tracklists.com/tracklist/tcr9swk/noisia-noisia-radio-s06e13-2020-03-25.html,Noisia,drum and base,True
https://www.1001tracklists.com/tracklist/x2x3lt1/noisia-noisia-radio-s06e12-2020-03-18.html,Noisia,drum and base,True
https://www.1001tracklists.com/tracklist/246lsn31/noisia-noisia-radio-s06e11-2020-03-11.html,Noisia,drum and base,True
https://www.1001tracklists.com/tracklist/14k947kt/noisia-proxima-noisia-radio-s06e10-2020-03-04.html,Noisia,drum and base,True
https://www.1001tracklists.com/tracklist/2m3d16h9/noisia-noisia-radio-s06e09-2020-02-26.html,Noisia,drum and base,True
https://www.1001tracklists.com/tracklist/1t0wg7yt/noisia-noisia-radio-s06e08-2020-02-19.html,Noisia,drum and base,True
https://www.1001tracklists.com/tracklist/13mf54jk/noisia-machinedrum-holly-noisia-radio-s06e07-2020-02-12.html,Noisia,drum and base,True
https://www.1001tracklists.com/tracklist/2j9wt8p1/noisia-noisia-radio-s06e06-2020-02-05.html,Noisia,drum and base,True
https://www.1001tracklists.com/tracklist/jzb7sq9/noisia-noisia-radio-s06e05-2020-01-29.html,Noisia,drum and base,True
https://www.1001tracklists.com/tracklist/10ty4891/noisia-noisia-radio-s06e04-2020-01-22.html,Noisia,drum and base,True
https://www.1001tracklists.com/tracklist/rhwscr9/noisia-noisia-radio-s06e03-2020-01-15.html,Noisia,drum and base,True
https://www.1001tracklists.com/tracklist/yy9lxm9/noisia-levela-noisia-radio-s06e02-2020-01-08.html,Noisia,drum and base,True
https://www.1001tracklists.com/tracklist/2l5f3g4k/noisia-noisia-radio-s06e01-2020-01-01.html,Noisia,drum and base,True
https://www.1001tracklists.com/tracklist/2k7lv8x9/noisia-noisia-radio-s05e52-2019-12-25.html,Noisia,drum and base,True
https://www.1001tracklists.com/tracklist/jz6nf99/noisia-noisia-radio-s05e51-2019-12-18.html,Noisia,drum and base,True
https://www.1001tracklists.com/tracklist/kwyyq1k/noisia-noisia-radio-s05e49-2019-12-04.html,Noisia,drum and base,True
https://www.1001tracklists.com/tracklist/1ymgttu9/noisia-noisia-radio-s05e48-2019-11-27.html,Noisia,drum and base,True
https://www.1001tracklists.com/tracklist/1b3tfv21/noisia-noisia-radio-s05e47-2019-11-20.html,Noisia,drum and base,True
https://www.1001tracklists.com/tracklist/2gg220z1/noisia-noisia-radio-s05e46-2019-11-13.html,Noisia,drum and base,True
https://www.1001tracklists.com/tracklist/g5p71t9/noisia-noisia-radio-s05e44-2019-10-30.html,Noisia,drum and base,True
https://www.1001tracklists.com/tracklist/2465sjp9/noisia-noisia-radio-s05e43-2019-10-23.html,Noisia,drum and base,True
https://www.1001tracklists.com/tracklist/2rs09xbk/noisia-noisia-radio-e05e42-2019-10-16.html,Noisia,drum and base,True
https://www.1001tracklists.com/tracklist/y07fnsk/noisia-noisia-radio-s05e40-2019-10-02.html,Noisia,drum and base,True
https://www.1001tracklists.com/tracklist/1s2pmsqt/noisia-noisia-radio-s05e39-2019-09-25.html,Noisia,drum and base,True
https://www.1001tracklists.com/tracklist/27x9hspk/noisia-noisia-radio-s05e38-2019-09-18.html,Noisia,drum and base,True
https://www.1001tracklists.com/tracklist/2388km6t/noisia-noisia-radio-s05e37-2019-09-11.html,Noisia,drum and base,True
https://www.1001tracklists.com/tracklist/27x8b7j1/noisia-noisia-radio-s05e36-2019-09-04.html,Noisia,drum and base,True
https://www.1001tracklists.com/tracklist/2sppv2jt/noisia-noisia-radio-s05e35-2019-08-28.html,Noisia,drum and base,True
https://www.1001tracklists.com/tracklist/28v0r84t/noisia-monoslashpoly-noisia-radio-s05e34-2019-08-21.html,Noisia,drum and base,True
https://www.1001tracklists.com/tracklist/1b3kh8lk/noisia-huxley-anne-noisia-radio-s05e33-2019-08-14.html,Noisia,drum and base,True
https://www.1001tracklists.com/tracklist/16ddqgc9/noisia-mothership-stage-let-it-roll-open-air-czech-republic-2019-08-02.html,Noisia,drum and base,True
https://www.1001tracklists.com/tracklist/2uk6l259/noisia-noisia-radio-s05e31-2019-07-31.html,Noisia,drum and base,True
https://www.1001tracklists.com/tracklist/2dl5gkkk/noisia-noisia-radio-s05e30-2019-07-24.html,Noisia,drum and base,True
https://www.1001tracklists.com/tracklist/1c17xv5t/noisia-noisia-radio-s05e29-2019-07-17.html,Noisia,drum and base,True
https://www.1001tracklists.com/tracklist/ms5g47t/noisia-noisia-radio-s05e28-2019-07-10.html,Noisia,drum and base,True
https://www.1001tracklists.com/tracklist/sh1tcq1/noisia-deadrocks-vi-red-rocks-amphitheatre-united-states-2019-07-06.html,Noisia,drum and base,True
https://www.1001tracklists.com/tracklist/13lt648t/noisia-ivy-lab-two-fingers-noisia-radio-s05e27-2019-07-03.html,Noisia,drum and base,True
https://www.1001tracklists.com/tracklist/2pw2uu3t/noisia-noisia-radio-s05e26-2019-06-26.html,Noisia,drum and base,True
https://www.1001tracklists.com/tracklist/1zjtzpgk/noisia-noisia-radio-s05e25-2019-06-19.html,Noisia,drum and base,True
https://www.1001tracklists.com/tracklist/2cn75gc1/noisia-noisia-radio-s05e24-2019-06-12.html,Noisia,drum and base,True
https://www.1001tracklists.com/tracklist/lu8duh9/noisia-noisia-radio-s05e23-2019-06-05.html,Noisia,drum and base,True
https://www.1001tracklists.com/tracklist/1b39qkm1/noisia-noisia-radio-s05e22-2019-05-29.html,Noisia,drum and base,True
https://www.1001tracklists.com/tracklist/1c12jm7k/noisia-noisia-radio-s05e21-2019-05-22.html,Noisia,drum and base,True
https://www.1001tracklists.com/tracklist/2gfkg6f9/noisia-noisia-radio-s05e20-2019-05-15.html,Noisia,drum and base,True
https://www.1001tracklists.com/tracklist/1vth9tfk/noisia-noisia-radio-s05e19-2019-05-08.html,Noisia,drum and base,True
https://www.1001tracklists.com/tracklist/1t01nplk/noisia-noisia-radio-s05e18-2019-05-01.html,Noisia,drum and base,True
https://www.1001tracklists.com/tracklist/v8nyr5t/rene-lavice-noisia-radio-1s-drum-bass-show-2019-04-30.html,Noisia,drum and base,True
https://www.1001tracklists.com/tracklist/179x0nst/noisia-noisia-invites-kingsnight-groningen-netherlands-2019-04-26.html,Noisia,drum and base,True
https://www.1001tracklists.com/tracklist/rh4pduk/noisia-noisia-radio-s05e17-2019-04-24.html,Noisia,drum and base,True
https://www.1001tracklists.com/tracklist/1nbzyfmk/noisia-noisia-radio-s05e16-2019-04-17.html,Noisia,drum and base,True
https://www.1001tracklists.com/tracklist/jyhpkp9/noisia-noisia-radio-s05e15-2019-04-10.html,Noisia,drum and base,True
https://www.1001tracklists.com/tracklist/27wtsrzt/noisia-noisia-radio-s05e14-2019-04-03.html,Noisia,drum and base,True
https://www.1001tracklists.com/tracklist/kw80091/noisia-noisia-radio-s05e13-2019-03-27.html,Noisia,drum and base,True
https://www.1001tracklists.com/tracklist/2nxztdwk/noisia-noisia-radio-s05e12-2019-03-20.html,Noisia,drum and base,True
https://www.1001tracklists.com/tracklist/mrtvun9/noisia-noisia-radio-s05e11-2019-03-13.html,Noisia,drum and base,True
https://www.1001tracklists.com/tracklist/1b318mwt/noisia-noisia-radio-s05e10-2019-03-06.html,Noisia,drum and base,True
https://www.1001tracklists.com/tracklist/npkyzv9/noisia-noisia-radio-s05e09-2019-02-27.html,Noisia,drum and base,True
https://www.1001tracklists.com/tracklist/1txn45st/noisia-noisia-radio-s05e08-2019-02-20.html,Noisia,drum and base,True
https://www.1001tracklists.com/tracklist/179kyzdk/noisia-methlab-noisia-radio-s05e07-2019-02-13.html,Noisia,drum and base,True
https://www.1001tracklists.com/tracklist/187bx4vt/noisia-noisia-radio-s05e06-2019-02-06.html,Noisia,drum and base,True
https://www.1001tracklists.com/tracklist/v62sq1k/noisia-noisia-radio-s05e05-2019-01-30.html,Noisia,drum and base,True
https://www.1001tracklists.com/tracklist/yx8t1wt/noisia-noisia-radio-s05e04-2019-01-23.html,Noisia,drum and base,True
https://www.1001tracklists.com/tracklist/1p8j5fht/noisia-noisia-radio-s05e03-2019-01-16.html,Noisia,drum and base,True
https://www.1001tracklists.com/tracklist/2tlss2l9/noisia-phace-noisia-radio-s05e02-2019-01-09.html,Noisia,drum and base,True
https://www.1001tracklists.com/tracklist/cccfpc9/noisia-noisia-radio-s05e01-2019-01-02.html,Noisia,drum and base,True
https://www.1001tracklists.com/tracklist/lts24wk/noisia-noisia-radio-s04e52-best-of-2018-2018-12-26.html,Noisia,drum and base,True
https://www.1001tracklists.com/tracklist/f6x9zbk/noisia-dotcrawl-noisia-radio-s04e51-2018-12-19.html,Noisia,drum and base,True
https://www.1001tracklists.com/tracklist/1nblykzt/noisia-noisia-radio-s04e50-2018-12-12.html,Noisia,drum and base,True
https://www.1001tracklists.com/tracklist/j090bd9/noisia-noisia-radio-s04e49-2018-12-05.html,Noisia,drum and base,True
https://www.1001tracklists.com/tracklist/1txd9wzk/annie-nightingale-bad-bunny-noisia-annie-nightingale-show-2018-12-05.html,Noisia,drum and base,True
https://www.1001tracklists.com/tracklist/v5wc0zt/noisia-noisia-radio-s04e48-2018-11-28.html,Noisia,drum and base,True
https://www.1001tracklists.com/tracklist/16chq95t/noisia-noisia-radio-s04e47-2018-11-21.html,Noisia,drum and base,True
https://www.1001tracklists.com/tracklist/1c0ghcqk/noisia-noisia-radio-s04e45-2018-11-07.html,Noisia,drum and base,True
https://www.1001tracklists.com/tracklist/2tlkh4h1/noisia-noisia-radio-s04e44-2018-10-31.html,Noisia,drum and base,True
https://www.1001tracklists.com/tracklist/2j8jkkxk/noisia-korsakov-halloween-indoor-festival-netherlands-2018-10-26.html,Noisia,drum and base,True
https://www.1001tracklists.com/tracklist/229gyyw9/noisia-digital-noisia-radio-s04e43-spirit-tribute-mix-2018-10-24.html,Noisia,drum and base,True
https://www.1001tracklists.com/tracklist/1vsuqdut/noisia-monstercat-label-showcase-melkweg-amsterdam-amsterdam-dance-event-netherlands-2018-10-18.html,Noisia,drum and base,True
https://www.1001tracklists.com/tracklist/2rqws07t/noisia-nickbee-noisia-radio-s04e42-2018-10-17.html,Noisia,drum and base,True
https://www.1001tracklists.com/tracklist/1xnflgg1/gidro-noisia-mark-devite-backstage-166-2018-10-13.html,Noisia,drum and base,True
https://www.1001tracklists.com/tracklist/1vstz0t9/noisia-noisia-radio-s04e41-mechanical-ecstacy-special-2018-10-10.html,Noisia,drum and base,True
https://www.1001tracklists.com/tracklist/x1b3vy1/noisia-noisia-radio-s04e40-2018-10-03.html,Noisia,drum and base,True
https://www.1001tracklists.com/tracklist/2bpmkv9k/noisia-noisia-radio-s04e39-2018-09-26.html,Noisia,drum and base,True
https://www.1001tracklists.com/tracklist/1s1kwsk9/noisia-hospitality-in-the-park-united-kingdom-2018-09-22.html,Noisia,drum and base,True
https://www.1001tracklists.com/tracklist/cc13d0k/noisia-noisia-radio-s04e38-2018-09-19.html,Noisia,drum and base,True
https://www.1001tracklists.com/tracklist/12n27jfk/noisia-noisia-radio-s04e37-2018-09-12.html,Noisia,drum and base,True
https://www.1001tracklists.com/tracklist/bf60j9k/noisia-subp-yao-noisia-radio-s04e36-2018-09-05.html,Noisia,drum and base,True
https://www.1001tracklists.com/tracklist/14hn7kk9/noisia-proxima-what-so-not-noisia-radio-s04e35-2018-08-29.html,Noisia,drum and base,True
https://www.1001tracklists.com/tracklist/f6k0z51/noisia-the-upbeats-noisia-radio-s04e33-2018-08-15.html,Noisia,drum and base,True
https://www.1001tracklists.com/tracklist/1sz6vrqk/noisia-former-noisia-radio-s04e32-2018-08-08.html,Noisia,drum and base,True
https://www.1001tracklists.com/tracklist/2bpn0789/noisia-let-it-roll-open-air-czech-republic-2018-08-04.html,Noisia,drum and base,True
https://www.1001tracklists.com/tracklist/1p7y6lyt/noisia-abstract-elements-noisia-radio-s04e30-2018-07-25.html,Noisia,drum and base,True
https://www.1001tracklists.com/tracklist/x11rk0t/noisia-noisia-radio-s04e29-2018-07-18.html,Noisia,drum and base,True
https://www.1001tracklists.com/tracklist/2j8516u1/noisia-noisia-radio-s04e28-we-are-electric-festival-netherlands-2018-07-10.html,Noisia,drum and base,True
https://www.1001tracklists.com/tracklist/1cxvc1zt/noisia-we-are-electric-festival-netherlands-2018-07-06.html,Noisia,drum and base,True
https://www.1001tracklists.com/tracklist/11q0mp6k/noisia-noisia-radio-s04e27-2018-07-04.html,Noisia,drum and base,True
https://www.1001tracklists.com/tracklist/1s1831h9/noisia-noisia-radio-s04e26-2018-06-27.html,Noisia,drum and base,True
https://www.1001tracklists.com/tracklist/27vvy359/noisia-noisia-radio-s04e25-best-kept-secret-festival-netherlands-2018-06-20.html,Noisia,drum and base,True
https://www.1001tracklists.com/tracklist/1dvlwdwt/noisia-noisia-radio-s04e24-2018-06-13.html,Noisia,drum and base,True
https://www.1001tracklists.com/tracklist/2wchn87t/noisia-noisia-radio-s04e23-2018-06-06.html,Noisia,drum and base,True
https://www.1001tracklists.com/tracklist/jxhf7hk/noisia-noisia-radio-s04e22-2018-05-30.html,Noisia,drum and base,True
https://www.1001tracklists.com/tracklist/1jlrsgnk/noisia-noisia-radio-s04e21-2018-05-23.html,Noisia,drum and base,True
https://www.1001tracklists.com/tracklist/12mq1jxt/noisia-noisia-radio-s04e20-2018-05-16.html,Noisia,drum and base,True
https://www.1001tracklists.com/tracklist/28tl20y9/noisia-noisia-radio-s04e19-2018-05-09.html,Noisia,drum and base,True
https://www.1001tracklists.com/tracklist/1bj0vx1k/sub-focus-main-room-rampage-weekend-sportpaleis-antwerp-belgium-2026-03-07.html,Subfocus,drum and base,True
https://www.1001tracklists.com/tracklist/1g71wvbt/sub-focus-triple-j-friday-mix-2026-02-06.html,Subfocus,drum and base,True
https://www.1001tracklists.com/tracklist/25j04tkk/sub-focus-circuitgrounds-edc-thailand-2026-01-17.html,Subfocus,drum and base,True
https://www.1001tracklists.com/tracklist/1qm2ftkk/sub-focus-nebula-countdown-nye-los-angeles-convention-center-united-states-2025-12-31.html,Subfocus,drum and base,True
https://www.1001tracklists.com/tracklist/1lvv7smt/sub-focus-silo-dallas-united-states-2025-12-29.html,Subfocus,drum and base,True
https://www.1001tracklists.com/tracklist/13yzdxfk/sub-focus-apple-music-mixes-sub-culture-2025-2025-12-26.html,Subfocus,drum and base,True
https://www.1001tracklists.com/tracklist/1sgdlvf9/sub-focus-art-delivery-brno-exhibition-centre-czech-republic-2025-11-15.html,Subfocus,drum and base,True
https://www.1001tracklists.com/tracklist/1g6jkpqt/sub-focus-circuitgrounds-edc-orlando-united-states-2025-11-07.html,Subfocus,drum and base,True
https://www.1001tracklists.com/tracklist/2ux09jzt/sub-focus-scream-halloween-edmonton-expo-centre-canada-2025-10-31.html,Subfocus,drum and base,True
https://www.1001tracklists.com/tracklist/xfytmk9/sub-focus-rc95-iii-points-music-festival-united-states-2025-10-17.html,Subfocus,drum and base,True
https://www.1001tracklists.com/tracklist/1j1x91ct/sub-focus-circular-sound-north-america-shrine-expo-hall-los-angeles-united-states-2025-10-03.html,Subfocus,drum and base,True
https://www.1001tracklists.com/tracklist/kb5r509/sub-focus-arc-stage-creamfields-north-united-kingdom-2025-08-22.html,Subfocus,drum and base,True
https://www.1001tracklists.com/tracklist/1pndz8s9/sub-focus-mainstage-dreambeach-festival-spain-2025-08-08.html,Subfocus,drum and base,True
https://www.1001tracklists.com/tracklist/2vu8n8mk/sub-focus-galaxy-stage-liquicity-festival-netherlands-2025-07-27.html,Subfocus,drum and base,True
https://www.1001tracklists.com/tracklist/18m19299/sub-focus-mainstage-tomorrowland-belgium-2025-07-20.html,Subfocus,drum and base,True
https://www.1001tracklists.com/tracklist/1w4td06t/sub-focus-love-stage-beats-for-love-czech-republic-2025-07-02.html,Subfocus,drum and base,True
https://www.1001tracklists.com/tracklist/1h4l0qn9/sub-focus-iicon-stage-glastonbury-festival-united-kingdom-2025-06-30.html,Subfocus,drum and base,True
https://www.1001tracklists.com/tracklist/18luwgg1/sub-focus-world-stage-world-dj-festival-south-korea-2025-06-15.html,Subfocus,drum and base,True
https://www.1001tracklists.com/tracklist/1u8mvknt/sub-focus-siriusxm-miami-studios-miami-music-week-united-states-2025-03-27.html,Subfocus,drum and base,True
https://www.1001tracklists.com/tracklist/2dwkrkf1/sub-focus-circular-sound-alexandra-palace-london-united-kingdom-2025-03-07.html,Subfocus,drum and base,True
https://www.1001tracklists.com/tracklist/2kk2zqf9/sub-focus-mixmag-the-lab-london-united-kingdom-2024-12-04.html,Subfocus,drum and base,True
https://www.1001tracklists.com/tracklist/24hlzhxt/arielle-free-sub-focus-rave-up-2024-10-31.html,Subfocus,drum and base,True
https://www.1001tracklists.com/tracklist/2b25gd7k/sub-focus-budapest-park-hungary-2024-09-21.html,Subfocus,drum and base,True
https://www.1001tracklists.com/tracklist/12y9rdvt/richard-vission-sub-focus-powertools-mixshow-2024-08-19.html,Subfocus,drum and base,True
https://www.1001tracklists.com/tracklist/2uudn0bk/sub-focus-dimension-neon-stage-ilesoniq-festival-canada-2024-08-10.html,Subfocus,drum and base,True
https://www.1001tracklists.com/tracklist/13w1bhg1/sub-focus-8.08-twitch-united-kingdom-2024-08-08.html,Subfocus,drum and base,True
https://www.1001tracklists.com/tracklist/18k18nhk/sub-focus-green-stage-hard-summer-festival-united-states-2024-08-03.html,Subfocus,drum and base,True
https://www.1001tracklists.com/tracklist/2cxhncdt/sub-focus-the-library-stage-tomorrowland-weekend-1-belgium-2024-07-20.html,Subfocus,drum and base,True
https://www.1001tracklists.com/tracklist/1lsg4ntk/sub-focus-circuitgrounds-edc-las-vegas-united-states-2024-05-19.html,Subfocus,drum and base,True
https://www.1001tracklists.com/tracklist/2p6x5gh9/sub-focus-worship-north-america-mission-ballroom-denver-united-states-2024-03-29.html,Subfocus,drum and base,True
https://www.1001tracklists.com/tracklist/14tbfu59/sub-focus-live-stage-ultra-music-festival-miami-united-states-2024-03-24.html,Subfocus,drum and base,True
https://www.1001tracklists.com/tracklist/2cws5f41/sub-focus-worship-tour-city-national-civic-san-jose-united-states-2024-03-15.html,Subfocus,drum and base,True
https://www.1001tracklists.com/tracklist/12xbnqt9/sub-focus-rampage-weekend-sportpaleis-antwerp-belgium-2024-02-24.html,Subfocus,drum and base,True
https://www.1001tracklists.com/tracklist/17l9fnft/sub-focus-bladerunnaz-25-years-akvarium-klub-budapest-hungary-2024-02-16.html,Subfocus,drum and base,True
https://www.1001tracklists.com/tracklist/gf1u18t/sub-focus-wavhart-night-owl-radio-429-2023-11-03.html,Subfocus,drum and base,True
https://www.1001tracklists.com/tracklist/1pjjzg1t/sub-focus-forest-stage-lost-lands-festival-united-states-2023-09-23.html,Subfocus,drum and base,True
https://www.1001tracklists.com/tracklist/1ktbdgj1/sub-focus-dnb-allstars-360-60-dock-road-london-united-kingdom-2023-09-21.html,Subfocus,drum and base,True
https://www.1001tracklists.com/tracklist/tl6z391/sub-focus-apple-music-mixes-sub-culture-003-2023-08-10.html,Subfocus,drum and base,True
https://www.1001tracklists.com/tracklist/vh4r651/sub-focus-village-stage-shambhala-festival-canada-2023-07-22.html,Subfocus,drum and base,True
https://www.1001tracklists.com/tracklist/2tudyqxt/sub-focus-love-stage-beats-for-love-czech-republic-2023-07-06.html,Subfocus,drum and base,True
https://www.1001tracklists.com/tracklist/nwy24j1/sub-focus-cheshire-woods-beyond-wonderland-the-gorge-amphitheater-george-united-states-2023-06-17.html,Subfocus,drum and base,True
https://www.1001tracklists.com/tracklist/1c830589/sub-focus-dundee-2023-bbc-radio-1-big-weekend-united-kingdom-2023-05-29.html,Subfocus,drum and base,True
https://www.1001tracklists.com/tracklist/24drggg1/annie-nightingale-sub-focus-mat-zo-annie-nightingale-show-2023-05-23.html,Subfocus,drum and base,True
https://www.1001tracklists.com/tracklist/fgj07ut/sub-focus-banquet-records-london-united-kingdom-2023-05-17.html,Subfocus,drum and base,True
https://www.1001tracklists.com/tracklist/clrtu2t/sub-focus-radio-1s-essential-mix-2023-05-13.html,Subfocus,drum and base,True
https://www.1001tracklists.com/tracklist/wc5s9n9/danny-howard-sub-focus-melle-brown-radio-1s-dance-party-2023-05-12.html,Subfocus,drum and base,True
https://www.1001tracklists.com/tracklist/1g1dwmst/sub-focus-charlie-tee-drum-bass-show-2023-05-06.html,Subfocus,drum and base,True
https://www.1001tracklists.com/tracklist/hb2b4d9/sub-focus-dimension-closing-weekend-printworks-london-united-kingdom-2023-04-30.html,Subfocus,drum and base,True
https://www.1001tracklists.com/tracklist/19dgrc19/sub-focus-dimension-snowbombing-austria-2023-04-13.html,Subfocus,drum and base,True
https://www.1001tracklists.com/tracklist/uhbm5mk/sub-focus-circular-sound-ovo-arena-wembley-united-kingdom-2023-03-18.html,Subfocus,drum and base,True
https://www.1001tracklists.com/tracklist/2kfngc39/sub-focus-mc-id-liberty-hall-sidney-australia-2023-02-24.html,Subfocus,drum and base,True
https://www.1001tracklists.com/tracklist/1vzthknt/sub-focus-apple-music-mixes-nye-2023-2022-12-23.html,Subfocus,drum and base,True
https://www.1001tracklists.com/tracklist/2suzub61/sub-focus-mothership-stage-let-it-roll-open-air-czech-republic-2022-08-06.html,Subfocus,drum and base,True
https://www.1001tracklists.com/tracklist/2ctsqxyt/sub-focus-zeds-dead-green-stage-hard-summer-festival-united-states-2022-07-30.html,Subfocus,drum and base,True
https://www.1001tracklists.com/tracklist/1c6knckk/annie-nightingale-sub-focus-ilumne-annie-nightingale-show-2022-07-20.html,Subfocus,drum and base,True
https://www.1001tracklists.com/tracklist/259035u1/sub-focus-crystal-garden-stage-tomorrowland-weekend-1-belgium-2022-07-16.html,Subfocus,drum and base,True
https://www.1001tracklists.com/tracklist/2bvkjluk/sub-focus-wilkinson-basspod-edc-las-vegas-united-states-2022-05-20.html,Subfocus,drum and base,True
https://www.1001tracklists.com/tracklist/1jsmrrwt/sub-focus-apple-music-mixes-sub-culture-002-2022-03-04.html,Subfocus,drum and base,True
https://www.1001tracklists.com/tracklist/1pdrgjrt/danny-howard-sub-focus-mollie-collins-radio-1s-dance-party-2021-10-08.html,Subfocus,drum and base,True
https://www.1001tracklists.com/tracklist/2jdyv2u1/danny-howard-raye-wilkinson-sub-focus-radio-1s-dance-party-2021-10-01.html,Subfocus,drum and base,True
https://www.1001tracklists.com/tracklist/k2cpq49/sub-focus-sunken-garden-nocturnal-wonderland-united-states-2021-09-19.html,Subfocus,drum and base,True
https://www.1001tracklists.com/tracklist/vb232x1/rene-lavice-sub-focus-radio-1s-drum-bass-show-2021-08-31.html,Subfocus,drum and base,True
https://www.1001tracklists.com/tracklist/1xsr33r9/sub-focus-sub-culture-001-apple-music-mixes-2021-08-25.html,Subfocus,drum and base,True
https://www.1001tracklists.com/tracklist/255ul521/sub-focus-dimension-george-fm-drive-2021-01-13.html,Subfocus,drum and base,True
https://www.1001tracklists.com/tracklist/1c38v8r1/sub-focus-hidden-valley-festival-new-zealand-2020-12-27.html,Subfocus,drum and base,True
https://www.1001tracklists.com/tracklist/2jc8dm1k/annie-mac-fatboy-slim-sub-focus-wilkinson-annie-mac-friday-night-2020-12-04.html,Subfocus,drum and base,True
https://www.1001tracklists.com/tracklist/g7553n9/sub-focus-wilkinson-triple-j-mix-up-2020-11-07.html,Subfocus,drum and base,True
https://www.1001tracklists.com/tracklist/2ghdrn61/sub-focus-wilkinson-corfe-castle-dorset-united-kingdom-2020-10-14.html,Subfocus,drum and base,True
https://www.1001tracklists.com/tracklist/1mh3dxut/sub-focus-wilkinson-radio-1s-essential-mix-2020-10-10.html,Subfocus,drum and base,True
https://www.1001tracklists.com/tracklist/2ulrblq1/annie-mac-sub-focus-wilkinson-annie-mac-radio-show-2020-09-23.html,Subfocus,drum and base,True
https://www.1001tracklists.com/tracklist/2hf2cj9k/annie-mac-sub-focus-wilkinson-annie-mac-friday-night-2020-09-18.html,Subfocus,drum and base,True
https://www.1001tracklists.com/tracklist/tdhyf71/annie-nightingale-wuki-sub-focus-wilkinson-annie-nightingale-show-2020-09-09.html,Subfocus,drum and base,True
https://www.1001tracklists.com/tracklist/lvm8rv1/sub-focus-ukf-on-air-hyper-vision-united-kingdom-2020-07-03.html,Subfocus,drum and base,True
https://www.1001tracklists.com/tracklist/2brjqkkt/sub-focus-wilkinson-dj-mag-livestream-2020-05-22.html,Subfocus,drum and base,True
https://www.1001tracklists.com/tracklist/188rngn1/sub-focus-wilkinson-ukf-on-air-radio-1-dance-presents-2020-05-01.html,Subfocus,drum and base,True
https://www.1001tracklists.com/tracklist/sg230qk/sub-focus-printworks-stream-united-kingdom-2020-04-25.html,Subfocus,drum and base,True
https://www.1001tracklists.com/tracklist/1hr22xxt/sub-focus-instagram-live-stream-002-united-kingdom-2020-04-11.html,Subfocus,drum and base,True
https://www.1001tracklists.com/tracklist/1ljfu2d1/sub-focus-instagram-live-stream-united-kingdom-2020-03-27.html,Subfocus,drum and base,True
https://www.1001tracklists.com/tracklist/mstf4hk/sub-focus-worship-tour-vancouver-celebrities-underground-canada-2020-02-15.html,Subfocus,drum and base,True
https://www.1001tracklists.com/tracklist/2pwpqv71/sub-focus-radio-record-pirate-station-black-xmas-2019-12-21.html,Subfocus,drum and base,True
https://www.1001tracklists.com/tracklist/1lhj526t/wilkinson-sub-focus-dimension-middlesbrough-bbc-radio-1-big-weekend-united-kingdom-2019-05-24.html,Subfocus,drum and base,True
https://www.1001tracklists.com/tracklist/2j94q0z1/culture-shock-metrik-sub-focus-special-rooftop-set-fabric-london-united-kingdom-2019-05-14.html,Subfocus,drum and base,True
https://www.1001tracklists.com/tracklist/2l4n28g9/sub-focus-wilkinson-rampage-belgium-2019-03-29.html,Subfocus,drum and base,True
https://www.1001tracklists.com/tracklist/u83p63t/annie-mac-sub-focus-dimension-annie-mac-friday-night-2018-12-07.html,Subfocus,drum and base,True
https://www.1001tracklists.com/tracklist/2qt8fdg9/sub-focus-dimension-bbc-radio-1-mini-mix-2018-12-06.html,Subfocus,drum and base,True
https://www.1001tracklists.com/tracklist/2pv7ryvk/knife-party-sub-focus-knifecast-002-2018-09-27.html,Subfocus,drum and base,True
https://www.1001tracklists.com/tracklist/27xnm7pk/sub-focus-pukkelpop-festival-belgium-2018-08-18.html,Subfocus,drum and base,True
https://www.1001tracklists.com/tracklist/1b1yd1ft/wilkinson-sub-focus-the-shard-united-kingdom-2018-03-15.html,Subfocus,drum and base,True
https://www.1001tracklists.com/tracklist/16bvh64t/dimension-sub-focus-warmup-mix-2018-02-20.html,Subfocus,drum and base,True
https://www.1001tracklists.com/tracklist/2h9vhmh9/sub-focus-beats-1-radio-welcome-2018-2018-01-07.html,Subfocus,drum and base,True
https://www.1001tracklists.com/tracklist/11p9shrt/sub-focus-riverside-electric-zoo-new-york-united-states-2017-09-03.html,Subfocus,drum and base,True
https://www.1001tracklists.com/tracklist/1uttkhlk/sub-focus-beats-1-radio-108-2017-07-28.html,Subfocus,drum and base,True
https://www.1001tracklists.com/tracklist/1b19pp4k/annie-nightingale-adair-sub-focus-annie-nightingale-show-2017-07-12.html,Subfocus,drum and base,True
https://www.1001tracklists.com/tracklist/v443vs1/sub-focus-mixmag-the-lab-london-united-kingdom-2017-02-17.html,Subfocus,drum and base,True
https://www.1001tracklists.com/tracklist/10r41s1k/sub-focus-printworks-snowbombing-london-united-kingdom-2017-02-11.html,Subfocus,drum and base,True
https://www.1001tracklists.com/tracklist/29q199n1/annie-mac-dj-haus-uttu-sub-focus-annie-mac-friday-night-2016-11-25.html,Subfocus,drum and base,True
https://www.1001tracklists.com/tracklist/lrt7rw9/sub-focus-the-village-shambhala-festival-canada-2016-08-06.html,Subfocus,drum and base,True
https://www.1001tracklists.com/tracklist/2vcq3091/sub-focus-rampage-sportpaleis-antwerp-belgium-2016-03-12.html,Subfocus,drum and base,True
https://www.1001tracklists.com/tracklist/3qr4bgk/sub-focus-dreambeach-festival-spain-2015-08-08.html,Subfocus,drum and base,True
https://www.1001tracklists.com/tracklist/1fwf5h49/sub-focus-circuitgrounds-edc-uk-2015-07-11.html,Subfocus,drum and base,True
https://www.1001tracklists.com/tracklist/nzl4yy9/sub-focus-sunset-music-festival-united-states-2015-05-24.html,Subfocus,drum and base,True
https://www.1001tracklists.com/tracklist/5p3b86k/annie-nightingale-sub-focus-club-cheval-annie-nightingale-show-2015-05-20.html,Subfocus,drum and base,True
https://www.1001tracklists.com/tracklist/1v541sl1/the-glitch-mob-sub-focus-umf-radio-274-recorded-live-from-ultra-miami-2014-08-08.html,Subfocus,drum and base,True
https://www.1001tracklists.com/tracklist/3yuk0jt/sub-focus-gorgon-city-bbc-radio-1xtra-global-gathering-uk-2014-07-25-2014-07-27.html,Subfocus,drum and base,True
https://www.1001tracklists.com/tracklist/8jvjn5k/sub-focus-tomorrowland-belgium-2014-07-26.html,Subfocus,drum and base,True
https://www.1001tracklists.com/tracklist/1r5d601/sub-focus-bbc-radio-1-big-weekend-2014-05-25.html,Subfocus,drum and base,True
https://www.1001tracklists.com/tracklist/4wfvwq9/danny-howard-sub-focus-bbc-radio-1-dance-anthems-2014-04-26.html,Subfocus,drum and base,True
https://www.1001tracklists.com/tracklist/1d898qfk/sub-focus-live-stage-ultra-music-festival-miami-united-states-2014-03-30.html,Subfocus,drum and base,True
https://www.1001tracklists.com/tracklist/22xlx89/sub-focus-triple-j-mixup-2014-03-08.html,Subfocus,drum and base,True
https://www.1001tracklists.com/tracklist/k85zt7t/sub-focus-flux-pavilion-doctor-p-umf-radio-253-recorded-live-at-ultra-miami-2014-03-07.html,Subfocus,drum and base,True
https://www.1001tracklists.com/tracklist/36kqhvt/danny-howard-sub-focus-bbc-radio-1-dance-anthems-2013-best-of-2013-12-28.html,Subfocus,drum and base,True
https://www.1001tracklists.com/tracklist/6ntd3qt/sub-focus-siriusxm-north-american-tour-promo-mix-2013-12-11.html,Subfocus,drum and base,True
https://www.1001tracklists.com/tracklist/4b6n8ct/sub-focus-roundhouse-london-united-kingdom-2013-10-19.html,Subfocus,drum and base,True
https://www.1001tracklists.com/tracklist/5wuvhq9/sub-focus-bournemouth-international-centre-united-kingdom-2013-10-07.html,Subfocus,drum and base,True
https://www.1001tracklists.com/tracklist/8j927m1/friction-sub-focus-bbc-radio-1-friction-dandb-show-2013-10-06.html,Subfocus,drum and base,True
https://www.1001tracklists.com/tracklist/4170hvk/crissy-criss-break-sub-focus-bbc-radio-1xtra-dandb-m1x-2013-09-25.html,Subfocus,drum and base,True
https://www.1001tracklists.com/tracklist/7vdndzk/annie-mac-mk-sub-focus-annie-mac-radio-show-2013-09-20.html,Subfocus,drum and base,True
https://www.1001tracklists.com/tracklist/6rtpcb9/danny-howard-sub-focus-bbc-radio-1-dance-anthems-2013-08-24.html,Subfocus,drum and base,True
https://www.1001tracklists.com/tracklist/4b1vqk1/sub-focus-bbc-introducing-stage-glastonbury-festival-united-kingdom-2013-06-28.html,Subfocus,drum and base,True
https://www.1001tracklists.com/tracklist/1qj3fu9/sub-focus-bbc-radio-1xtra-2013-05-11.html,Subfocus,drum and base,True
https://www.1001tracklists.com/tracklist/6ubr3b9/sub-focus-worldwide-stage-ultra-music-festival-miami-united-states-2013-03-23.html,Subfocus,drum and base,True
https://www.1001tracklists.com/tracklist/259z439/sub-focus-worldwide-stage-ultra-music-festival-miami-united-states-2013-03-17.html,Subfocus,drum and base,True
https://www.1001tracklists.com/tracklist/57md6k9/annie-mac-wilkinson-sub-focus-monki-annie-mac-radio-show-2013-02-08.html,Subfocus,drum and base,True
https://www.1001tracklists.com/tracklist/6u4sjq1/friction-sub-focus-bbc-radio-1-friction-dandb-show-2012-11-04.html,Subfocus,drum and base,True
https://www.1001tracklists.com/tracklist/1m3tqj1/annie-mac-sub-focus-madeon-annie-mac-radio-show-2012-06-29.html,Subfocus,drum and base,True
https://www.1001tracklists.com/tracklist/8ykqbj9/sub-focus-bbc-radio-1-hackney-weekend-hackney-marshes-united-kingdom-2012-06-24.html,Subfocus,drum and base,True
https://www.1001tracklists.com/tracklist/652x79k/annie-nightingale-sub-focus-dc-breaks-annie-nightingale-show-2012-05-05.html,Subfocus,drum and base,True
https://www.1001tracklists.com/tracklist/6tvqr81/sub-focus-essential-selection-hull-city-hall-bbc-radio-1-2012-01-28.html,Subfocus,drum and base,True
https://www.1001tracklists.com/tracklist/tqkszx1/sub-focus-chess-village-beyond-wonderland-nos-events-center-san-bernardino-united-states-2010-03-20.html,Subfocus,drum and base,True
https://www.1001tracklists.com/tracklist/2p01qyt/sub-focus-panda-mix-show-drum-bass-mix-2009-10-17.html,Subfocus,drum and base,True
https://www.1001tracklists.com/tracklist/6nmxyh1/sub-focus-radio-1s-essential-mix-2009-04-25.html,Subfocus,drum and base,True
https://www.1001tracklists.com/tracklist/2n3fbupt/sub-focus-bassrush-dnbtv-vanguard-los-angeles-united-states-2006-06-21.html,Subfocus,drum and base,True
https://www.1001tracklists.com/tracklist/ydskwk1/dimension-triple-j-friday-mix-2026-04-03.html,Dimension,drum and base,True
https://www.1001tracklists.com/tracklist/1sgzbc09/dimension-let-it-roll-winter-czech-republic-2026-02-21.html,Dimension,drum and base,True
https://www.1001tracklists.com/tracklist/2klzc7zk/dimension-scream-halloween-edmonton-expo-centre-canada-2025-11-01.html,Dimension,drum and base,True
https://www.1001tracklists.com/tracklist/12308n21/dimension-vac-stage-vac-vision-colour-music-festival-china-2025-10-25.html,Dimension,drum and base,True
https://www.1001tracklists.com/tracklist/n43tclt/dimension-vac-vision-colour-music-festival-pre-party-jade-club-shenzhen-china-2025-10-24.html,Dimension,drum and base,True
https://www.1001tracklists.com/tracklist/15u1wqp1/dimension-silo-dallas-united-states-2025-09-27.html,Dimension,drum and base,True
https://www.1001tracklists.com/tracklist/2p9tzhht/nghtmre-dimension-the-stadium-north-coast-music-festival-united-states-2025-08-30.html,Dimension,drum and base,True
https://www.1001tracklists.com/tracklist/2jnu2mgt/dimension-metamorphosis-festival-united-states-2025-08-29.html,Dimension,drum and base,True
https://www.1001tracklists.com/tracklist/2c1wskt1/dimension-mainstage-dreambeach-festival-spain-2025-08-08.html,Dimension,drum and base,True
https://www.1001tracklists.com/tracklist/1kx3ny91/dimension-the-great-library-stage-tomorrowland-weekend-2-belgium-2025-07-26.html,Dimension,drum and base,True
https://www.1001tracklists.com/tracklist/2dxclw0k/dimension-paradise-open-air-slovakia-2025-07-25.html,Dimension,drum and base,True
https://www.1001tracklists.com/tracklist/qws3j89/dimension-s2o-songkran-music-festival-south-korea-2025-07-13.html,Dimension,drum and base,True
https://www.1001tracklists.com/tracklist/2r53m4r1/dimension-s2o-songkran-music-festival-taiwan-2025-07-12.html,Dimension,drum and base,True
https://www.1001tracklists.com/tracklist/122c0fgt/dimension-dome-stage-rampage-open-air-belgium-2025-07-06.html,Dimension,drum and base,True
https://www.1001tracklists.com/tracklist/16rcxjrt/dimension-ranch-arena-stage-electric-forest-festival-united-states-2025-06-19.html,Dimension,drum and base,True
https://www.1001tracklists.com/tracklist/cqtutgk/dimension-kineticfield-edc-las-vegas-united-states-2025-05-17.html,Dimension,drum and base,True
https://www.1001tracklists.com/tracklist/vkbpp0k/dimension-ubbis-stage-ubbi-dubbi-festival-united-states-2025-04-27.html,Dimension,drum and base,True
https://www.1001tracklists.com/tracklist/16qt8bdk/dimension-worldwide-stage-ultra-music-festival-miami-united-states-2025-03-30.html,Dimension,drum and base,True
https://www.1001tracklists.com/tracklist/1x2071gt/dimension-circuitgrounds-edc-china-2025-03-23.html,Dimension,drum and base,True
https://www.1001tracklists.com/tracklist/2cyhctk9/dimension-circuitgrounds-edc-thailand-2025-01-19.html,Dimension,drum and base,True
https://www.1001tracklists.com/tracklist/2uv8mkkt/dimension-roadtrip-to-1900-1900-le-theatre-hanoi-vietnam-2024-12-08.html,Dimension,drum and base,True
https://www.1001tracklists.com/tracklist/14ugwb99/dimension-tomorrowland-friendship-mix-2024-11-28.html,Dimension,drum and base,True
https://www.1001tracklists.com/tracklist/tnt4zk1/nghtmre-dimension-night-3-cyclops-dome-2-tacoma-dome-united-states-2024-11-17.html,Dimension,drum and base,True
https://www.1001tracklists.com/tracklist/jbn3t29/dimension-bbc-radio-1-dnb60-2024-10-27.html,Dimension,drum and base,True
https://www.1001tracklists.com/tracklist/1zubyjp1/dimension-budapest-park-hungary-2024-09-21.html,Dimension,drum and base,True
https://www.1001tracklists.com/tracklist/1scukmm9/dimension-the-aptos-experience-night-shift-peaches-seoul-south-korea-2024-09-05.html,Dimension,drum and base,True
https://www.1001tracklists.com/tracklist/k83b6yt/dimension-sel-octagon-tokyo-japan-2024-08-31.html,Dimension,drum and base,True
https://www.1001tracklists.com/tracklist/cp5gjuk/dimension-green-stage-hard-summer-festival-united-states-2024-08-03.html,Dimension,drum and base,True
https://www.1001tracklists.com/tracklist/cp3mc8t/dimension-mainstage-tomorrowland-weekend-2-belgium-2024-07-26.html,Dimension,drum and base,True
https://www.1001tracklists.com/tracklist/nyv79f1/dimension-mad-hatters-castle-beyond-wonderland-chicago-united-states-2024-06-01.html,Dimension,drum and base,True
https://www.1001tracklists.com/tracklist/z6m1ujk/dimension-basspod-edc-las-vegas-united-states-2024-05-19.html,Dimension,drum and base,True
https://www.1001tracklists.com/tracklist/1u6nf221/dimension-worship-north-america-mission-ballroom-denver-united-states-2024-03-29.html,Dimension,drum and base,True
https://www.1001tracklists.com/tracklist/1bcycjjk/dimension-1991-night-owl-radio-450-2024-03-29.html,Dimension,drum and base,True
https://www.1001tracklists.com/tracklist/gfv0741/dimension-worldwide-stage-ultra-music-festival-miami-united-states-2024-03-24.html,Dimension,drum and base,True
https://www.1001tracklists.com/tracklist/20r45ks9/dimension-worship-tour-city-national-civic-san-jose-united-states-2024-03-15.html,Dimension,drum and base,True
https://www.1001tracklists.com/tracklist/12wws381/slander-dimension-cosmic-coral-edsea-bahamas-2023-11-07.html,Dimension,drum and base,True
https://www.1001tracklists.com/tracklist/j9cf6gk/dimension-ovo-arena-wembley-united-kingdom-2023-10-21.html,Dimension,drum and base,True
https://www.1001tracklists.com/tracklist/1mp042sk/dimension-forest-stage-lost-lands-festival-united-states-2023-09-23.html,Dimension,drum and base,True
https://www.1001tracklists.com/tracklist/2cvjlj3k/danny-howard-dimension-radio-1s-dance-party-2023-08-04.html,Dimension,drum and base,True
https://www.1001tracklists.com/tracklist/29z8uu81/dimension-worldwide-stage-ultra-music-festival-miami-united-states-2023-03-26.html,Dimension,drum and base,True
https://www.1001tracklists.com/tracklist/12v0ntc9/dimension-circuitgrounds-edc-orlando-united-states-2022-11-11.html,Dimension,drum and base,True
https://www.1001tracklists.com/tracklist/wbjcpft/dimension-mothership-stage-let-it-roll-open-air-czech-republic-2022-08-05.html,Dimension,drum and base,True
https://www.1001tracklists.com/tracklist/1rb9q181/dimension-green-stage-hard-summer-festival-united-states-2022-07-30.html,Dimension,drum and base,True
https://www.1001tracklists.com/tracklist/1gx9jxdk/dimension-red-rocks-amphitheatre-united-states-2022-04-15.html,Dimension,drum and base,True
https://www.1001tracklists.com/tracklist/2n4hl1kt/dimension-circuitgrounds-edc-orlando-united-states-2021-11-13.html,Dimension,drum and base,True
https://www.1001tracklists.com/tracklist/g9wnkp9/dimension-brownies-and-lemonade-united-states-2021-11-10.html,Dimension,drum and base,True
https://www.1001tracklists.com/tracklist/2hhbd78t/dimension-basspod-edc-las-vegas-united-states-2021-10-24.html,Dimension,drum and base,True
https://www.1001tracklists.com/tracklist/11twl01t/hybrid-minds-dimension-kiss-nights-2021-04-12.html,Dimension,drum and base,True
https://www.1001tracklists.com/tracklist/2vkkk6p9/dimension-la-boum-de-luxe-2021-03-19.html,Dimension,drum and base,True
https://www.1001tracklists.com/tracklist/2p0u4sbk/alison-wonderland-dimension-radio-wonderland-201-2021-03-11.html,Dimension,drum and base,True
https://www.1001tracklists.com/tracklist/2n2wz6u9/rene-lavice-dimension-radio-1s-drum-bass-show-2021-02-23.html,Dimension,drum and base,True
https://www.1001tracklists.com/tracklist/2bsksl01/dimension-hidden-valley-festival-new-zealand-2020-12-27.html,Dimension,drum and base,True
https://www.1001tracklists.com/tracklist/tddfc1t/dimension-one-mix-2020-08-14.html,Dimension,drum and base,True
https://www.1001tracklists.com/tracklist/2jblvzwk/dimension-dj-mag-live-from-secret-location-2020-07-11.html,Dimension,drum and base,True
https://www.1001tracklists.com/tracklist/1wrsmvkk/dimension-bbc-radio-1-essential-mix-2019-10-26.html,Dimension,drum and base,True
https://www.1001tracklists.com/tracklist/1hpy0u99/dimension-rampage-sportpaleis-antwerp-belgium-2019-03-30.html,Dimension,drum and base,True
https://www.1001tracklists.com/tracklist/y6tq869/dimension-pukkelpop-festival-belgium-2018-08-17.html,Dimension,drum and base,True
https://www.1001tracklists.com/tracklist/f74lmp9/dimension-let-it-roll-open-air-czech-republic-2018-08-04.html,Dimension,drum and base,True
https://www.1001tracklists.com/tracklist/w52twr9/dimension-fabriclive-98-2018-05-25.html,Dimension,drum and base,True
https://www.1001tracklists.com/tracklist/228x0nyk/dimension-1991-culture-shock-friction-ukf-on-air-2018-04-20.html,Dimension,drum and base,True
https://www.1001tracklists.com/tracklist/251mk7k1/dimension-netsky-friends-stage-tomorrowland-weekend-2-belgium-2017-07-28.html,Dimension,drum and base,True
https://www.1001tracklists.com/tracklist/1mc5hkf1/dimension-annie-nightingale-show-2017-05-11.html,Dimension,drum and base,True
https://www.1001tracklists.com/tracklist/1tvmknvt/dimension-ukf-on-air-snowbombing-austria-2017-02-23.html,Dimension,drum and base,True
https://www.1001tracklists.com/tracklist/2m0qkfkt/danny-howard-dimension-annie-mac-friday-night-2016-12-02.html,Dimension,drum and base,True
https://www.1001tracklists.com/tracklist/2slurbu1/annie-mac-dimension-kurupt-fm-annie-mac-friday-night-2016-11-04.html,Dimension,drum and base,True
https://www.1001tracklists.com/tracklist/2lzn2nht/annie-mac-eats-everything-dimension-annie-mac-friday-night-2016-06-03.html,Dimension,drum and base,True
https://www.1001tracklists.com/tracklist/1gq0zv49/dimension-red-bull-mix-2015-07-27.html,Dimension,drum and base,True
https://www.1001tracklists.com/tracklist/3zcpn61/b.traits-madeon-dimension-friction-annie-mac-radio-show-2015-04-03.html,Dimension,drum and base,True
https://www.1001tracklists.com/tracklist/29ndv2k/dimension-bbc-radio-1-dj-target-guest-mix-2015-03-01.html,Dimension,drum and base,True
https://www.1001tracklists.com/tracklist/901y7t1/friction-kove-chase-status-bbc-radio-1-friction-dandb-show-mta-special-2014-12-23.html,Dimension,drum and base,True
https://www.1001tracklists.com/tracklist/1106qwsk/dimension-ukf-5th-birthday-2014-11-14.html,Dimension,drum and base,True
https://www.1001tracklists.com/tracklist/5kq34gk/annie-mac-tcts-dimension-fake-blood-annie-mac-radio-show-2014-10-31.html,Dimension,drum and base,True
https://www.1001tracklists.com/tracklist/2kx0dzt/dimension-fabriclive-promo-mix-2014-04-17.html,Dimension,drum and base,True
https://www.1001tracklists.com/tracklist/8mjdkc9/friction-dimension-bbc-radio-1-friction-dandb-show-2014-02-22.html,Dimension,drum and base,True
https://www.1001tracklists.com/tracklist/2kfxswu1/dimension-bbc-radio-1xtra-dandb-wslash-crissy-criss-2013-09-04.html,Dimension,drum and base,True
https://www.1001tracklists.com/tracklist/6ccjfck/friction-dimension-bbc-radio-1-friction-dandb-show-2013-02-03.html,Dimension,drum and base,True
https://www.1001tracklists.com/tracklist/1t6wqvt/crissy-criss-calyx-teebee-dimension-bbc-radio-1xtra-dandb-m1x-2012-10-31.html,Dimension,drum and base,True
https://www.1001tracklists.com/tracklist/5m9pqu1/dimension-ukf-music-podcast-23-2012-07-31.html,Dimension,drum and base,True
https://www.1001tracklists.com/tracklist/19kkujqt/chase-status-art-delivery-brno-exhibition-centre-czech-republic-2025-11-15.html,Chasestatus,drum and base,True
https://www.1001tracklists.com/tracklist/13yljzt1/chase-status-rc95-iii-points-music-festival-united-states-2025-10-17.html,Chasestatus,drum and base,True
https://www.1001tracklists.com/tracklist/pzhmshk/chase-status-project-70-under-the-bridge-denver-united-states-2025-10-04.html,Chasestatus,drum and base,True
https://www.1001tracklists.com/tracklist/16rwjhyk/chase-status-bill-graham-civic-auditorium-san-francisco-united-states-2025-10-03.html,Chasestatus,drum and base,True
https://www.1001tracklists.com/tracklist/1yyk5mv1/chase-status-unity-sphere-las-vegas-united-states-2025-08-29.html,Chasestatus,drum and base,True
https://www.1001tracklists.com/tracklist/17pd51zt/chase-status-mirage-stage-ilesoniq-festival-canada-2025-08-10.html,Chasestatus,drum and base,True
https://www.1001tracklists.com/tracklist/2b405c61/chase-status-perrys-lollapalooza-united-states-chicago-2025-08-02.html,Chasestatus,drum and base,True
https://www.1001tracklists.com/tracklist/9vkm6d9/chase-status-mainstage-audioriver-poland-2025-07-12.html,Chasestatus,drum and base,True
https://www.1001tracklists.com/tracklist/1f7wcnu9/chase-status-360-set-warehouse-215-phoenix-united-states-2025-06-21.html,Chasestatus,drum and base,True
https://www.1001tracklists.com/tracklist/23ly7zm9/chase-status-basspod-edc-las-vegas-united-states-2025-05-17.html,Chasestatus,drum and base,True
https://www.1001tracklists.com/tracklist/295s5sg1/dom-dolla-chase-status-kineticfield-edc-las-vegas-united-states-2025-05-16.html,Chasestatus,drum and base,True
https://www.1001tracklists.com/tracklist/2lhn37y1/chase-status-sahara-coachella-festival-weekend-2-united-states-2025-04-20.html,Chasestatus,drum and base,True
https://www.1001tracklists.com/tracklist/umg87z1/chase-status-sahara-coachella-festival-weekend-1-united-states-2025-04-13.html,Chasestatus,drum and base,True
https://www.1001tracklists.com/tracklist/ybkw0nt/chase-status-live-stage-ultra-music-festival-miami-united-states-2025-03-28.html,Chasestatus,drum and base,True
https://www.1001tracklists.com/tracklist/17pkj1pk/chase-status-butterfly-effect-zerotokyo-japan-2025-03-07.html,Chasestatus,drum and base,True
https://www.1001tracklists.com/tracklist/105zjvp9/chase-status-wasteland-edc-mexico-2025-02-23.html,Chasestatus,drum and base,True
https://www.1001tracklists.com/tracklist/19hfjdp1/chase-status-mainstage-ultra-music-festival-taiwan-2024-11-16.html,Chasestatus,drum and base,True
https://www.1001tracklists.com/tracklist/14ufcpnt/chase-status-milton-keynes-bowl-united-kingdom-2024-08-10.html,Chasestatus,drum and base,True
https://www.1001tracklists.com/tracklist/dlz9vwt/chase-status-mainstage-dreambeach-festival-spain-2024-08-04.html,Chasestatus,drum and base,True
https://www.1001tracklists.com/tracklist/1rfnxnst/chase-status-sherwood-court-electric-forest-festival-united-states-2024-06-23.html,Chasestatus,drum and base,True
https://www.1001tracklists.com/tracklist/1u70mk5t/chase-status-the-factory-in-deep-ellum-dallas-united-states-2024-06-15.html,Chasestatus,drum and base,True
https://www.1001tracklists.com/tracklist/2q526rnt/chase-status-where-in-the-woods-bonnaroo-music-festival-united-states-2024-06-13.html,Chasestatus,drum and base,True
https://www.1001tracklists.com/tracklist/1x0bvum9/chase-status-main-stage-boiler-room-woodbine-park-toronto-2024-06-01.html,Chasestatus,drum and base,True
https://www.1001tracklists.com/tracklist/2cx492dt/chase-status-mainstage-bbc-radio-1-big-weekend-luton-united-kingdom-2024-05-24.html,Chasestatus,drum and base,True
https://www.1001tracklists.com/tracklist/277xrgs1/chase-status-triple-j-friday-mix-2024-04-19.html,Chasestatus,drum and base,True
https://www.1001tracklists.com/tracklist/1hyw8fqt/chase-status-cervantes-masterpiece-ballroom-united-states-2024-04-11.html,Chasestatus,drum and base,True
https://www.1001tracklists.com/tracklist/1c9qsbbk/chase-status-worldwide-stage-ultra-music-festival-miami-united-states-2024-03-23.html,Chasestatus,drum and base,True
https://www.1001tracklists.com/tracklist/z5k829t/jeremiah-asiamah-chase-status-bbc-radio-1-soundsystem-party-2023-11-11.html,Chasestatus,drum and base,True
https://www.1001tracklists.com/tracklist/gfnt22k/chase-status-the-unit-selections-057-2023-11-02.html,Chasestatus,drum and base,True
https://www.1001tracklists.com/tracklist/2frh9ybt/chase-status-boiler-room-london-2023-09-16.html,Chasestatus,drum and base,True
https://www.1001tracklists.com/tracklist/2cvgum1k/chase-status-martha-annie-nightingale-show-2023-07-25.html,Chasestatus,drum and base,True
https://www.1001tracklists.com/tracklist/m1cz9k9/zeds-dead-chase-status-the-cyberian-stage-forbidden-kingdom-united-states-2023-06-10.html,Chasestatus,drum and base,True
https://www.1001tracklists.com/tracklist/k4uppnk/chase-status-bbc-radio-1-dance-awards-2022-12-09.html,Chasestatus,drum and base,True
https://www.1001tracklists.com/tracklist/1pnctkr9/chase-status-submersion-music-festival-united-states-2022-10-07.html,Chasestatus,drum and base,True
https://www.1001tracklists.com/tracklist/1v1bkrl9/chase-status-apple-music-mixes-what-came-before-ram-records-tribute-mix-2022-07-01.html,Chasestatus,drum and base,True
https://www.1001tracklists.com/tracklist/9pgjdv9/rene-lavice-chase-status-radio-1s-drum-bass-show-2022-06-14.html,Chasestatus,drum and base,True
https://www.1001tracklists.com/tracklist/1s7xk11k/chase-status-apple-music-mixes-what-came-before-back-ii-fwd-2022-05-13.html,Chasestatus,drum and base,True
https://www.1001tracklists.com/tracklist/mutpl4t/chase-status-the-great-gallery-rtrn-ii-jungle-set-tobacco-dock-london-virtual-united-kingdom-beatport-live-2021-04-03.html,Chasestatus,drum and base,True
https://www.1001tracklists.com/tracklist/2cq3ufpk/chase-status-rtrn-ii-fabric-launch-fabric-london-united-kingdom-2020-11-06.html,Chasestatus,drum and base,True
https://www.1001tracklists.com/tracklist/1b57pshk/chase-status-fabric-presents-rtrn-ii-fabric-2020-10-30.html,Chasestatus,drum and base,True
https://www.1001tracklists.com/tracklist/9k02k99/chase-status-circuitgrounds-edc-mexico-2020-02-28.html,Chasestatus,drum and base,True
https://www.1001tracklists.com/tracklist/2wdn9xvk/danny-howard-andrea-oliva-chase-status-annie-mac-friday-night-2019-05-31.html,Chasestatus,drum and base,True
https://www.1001tracklists.com/tracklist/g4q2c89/chase-status-mixmag-the-lab-london-united-kingdom-2018-12-07.html,Chasestatus,drum and base,True
https://www.1001tracklists.com/tracklist/10smmr5k/chase-status-radio-1s-essential-mix-london-eye-united-kingdom-2018-11-01-2018-11-03.html,Chasestatus,drum and base,True
https://www.1001tracklists.com/tracklist/1wqhwhk9/chase-status-rinse-fm-notting-hill-carnival-london-2018-08-27.html,Chasestatus,drum and base,True
https://www.1001tracklists.com/tracklist/2puwzmbk/chase-status-plaza-de-toros-monumental-de-barcelona-spain-2018-06-17.html,Chasestatus,drum and base,True
https://www.1001tracklists.com/tracklist/27vqr3f9/chase-status-mc-rage-rampage-belgium-2018-03-03.html,Chasestatus,drum and base,True
https://www.1001tracklists.com/tracklist/1hnl1pz1/annie-mac-camelphat-chase-status-gorgon-city-bbc-radio-1-the-2017-mixtape-2017-12-29.html,Chasestatus,drum and base,True
https://www.1001tracklists.com/tracklist/12mnxjlt/friction-goldie-chase-status-bbc-radio-1-friction-dandb-show-the-final-show-2017-10-31.html,Chasestatus,drum and base,True
https://www.1001tracklists.com/tracklist/2myj90j9/chase-status-v-festival-united-kingdom-2017-08-18.html,Chasestatus,drum and base,True
https://www.1001tracklists.com/tracklist/hf7sr09/friction-chase-status-enei-mc-rage-bbc-radio-1-friction-dandb-show-2017-08-15.html,Chasestatus,drum and base,True
https://www.1001tracklists.com/tracklist/t8v5m31/danny-howard-chase-status-bbc-radio-1-dance-anthems-2017-07-08.html,Chasestatus,drum and base,True
https://www.1001tracklists.com/tracklist/1cwuuqz9/chase-status-basspod-edc-las-vegas-united-states-2017-06-17.html,Chasestatus,drum and base,True
https://www.1001tracklists.com/tracklist/2m0c1uvk/chase-status-live-stage-ultra-music-festival-miami-miami-music-week-united-states-2017-03-25.html,Chasestatus,drum and base,True
https://www.1001tracklists.com/tracklist/2qrcgmnk/chase-status-one-mix-welcome-to-2017-01-01.html,Chasestatus,drum and base,True
https://www.1001tracklists.com/tracklist/1ldt2hb1/chase-status-cirez-d-radio-1s-essential-mix-creamfields-united-kingdom-2016-09-03.html,Chasestatus,drum and base,True
https://www.1001tracklists.com/tracklist/f4qpt51/pete-tong-chase-status-the-martinez-brothers-essential-selection-2016-09-02.html,Chasestatus,drum and base,True
https://www.1001tracklists.com/tracklist/1yj6uyut/chase-status-creamfields-steel-yard-london-united-kingdom-2016-08-26.html,Chasestatus,drum and base,True
https://www.1001tracklists.com/tracklist/1xl8qmz9/chase-status-t-in-the-park-united-kingdom-2016-07-08.html,Chasestatus,drum and base,True
https://www.1001tracklists.com/tracklist/1hm5s6m1/pete-tong-chase-status-tini-essential-selection-2016-06-17.html,Chasestatus,drum and base,True
https://www.1001tracklists.com/tracklist/t7wvsx9/chase-status-mainstage-ultra-music-festival-korea-south-korea-2016-06-10.html,Chasestatus,drum and base,True
https://www.1001tracklists.com/tracklist/2nv78hl9/chase-status-bbc-radio-1-big-weekend-united-kingdom-2016-05-28.html,Chasestatus,drum and base,True
https://www.1001tracklists.com/tracklist/7mgvju9/chase-status-tcts-gotsome-bobby-tank-diplo-friends-mta-records-takeover-2015-02-08.html,Chasestatus,drum and base,True
https://www.1001tracklists.com/tracklist/11vyxg9/friction-chase-status-bbc-radio-1-friction-dandb-show-2013-10-13.html,Chasestatus,drum and base,True
https://www.1001tracklists.com/tracklist/5201tn9/chase-status-bbc-radio-1xtra-mistajam-2013-09-28.html,Chasestatus,drum and base,True
https://www.1001tracklists.com/tracklist/7pgnbhk/chase-status-brand-new-machine-session-maida-vale-london-2013-09-24.html,Chasestatus,drum and base,True
https://www.1001tracklists.com/tracklist/2xg72bk/danny-howard-chase-status-bbc-radio-1-dance-anthems-2013-09-21.html,Chasestatus,drum and base,True
https://www.1001tracklists.com/tracklist/5ttz6qt/chase-status-reading-festival-united-kingdom-2013-08-24.html,Chasestatus,drum and base,True
https://www.1001tracklists.com/tracklist/2x8z591/annie-nightingale-wiley-katy-b-after-party-bbc-radio-1-big-weekend-united-kingdom-2013-06-01.html,Chasestatus,drum and base,True
https://www.1001tracklists.com/tracklist/7h9h6w9/chase-status-bbc-radio-1-big-weekend-united-kingdom-2013-05-24.html,Chasestatus,drum and base,True
https://www.1001tracklists.com/tracklist/5k1s1ht/chase-status-wobble-play-bootshaus-cologne-germany-2012-12-15.html,Chasestatus,drum and base,True
https://www.1001tracklists.com/tracklist/8ym8h01/chase-status-radio-1s-essential-mix-privilege-ibiza-spain-2012-08-11.html,Chasestatus,drum and base,True
https://www.1001tracklists.com/tracklist/57c61vt/friction-chase-status-bbc-radio-1-friction-dandb-show-2012-07-02.html,Chasestatus,drum and base,True
https://www.1001tracklists.com/tracklist/5q7sflt/chase-status-annie-nightingale-bbc-radio-1-2012-06-23.html,Chasestatus,drum and base,True
https://www.1001tracklists.com/tracklist/116vxut/annie-mac-chase-status-disclosure-annie-mac-radio-show-2012-06-08.html,Chasestatus,drum and base,True
https://www.1001tracklists.com/tracklist/2wtrhu1/chase-status-kineticfield-edc-new-york-united-states-2012-05-18.html,Chasestatus,drum and base,True
https://www.1001tracklists.com/tracklist/7cvqsg9/chase-status-itunes-festival-united-kingdom-2011-07-28.html,Chasestatus,drum and base,True
https://www.1001tracklists.com/tracklist/gc7b9sk/annie-mac-chase-status-skream-toddla-t-glastonbury-festival-united-kingdom-radio-1s-essential-mix-2010-06-26.html,Chasestatus,drum and base,True
https://www.1001tracklists.com/tracklist/pvjhsqk/chase-status-radio-1s-essential-mix-2008-08-09.html,Chasestatus,drum and base,True
https://www.1001tracklists.com/tracklist/2b4xndxk/deadmau5-pendulum-vac-vision-colour-music-festival-sanya-china-2026-01-01.html,Pendulum,drum and base,True
https://www.1001tracklists.com/tracklist/gk438b1/pendulum-alcatraz-milan-italy-2025-10-19.html,Pendulum,drum and base,True
https://www.1001tracklists.com/tracklist/2b4h8xtk/pendulum-forum-karlin-prague-czech-republic-2025-10-16.html,Pendulum,drum and base,True
https://www.1001tracklists.com/tracklist/1w55q8fk/pendulum-uprising-festival-slovakia-2025-08-29.html,Pendulum,drum and base,True
https://www.1001tracklists.com/tracklist/2hqyuxg9/pendulum-mainstage-lokerse-feesten-belgium-2025-08-03.html,Pendulum,drum and base,True
https://www.1001tracklists.com/tracklist/1v7c1hw1/pendulum-release-athens-festival-greece-2025-07-04.html,Pendulum,drum and base,True
https://www.1001tracklists.com/tracklist/1msxntxk/pendulum-dreamland-margate-united-kingdom-2025-05-31.html,Pendulum,drum and base,True
https://www.1001tracklists.com/tracklist/2t03jfbk/deadmau5-pendulum-worldwide-stage-ultra-music-festival-miami-united-states-2025-03-29.html,Pendulum,drum and base,True
https://www.1001tracklists.com/tracklist/1f7dq30k/pendulum-live-stage-ultra-music-festival-miami-united-states-2025-03-28.html,Pendulum,drum and base,True
https://www.1001tracklists.com/tracklist/1xylwcn1/pendulum-mainstage-reading-festival-united-kingdom-2024-08-25.html,Pendulum,drum and base,True
https://www.1001tracklists.com/tracklist/sqc1vy9/pendulum-dome-stage-rampage-open-air-belgium-2024-07-07.html,Pendulum,drum and base,True
https://www.1001tracklists.com/tracklist/2bzhpfk9/pendulum-north-stage-pinkpop-netherlands-2024-06-22.html,Pendulum,drum and base,True
https://www.1001tracklists.com/tracklist/15rbg7w1/pendulum-mandora-stage-rock-am-ring-germany-2024-06-08.html,Pendulum,drum and base,True
https://www.1001tracklists.com/tracklist/bptytn9/pendulum-sota-bbc-radio-1-dnb60-2023-10-29.html,Pendulum,drum and base,True
https://www.1001tracklists.com/tracklist/ujfb6c1/pendulum-apple-music-mixes-the-radio-department-present-the-global-residency-005-2023-10-20.html,Pendulum,drum and base,True
https://www.1001tracklists.com/tracklist/ujhnj8t/pendulum-hordern-pavilion-sydney-australia-2023-10-13.html,Pendulum,drum and base,True
https://www.1001tracklists.com/tracklist/1lqw2h8k/pendulum-apple-music-mixes-the-radio-department-present-the-global-residency-004-2023-08-04.html,Pendulum,drum and base,True
https://www.1001tracklists.com/tracklist/1qg6pv71/pendulum-galaxy-stage-liquicity-festival-netherlands-2023-07-22.html,Pendulum,drum and base,True
https://www.1001tracklists.com/tracklist/2tuhf0t9/pendulum-mainstage-electric-castle-festival-romania-2023-07-21.html,Pendulum,drum and base,True
https://www.1001tracklists.com/tracklist/29zcpfp9/pendulum-cyclops-rocks-iii-red-rocks-amphitheatre-united-states-2023-04-13.html,Pendulum,drum and base,True
https://www.1001tracklists.com/tracklist/2dsly1l1/pendulum-alexandra-palace-london-united-kingdom-2023-03-05.html,Pendulum,drum and base,True
https://www.1001tracklists.com/tracklist/2tt0bnq1/pendulum-bbc-radio-1-dance-stage-reading-festival-2022-08-27.html,Pendulum,drum and base,True
https://www.1001tracklists.com/tracklist/1wwztrut/pendulum-dance-hall-pukkelpop-festival-belgium-2022-08-19.html,Pendulum,drum and base,True
https://www.1001tracklists.com/tracklist/dgfk4f9/pendulum-live-stage-ultra-music-festival-miami-united-states-2022-03-25.html,Pendulum,drum and base,True
https://www.1001tracklists.com/tracklist/1gx5htkt/pendulum-rampage-sportpaleis-antwerp-belgium-2022-03-19.html,Pendulum,drum and base,True
https://www.1001tracklists.com/tracklist/1d2thnh1/pendulum-basspod-edc-las-vegas-united-states-2021-10-23.html,Pendulum,drum and base,True
https://www.1001tracklists.com/tracklist/256tgj0k/hybrid-minds-pendulum-kiss-nights-2021-06-21.html,Pendulum,drum and base,True
https://www.1001tracklists.com/tracklist/2l7s91n9/pendulum-triple-j-friday-mix-2021-05-07.html,Pendulum,drum and base,True
https://www.1001tracklists.com/tracklist/2p13b03t/rene-lavice-pendulum-radio-1s-drum-bass-show-2021-04-27.html,Pendulum,drum and base,True
https://www.1001tracklists.com/tracklist/23bkywy9/annie-nightingale-deorro-pendulum-annie-nightingale-show-2021-03-10.html,Pendulum,drum and base,True
https://www.1001tracklists.com/tracklist/rkn11d9/rene-lavice-pendulum-radio-1s-drum-bass-show-2021-02-02.html,Pendulum,drum and base,True
https://www.1001tracklists.com/tracklist/cg27put/pendulum-studio-brussel-2021-01-09.html,Pendulum,drum and base,True
https://www.1001tracklists.com/tracklist/1977yvgt/pendulum-spitbank-fort-united-kingdom-2020-10-02.html,Pendulum,drum and base,True
https://www.1001tracklists.com/tracklist/zw9u621/pendulum-pendulum-studios-rampage-united-kingdom-2020-03-14.html,Pendulum,drum and base,True
https://www.1001tracklists.com/tracklist/10tlzj8k/pendulum-mainstage-ultra-music-festival-japan-2019-09-14.html,Pendulum,drum and base,True
https://www.1001tracklists.com/tracklist/x2bry31/pendulum-south-west-four-united-kingdom-2019-08-25.html,Pendulum,drum and base,True
https://www.1001tracklists.com/tracklist/1wqqlztk/pendulum-circuitgrounds-edc-orlando-united-states-2018-11-09.html,Pendulum,drum and base,True
https://www.1001tracklists.com/tracklist/1wqhgfc1/pendulum-reading-festival-united-kingdom-2018-08-26.html,Pendulum,drum and base,True
https://www.1001tracklists.com/tracklist/2gdtny21/pendulum-the-loft-minneapolis-united-states-2018-08-18.html,Pendulum,drum and base,True
https://www.1001tracklists.com/tracklist/9h806c1/pendulum-beats-1-radio-one-mix-158-2018-07-28.html,Pendulum,drum and base,True
https://www.1001tracklists.com/tracklist/hzsfmyt/pendulum-triple-j-mix-up-2018-06-30.html,Pendulum,drum and base,True
https://www.1001tracklists.com/tracklist/19783mtt/pendulum-the-reworks-minimix-2018-06-28.html,Pendulum,drum and base,True
https://www.1001tracklists.com/tracklist/2wcg8cy9/pendulum-basspod-edc-las-vegas-united-states-2018-05-19.html,Pendulum,drum and base,True
https://www.1001tracklists.com/tracklist/ztl3hmk/pendulum-stage-brugal-dreambeach-festival-spain-2017-08-13.html,Pendulum,drum and base,True
https://www.1001tracklists.com/tracklist/1tvxus3t/pendulum-tripolee-stage-electric-forest-festival-united-states-2017-06-23.html,Pendulum,drum and base,True
https://www.1001tracklists.com/tracklist/16bknzgt/pendulum-live-stage-ultra-music-festival-singapore-2017-06-11.html,Pendulum,drum and base,True
https://www.1001tracklists.com/tracklist/1ykl3rbt/pendulum-wasteland-edc-mexico-2017-02-26.html,Pendulum,drum and base,True
https://www.1001tracklists.com/tracklist/16fyubl9/pendulum-circuitgrounds-edc-uk-2016-07-09.html,Pendulum,drum and base,True
https://www.1001tracklists.com/tracklist/1zfuug61/pendulum-basspod-edc-las-vegas-united-states-2016-06-19.html,Pendulum,drum and base,True
https://www.1001tracklists.com/tracklist/2w9h9gf1/knife-party-pendulum-mainstage-ultra-music-festival-miami-united-states-2016-03-20.html,Pendulum,drum and base,True
https://www.1001tracklists.com/tracklist/59f8761/pendulum-river-side-stage-untold-festival-romania-2015-08-02.html,Pendulum,drum and base,True
https://www.1001tracklists.com/tracklist/1r5hdv0k/pendulum-pendulum-jungle-sound-gold-cd-1-2015-07-16.html,Pendulum,drum and base,True
https://www.1001tracklists.com/tracklist/2py6sxf1/friction-pendulum-bbc-radio-1-friction-dandb-show-2012-04-23.html,Pendulum,drum and base,True
https://www.1001tracklists.com/tracklist/4sd1p4t/pendulum-bbc-radio-1-2012-04-23.html,Pendulum,drum and base,True
https://www.1001tracklists.com/tracklist/2kmz451/pendulum-amsterdam-dance-event-netherlands-2011-10-22.html,Pendulum,drum and base,True
https://www.1001tracklists.com/tracklist/rq33zs1/pendulum-triple-j-mix-up-2011-03-05.html,Pendulum,drum and base,True
https://www.1001tracklists.com/tracklist/1mn5c2y1/pendulum-ovo-arena-wembley-united-kingdom-2010-12-03.html,Pendulum,drum and base,True
https://www.1001tracklists.com/tracklist/1j20hrk/pendulum-bbc-radio-1-essential-mix-2010-07-17.html,Pendulum,drum and base,True
https://www.1001tracklists.com/tracklist/2vppbvj9/pendulum-impossible-music-festival-2010-07-03.html,Pendulum,drum and base,True
https://www.1001tracklists.com/tracklist/x5lym2k/annie-mac-pendulum-hadouken-example-bbc-radio-1-big-weekend-united-kingdom-2010-05-21.html,Pendulum,drum and base,True
https://www.1001tracklists.com/tracklist/1y0v2ld9/pendulum-chess-village-beyond-wonderland-nos-events-center-san-bernardino-united-states-2010-03-20.html,Pendulum,drum and base,True
https://www.1001tracklists.com/tracklist/16lxwu2k/pendulum-matter-london-united-kingdom-2010-01-22.html,Pendulum,drum and base,True
https://www.1001tracklists.com/tracklist/clpc0m9/pendulum-ibiza-spain-2009-07-31.html,Pendulum,drum and base,True
https://www.1001tracklists.com/tracklist/1hq3f8v1/pendulum-glastonbury-festival-united-kingdom-2009-06-27.html,Pendulum,drum and base,True
https://www.1001tracklists.com/tracklist/2bwzrk1/pendulum-pinkpop-netherlands-2009-05-31.html,Pendulum,drum and base,True
https://www.1001tracklists.com/tracklist/6531stt/pendulum-bbc-radio-1-2009-01-03.html,Pendulum,drum and base,True
https://www.1001tracklists.com/tracklist/w97uvd9/annie-nightingale-pendulum-annie-nightingale-show-2008-05-17.html,Pendulum,drum and base,True
https://www.1001tracklists.com/tracklist/2kfux95k/pendulum-one-in-the-jungle-2008-04-05.html,Pendulum,drum and base,True
https://www.1001tracklists.com/tracklist/682fj2k/pendulum-waxon-metropolis-leeds-2007-12-31.html,Pendulum,drum and base,True
https://www.1001tracklists.com/tracklist/15p470rt/pendulum-v12-russia-2007-09-23.html,Pendulum,drum and base,True
https://www.1001tracklists.com/tracklist/8kg00z9/pendulum-miami-winter-music-conference-united-states-2007-03-24.html,Pendulum,drum and base,True
https://www.1001tracklists.com/tracklist/22k03x8k/pendulum-vspishka-lenexpo-russia-2006-09-24.html,Pendulum,drum and base,True
https://www.1001tracklists.com/tracklist/264blnjk/pendulum-movement-bar-rumba-london-united-kingdom-2005-10-20.html,Pendulum,drum and base,True
https://www.1001tracklists.com/tracklist/5f83nv9/pendulum-radio-1s-essential-mix-2005-09-18.html,Pendulum,drum and base,True
https://www.1001tracklists.com/tracklist/17jrl3t9/pendulum-breezeblock-2005-08-09.html,Pendulum,drum and base,True
https://www.1001tracklists.com/tracklist/21gtlrm9/pendulum-renegade-hardware-paranoia-part-2-launch-party-the-end-london-united-kingdom-2004-12-03.html,Pendulum,drum and base,True
https://www.1001tracklists.com/tracklist/1kskzgb1/pendulum-fatal-messarosh-2004-10-22.html,Pendulum,drum and base,True
https://www.1001tracklists.com/tracklist/2cxhuqjt/pendulum-breezeblock-2004-10-19.html,Pendulum,drum and base,True
https://www.1001tracklists.com/tracklist/2b3g4k5t/pendulum-raiden-renegade-hardware-7-year-anniversary-2004-08-06.html,Pendulum,drum and base,True
https://www.1001tracklists.com/tracklist/13tjvpw9/pendulum-therapy-sessions-2003-10-15.html,Pendulum,drum and base,True
https://www.1001tracklists.com/tracklist/tfm7d5k/pendulum-surge-birmingham-united-states-2003-07-31.html,Pendulum,drum and base,True
https://www.1001tracklists.com/tracklist/mywdsgk/pendulum-vibeflow-2003-07-24.html,Pendulum,drum and base,True
https://www.1001tracklists.com/tracklist/253rl8l9/pendulum-the-end-london-united-kingdom-2003-06-06.html,Pendulum,drum and base,True
https://www.1001tracklists.com/tracklist/1c18q0mt/pendulum-promo-mix-january-2003-01-03.html,Pendulum,drum and base,True
https://www.1001tracklists.com/tracklist/hhn4p21/samm-ajna-be-maja-x-magnifik-sonnbuhel-kitzbuehel-austria-2026-02-07.html,Samm Be,afro house,True
https://www.1001tracklists.com/tracklist/2d0fubp9/samm-club-space-miami-united-states-2025-12-03.html,Samm Be,afro house,True
https://www.1001tracklists.com/tracklist/1mthmkjt/samm-ajna-be-magnifik-village-underground-london-united-kingdom-2025-11-28.html,Samm Be,afro house,True
https://www.1001tracklists.com/tracklist/kbrzj79/samm-ajna-be-kit-marble-hall-magnifik-amsterdam-dance-event-netherlands-2025-10-23.html,Samm Be,afro house,True
https://www.1001tracklists.com/tracklist/1dbt3n7k/samm-keinemusik-radio-show-2025-10-17.html,Samm Be,afro house,True
https://www.1001tracklists.com/tracklist/btvt719/samm-crystal-garden-tomorrowland-brasil-2025-10-10.html,Samm Be,afro house,True
https://www.1001tracklists.com/tracklist/2t18fp49/samm-the-gathering-tomorrowland-brasil-2025-10-09.html,Samm Be,afro house,True
https://www.1001tracklists.com/tracklist/24k6vpx1/samm-core-stage-tomorrowland-weekend-2-belgium-2025-07-25.html,Samm Be,afro house,True
https://www.1001tracklists.com/tracklist/yc79m41/samm-ajna-be-crystal-garden-stage-tomorrowland-weekend-1-belgium-2025-07-20.html,Samm Be,afro house,True
https://www.1001tracklists.com/tracklist/2b370gc9/samm-reflection-of-love-stage-tomorrowland-winter-france-2025-03-18.html,Samm Be,afro house,True
https://www.1001tracklists.com/tracklist/14v24ws9/samm-tomorrowland-pres.-core-medellin-colombia-2025-02-14.html,Samm Be,afro house,True
https://www.1001tracklists.com/tracklist/1jy63cgk/samm-one-world-radio-the-20-of-2025-2025-01-15.html,Samm Be,afro house,True
https://www.1001tracklists.com/tracklist/cpz7m5k/samm-core-stage-tomorrowland-brasil-2024-10-13.html,Samm Be,afro house,True
https://www.1001tracklists.com/tracklist/y9jz2b1/pete-tong-samm-ajna-be-global-dance-hq-2024-10-04.html,Samm Be,afro house,True
https://www.1001tracklists.com/tracklist/14w7lru1/samm-ajna-be-the-yard-voodoo-village-belgium-2024-09-07.html,Samm Be,afro house,True
https://www.1001tracklists.com/tracklist/16pf2cb9/steve-angello-an21-samm-ajna-be-size-sound-system-022-2024-07-31.html,Samm Be,afro house,True
https://www.1001tracklists.com/tracklist/2ftkljrk/samm-freedom-stage-tomorrowland-weekend-2-belgium-2024-07-27.html,Samm Be,afro house,True
https://www.1001tracklists.com/tracklist/gghljkt/samm-ajna-be-crystal-garden-stage-tomorrowland-weekend-1-belgium-2024-07-19.html,Samm Be,afro house,True
https://www.1001tracklists.com/tracklist/20pq5wzk/fahlberg-samm-pegassi-sona-the-future-four-028-one-world-radio-2023-06-27.html,Samm Be,afro house,True
https://www.1001tracklists.com/tracklist/18mvy90t/hedex-radio-1s-essential-mix-2025-12-06.html,Hedex,drum and base,True
https://www.1001tracklists.com/tracklist/24kj36y1/hedex-forest-stage-lost-lands-festival-united-states-2025-09-20.html,Hedex,drum and base,True
https://www.1001tracklists.com/tracklist/1zw0qvg1/hedex-bou-dome-stage-rampage-open-air-belgium-2025-07-05.html,Hedex,drum and base,True
https://www.1001tracklists.com/tracklist/pyyr0st/hedex-womb-tokyo-japan-2025-06-29.html,Hedex,drum and base,True
https://www.1001tracklists.com/tracklist/25gt5mdk/hedex-world-stage-world-dj-festival-japan-2025-06-29.html,Hedex,drum and base,True
https://www.1001tracklists.com/tracklist/2mflt68t/hedex-cosmicmeadow-edc-las-vegas-united-states-2025-05-17.html,Hedex,drum and base,True
https://www.1001tracklists.com/tracklist/1v6snf99/hedex-eksman-touch-bass-sydney-australia-2025-04-20.html,Hedex,drum and base,True
https://www.1001tracklists.com/tracklist/m4xxp49/hedex-worldwide-stage-ultra-music-festival-miami-united-states-2025-03-29.html,Hedex,drum and base,True
https://www.1001tracklists.com/tracklist/1rh5rn5k/hedex-mainstage-rampage-weekend-belgium-2025-02-22.html,Hedex,drum and base,True
https://www.1001tracklists.com/tracklist/2b2ghvx1/hedex-circuitgrounds-edc-orlando-united-states-2024-11-08.html,Hedex,drum and base,True
https://www.1001tracklists.com/tracklist/2r3gqtg9/hedex-mixmag-x-burn-energy-tour-arzenal-budapest-hungary-2024-09-13.html,Hedex,drum and base,True
https://www.1001tracklists.com/tracklist/2gqy02w1/hedex-green-stage-hard-summer-festival-united-states-2024-08-04.html,Hedex,drum and base,True
https://www.1001tracklists.com/tracklist/1ztpg4bt/hedex-basspod-edc-las-vegas-united-states-2024-05-18.html,Hedex,drum and base,True
https://www.1001tracklists.com/tracklist/2p6u2r9k/hedex-worldwide-stage-ultra-music-festival-miami-united-states-2024-03-23.html,Hedex,drum and base,True
https://www.1001tracklists.com/tracklist/18j61w79/jeremiah-asiamah-hedex-bbc-radio-1-soundsystem-party-2024-03-02.html,Hedex,drum and base,True
https://www.1001tracklists.com/tracklist/1wz2ynhk/hedex-summoning-of-the-eclipse-festival-united-states-2023-10-14.html,Hedex,drum and base,True
https://www.1001tracklists.com/tracklist/2cvnfbst/hedex-dome-stage-rampage-open-air-belgium-2023-07-02.html,Hedex,drum and base,True
https://www.1001tracklists.com/tracklist/110st6n1/hedex-mc-skywalker-touch-bass-australia-2023-04-09.html,Hedex,drum and base,True
https://www.1001tracklists.com/tracklist/1rc8prn1/hedex-my-home-is-the-rave-rampage-total-takeover-sportpaleis-antwerp-belgium-2023-03-11.html,Hedex,drum and base,True
https://www.1001tracklists.com/tracklist/22jm4s3k/hedex-dnb-allstars-360-united-kingdom-2023-01-24.html,Hedex,drum and base,True
https://www.1001tracklists.com/tracklist/13squtk9/hedex-my-home-is-the-rave-uk-and-eu-tour-the-steel-yard-london-united-kingdom-2022-10-22.html,Hedex,drum and base,True
https://www.1001tracklists.com/tracklist/120nncu9/hedex-univerz-festival-belgium-2017-05-23.html,Hedex,drum and base,True
https://www.1001tracklists.com/tracklist/2cxrz9dk/hedex-invaderz-vs.-skankerz-belgium-2016-06-25.html,Hedex,drum and base,True
https://www.1001tracklists.com/tracklist/2m954u4k/hedex-invaderz-stage-univerz-festival-belgium-2015-05-16.html,Hedex,drum and base,True
